name :	line2d
data :	[-15.0 148.3671934226001; -14.423076923076923 -126.04457901105127; -13.846153846153847 -114.36599369842594; -13.26923076923077 -111.61314811510519; -12.692307692307692 -100.48553492342414; -12.115384615384615 86.36894824724389; -11.538461538461538 -94.25799729218281; -10.961538461538462 -82.81574875717374; -10.384615384615385 -86.0446777564082; -9.807692307692308 273.54200676058235; -9.23076923076923 -76.1082836307012; -8.653846153846153 -332.6912322502573; -8.076923076923077 -59.11228182205767; -7.5 -56.70056212108472; -6.923076923076923 -42.654000718176505; -6.346153846153846 -43.39198886082764; -5.769230769230769 -28.840176716064814; -5.1923076923076925 -23.625916854013546; -4.615384615384615 -28.288710932028813; -4.038461538461538 -11.15347936970494; -3.4615384615384617 -4.954333965509374; -2.8846153846153846 -1.5450765083090872; -2.3076923076923075 -348.01493630593563; -1.7307692307692308 83.0915868406981; -1.1538461538461537 14.510782885328481; -0.5769230769230769 -51.2352321366024; 0.0 28.76788624677802; 0.5769230769230769 31.762340032112235; 1.1538461538461537 29.906081048790252; 1.7307692307692308 38.43312706864035; 2.3076923076923075 45.49458225351337; 2.8846153846153846 56.75251134623019; 3.4615384615384617 63.05260681361392; 4.038461538461538 59.43225456777594; 4.615384615384615 75.42477358024425; 5.1923076923076925 81.9881756126643; 5.769230769230769 79.37208580743297; 6.346153846153846 90.85078632322632; 6.923076923076923 98.42750307299991; 7.5 101.93667320542966; 8.076923076923077 104.32821153381856; 8.653846153846153 180.56857141007617; 9.23076923076923 18.48051898249696; 9.807692307692308 102.96401390642124; 10.384615384615385 133.81248556191935; 10.961538461538462 132.47969041822728; 11.538461538461538 139.13826344395918; 12.115384615384615 138.3990953539429; 12.692307692307692 147.24717766235088; 13.26923076923077 158.11230266573892; 13.846153846153847 157.77464481999354; 14.423076923076923 164.13775121444598; 15.0 176.47332377828502]
npts :	53
nout :	11
model :	(x,t) -> t[1]*x + t[2]
dim :	2
cluster :	false
noise :	true
solution :	[10.0, 9.5]
description :	type2: line model
