name :	line2d
data :	[-15.0 -329.94127061679404; -14.210526315789474 -792.3814690570084; -13.421052631578947 -285.175429721333; -12.631578947368421 -267.3649217317926; -11.842105263157896 -251.6204135198098; -11.052631578947368 -246.0857683355257; -10.263157894736842 -227.18027147199254; -9.473684210526315 -203.61970369542794; -8.68421052631579 -503.9893726535961; -7.894736842105263 -176.4972883720763; -7.105263157894737 -237.8490796761676; -6.315789473684211 -141.9831911902889; -5.526315789473684 -411.19845689470594; -4.7368421052631575 -110.67523431059188; -3.9473684210526314 -99.44037676504989; -3.1578947368421053 -75.68438647112313; -2.3684210526315788 -227.28197439545127; -1.5789473684210527 -45.911401015602564; -0.7894736842105263 -32.12005682412327; 0.0 -9.598000789697238; 0.7894736842105263 12.938158236589494; 1.5789473684210527 23.647316221479848; 2.3684210526315788 -461.9803745250547; 3.1578947368421053 55.82913582484916; 3.9473684210526314 76.5969514553895; 4.7368421052631575 337.17581678249576; 5.526315789473684 112.4076676852288; 6.315789473684211 107.93834869698749; 7.105263157894737 133.51292154501598; 7.894736842105263 150.2940108210394; 8.68421052631579 178.3900514778533; 9.473684210526315 182.0369643094406; 10.263157894736842 202.50984690567245; 11.052631578947368 219.92313509252983; 11.842105263157896 233.31989061279637; 12.631578947368421 256.36565818968097; 13.421052631578947 270.5457624862598; 14.210526315789474 289.0060559128098; 15.0 306.9921279881757]
npts :	39
nout :	8
model :	(x,t) -> t[1]*x + t[2]
dim :	2
cluster :	false
noise :	true
solution :	[20.9, -24.0]
description :	type2: line model
