name :	line2d
data :	[-15.0 -416.4850246072762; -13.75 -415.40439694261084; -12.5 -353.3580264550122; -11.25 -235.82545139228245; -10.0 -286.77589106532304; -8.75 -221.2742693640967; -7.5 -209.8974163706648; -6.25 -176.9692071709536; -5.0 -141.51854594013517; -3.75 -117.70481381640565; -2.5 -31.652788547746432; -1.25 -39.07027400511343; 0.0 -2.883257239944373; 1.25 19.643315546581587; 2.5 54.90697492185494; 3.75 94.49297348189795; 5.0 132.40801607235278; 6.25 162.10177818739646; 7.5 144.3335750545918; 8.75 230.28215585854423; 10.0 270.5555939713049; 11.25 297.433106222493; 12.5 327.30350794233965; 13.75 365.04446381168856; 15.0 402.4400502552724]
npts :	25
nout :	5
model :	(x,t) -> t[1]*x + t[2]
dim :	2
cluster :	false
noise :	true
solution :	[27.5, 4.3]
description :	type2: line model
