name :	line2d
data :	[-15.0 12.340710299913212; -13.96551724137931 20.325642564939976; -12.931034482758621 22.346812558467562; -11.89655172413793 25.17404314595398; -10.862068965517242 -115.99633445240639; -9.827586206896552 13.947298963491457; -8.793103448275861 -238.09995282451482; -7.758620689655173 14.53769892644639; -6.724137931034483 14.70589546681199; -5.689655172413793 15.846877431459333; -4.655172413793103 18.167648995885244; -3.6206896551724137 15.48844188357416; -2.586206896551724 21.798625879706037; -1.5517241379310345 -267.89055288590947; -0.5172413793103449 25.354488983603822; 0.5172413793103449 -218.3076643953433; 1.5517241379310345 22.356762243909486; 2.586206896551724 108.68041568940656; 3.6206896551724137 19.887222522883064; 4.655172413793103 16.701711519622; 5.689655172413793 15.097226064795827; 6.724137931034483 -69.69732487206991; 7.758620689655173 18.295102824068692; 8.793103448275861 24.51386316995002; 9.827586206896552 22.09604284597512; 10.862068965517242 24.40895722825163; 11.89655172413793 21.809205047398805; 12.931034482758621 22.56062793039662; 13.96551724137931 11.857341182751563; 15.0 18.667159543471485]
npts :	30
nout :	6
model :	(x,t) -> t[1]*x + t[2]
dim :	2
cluster :	false
noise :	true
solution :	[0.0, 4.6]
description :	type2: line model
