name :	line2d
data :	[-15.0 -8.70317176748684; -13.421052631578947 -4.4608273504084615; -11.842105263157896 -4.814201611368457; -10.263157894736842 -7.233763375482042; -8.68421052631579 2.005810222492732; -7.105263157894737 244.8490082090082; -5.526315789473684 167.00835203726785; -3.9473684210526314 5.410722101689027; -2.3684210526315788 147.15921547042677; -0.7894736842105263 19.71479573482757; 0.7894736842105263 18.030750677529333; 2.3684210526315788 15.262789608851831; 3.9473684210526314 -5.010770442012552; 5.526315789473684 23.444988023863303; 7.105263157894737 34.009456472219746; 8.68421052631579 39.68966221228358; 10.263157894736842 40.11226912454727; 11.842105263157896 35.911210546019554; 13.421052631578947 50.027141378496026; 15.0 46.673083226916916]
npts :	20
nout :	4
model :	(x,t) -> t[1]*x + t[2]
dim :	2
cluster :	false
noise :	true
solution :	[2.0, 2.4]
description :	type2: line model
