name :	line2d
data :	[-15.0 144.57287318244929; -13.5 125.29575776108226; -12.0 121.8650004291235; -10.5 104.84133873521091; -9.0 93.51348510851105; -7.5 87.2752287268206; -6.0 26.617428829305673; -4.5 62.02240372988517; -3.0 43.18036667534011; -1.5 -151.8270638699475; 0.0 19.138564967471368; 1.5 9.990396094654535; 3.0 -0.8944266119829276; 4.5 -14.04023785446826; 6.0 -24.498089429786027; 7.5 -34.144275826557006; 9.0 -136.75490806019684; 10.5 -62.55910311774383; 12.0 -70.67495085527752; 13.5 -185.01856505097965; 15.0 -93.56710579022517]
npts :	21
nout :	4
model :	(x,t) -> t[1]*x + t[2]
dim :	2
cluster :	false
noise :	true
solution :	[-7.9, 7.4]
description :	type2: line model
