name :	line2d
data :	[-15.0 113.96156211480293; -14.361702127659575 114.39663489160817; -13.72340425531915 110.911223282769; -13.085106382978724 -167.63660218702768; -12.446808510638299 95.44530328037558; -11.808510638297872 91.90074053938048; -11.170212765957446 78.82501907964337; -10.53191489361702 73.59373559719646; -9.893617021276595 70.15033221620149; -9.25531914893617 323.59031961498687; -8.617021276595745 48.67804917446674; -7.9787234042553195 51.46427946992065; -7.340425531914893 42.535555096580794; -6.702127659574468 35.009534716866824; -6.0638297872340425 34.144514832054256; -5.425531914893617 18.454363793984943; -4.787234042553192 20.157615161364568; -4.148936170212766 18.28306872465356; -3.5106382978723403 -92.08099451599753; -2.872340425531915 -3.383282188783266; -2.234042553191489 -4.042010901503168; -1.5957446808510638 -10.260712571592276; -0.9574468085106383 -15.627829229214605; -0.3191489361702128 -17.925489506145297; 0.3191489361702128 78.5368462519533; 0.9574468085106383 -43.61938892562023; 1.5957446808510638 258.2575963972387; 2.234042553191489 -24.41273921731152; 2.872340425531915 -54.211245857296035; 3.5106382978723403 -68.45733546884996; 4.148936170212766 -71.50971975786258; 4.787234042553192 187.22345746106203; 5.425531914893617 -86.75376894736861; 6.0638297872340425 -141.20702892274772; 6.702127659574468 -87.78419155605796; 7.340425531914893 -100.01814182321068; 7.9787234042553195 -100.5202672826591; 8.617021276595745 -111.81791691399846; 9.25531914893617 -113.6451976854182; 9.893617021276595 -121.45861507011249; 10.53191489361702 -125.28244848706609; 11.170212765957446 -140.81014812322405; 11.808510638297872 -101.74323554512732; 12.446808510638299 -142.19170738728684; 13.085106382978724 -286.89349086736627; 13.72340425531915 -161.6594233438399; 14.361702127659575 -164.72973396900858; 15.0 -176.70602266429012]
npts :	48
nout :	10
model :	(x,t) -> t[1]*x + t[2]
dim :	2
cluster :	false
noise :	true
solution :	[-9.7, -14.0]
description :	type2: line model
