name :	line2d
data :	[-15.0 -377.1667843866788; -14.491525423728813 -614.5909694026604; -13.983050847457626 -349.88353191723877; -13.474576271186441 -335.1643497345639; -12.966101694915254 -322.0234879596368; -12.457627118644067 -307.263340000276; -11.94915254237288 -288.29914333812525; -11.440677966101696 -281.59074775316685; -10.932203389830509 -260.7056179112008; -10.423728813559322 -248.55083274023355; -9.915254237288135 -239.91945579080243; -9.40677966101695 -230.41986531711566; -8.898305084745763 -212.6632285474687; -8.389830508474576 -398.31806593282033; -7.88135593220339 -175.53533856007525; -7.372881355932203 -579.3185516492254; -6.864406779661017 -233.05805997906043; -6.3559322033898304 -135.5356676717351; -5.8474576271186445 -127.23858108666188; -5.338983050847458 -113.80948132348217; -4.830508474576271 -92.12030897243659; -4.322033898305085 -90.62970983352989; -3.8135593220338984 -65.36760316637917; -3.305084745762712 -56.453967465759945; -2.7966101694915255 -43.56078791953358; -2.288135593220339 -143.1128041884825; -1.7796610169491525 -14.015251008717533; -1.271186440677966 -364.7578499834949; -0.7627118644067796 9.639966115967322; -0.2542372881355932 21.70229675416857; 0.2542372881355932 36.462282823745156; 0.7627118644067796 303.43159775617124; 1.271186440677966 -271.5785854010994; 1.7796610169491525 83.69061405151672; 2.288135593220339 43.38874447789128; 2.7966101694915255 117.34810389533547; 3.305084745762712 119.61356725556561; 3.8135593220338984 141.23591000829123; 4.322033898305085 152.52738685132854; 4.830508474576271 171.6391694604183; 5.338983050847458 50.457764138089516; 5.8474576271186445 196.81794760695692; 6.3559322033898304 212.79473877218118; 6.864406779661017 220.15545920638218; 7.372881355932203 231.29099826167487; 7.88135593220339 256.65715638200703; 8.389830508474576 261.495943212581; 8.898305084745763 277.33568436955784; 9.40677966101695 289.3694482941741; 9.915254237288135 1.6851724117549907; 10.423728813559322 320.71141239244474; 10.932203389830509 339.6621782666692; 11.440677966101696 341.1723385054974; 11.94915254237288 354.7520879458023; 12.457627118644067 369.80354114356777; 12.966101694915254 395.14521115358946; 13.474576271186441 463.71735830357727; 13.983050847457626 415.3966086524976; 14.491525423728813 429.18340008216484; 15.0 442.6001671128128]
npts :	60
nout :	12
model :	(x,t) -> t[1]*x + t[2]
dim :	2
cluster :	false
noise :	true
solution :	[27.4, 20.0]
description :	type2: line model
