name :	line2d
data :	[-15.0 -562.1737628344516; -14.387755102040817 -255.98841487789673; -13.775510204081632 -645.8310561698793; -13.16326530612245 -242.95725178073423; -12.551020408163266 -223.92530488311192; -11.938775510204081 -211.84985687804664; -11.326530612244898 -209.08040843802354; -10.714285714285714 -195.850729691664; -10.10204081632653 -539.6078690688541; -9.489795918367347 -177.6993236155759; -8.877551020408163 -160.44879412272712; -8.26530612244898 -174.69621801475486; -7.653061224489796 -105.62829526259884; -7.040816326530612 -128.34896214674515; -6.428571428571429 -114.6772891792198; -5.816326530612245 -202.58220408585646; -5.204081632653061 -93.04435274155698; -4.591836734693878 -89.7570071304618; -3.979591836734694 -78.46985571997006; -3.36734693877551 -63.93751245504246; -2.7551020408163267 -60.45811903149679; -2.142857142857143 -41.24288342211591; -1.530612244897959 -28.894750717136944; -0.9183673469387755 -378.5233467211341; -0.30612244897959184 -9.463528518294261; 0.30612244897959184 -5.239843271141069; 0.9183673469387755 2.0017313163217842; 1.530612244897959 20.942214784231926; 2.142857142857143 21.279675932396472; 2.7551020408163267 38.46204929582805; 3.36734693877551 44.64592190812397; 3.979591836734694 58.32322094994529; 4.591836734693878 68.51462114811002; 5.204081632653061 265.429288729158; 5.816326530612245 94.1138396030942; 6.428571428571429 96.85895009093926; 7.040816326530612 111.60725915583131; 7.653061224489796 121.3795993802254; 8.26530612244898 136.412386040181; 8.877551020408163 148.80618849174974; 9.489795918367347 158.28069707405052; 10.10204081632653 163.54115971846642; 10.714285714285714 177.79359547595683; 11.326530612244898 213.4191675061707; 11.938775510204081 33.744130324809305; 12.551020408163266 203.75505000491432; 13.16326530612245 224.43823079914512; 13.775510204081632 228.48514098207693; 14.387755102040817 234.73534674131898; 15.0 252.97282175170204]
npts :	50
nout :	10
model :	(x,t) -> t[1]*x + t[2]
dim :	2
cluster :	false
noise :	true
solution :	[17.3, 4.7]
description :	type2: line model
