name :	line2d
data :	[-15.0 -226.58236784904508; -14.30232558139535 -214.24006780849822; -13.604651162790697 -203.30585948761384; -12.906976744186046 -195.394781472065; -12.209302325581396 -185.98637663656456; -11.511627906976743 -166.85900740197738; -10.813953488372093 -162.98926673783217; -10.116279069767442 -151.8264146786552; -9.418604651162791 -131.98401705823784; -8.720930232558139 -129.8560176324058; -8.023255813953488 -119.94170236464093; -7.325581395348837 -96.09285615071717; -6.627906976744186 -91.83809057202848; -5.930232558139535 -77.62166861225158; -5.232558139534884 -129.22086542411049; -4.534883720930233 -277.3246365982793; -3.8372093023255816 -43.07016114003175; -3.13953488372093 -191.0043518307395; -2.441860465116279 -24.9984940050035; -1.744186046511628 -18.730607328559433; -1.0465116279069768 1.2841796722120407; -0.3488372093023256 14.669659889725615; 0.3488372093023256 23.496351327344946; 1.0465116279069768 27.172629896078718; 1.744186046511628 34.58202517158169; 2.441860465116279 59.33863880212729; 3.13953488372093 68.29956257223549; 3.8372093023255816 67.42971388356446; 4.534883720930233 83.00028932892049; 5.232558139534884 95.18641074547901; 5.930232558139535 263.09148711518424; 6.627906976744186 118.17812479744482; 7.325581395348837 -390.5645876561618; 8.023255813953488 395.1501976494969; 8.720930232558139 151.8765654189939; 9.418604651162791 169.06238869301453; 10.116279069767442 173.85870846365265; 10.813953488372093 188.26352149449747; 11.511627906976743 196.6701624228104; 12.209302325581396 206.43840989335865; 12.906976744186046 128.54655476548425; 13.604651162790697 224.6904608851877; 14.30232558139535 334.17416846576964; 15.0 276.10955179251084]
npts :	44
nout :	9
model :	(x,t) -> t[1]*x + t[2]
dim :	2
cluster :	false
noise :	true
solution :	[15.8, -0.2]
description :	type2: line model
