name :	line2d
data :	[-15.0 -127.06532407945025; -12.857142857142858 -107.61795319270286; -10.714285714285714 -82.87519952166647; -8.571428571428571 -358.5626784012835; -6.428571428571429 -42.89966135723347; -4.285714285714286 -21.543204575456475; -2.142857142857143 -5.556772650274981; 0.0 18.271470744503183; 2.142857142857143 38.44815812353696; 4.285714285714286 63.543911482121885; 6.428571428571429 87.09419419110621; 8.571428571428571 -197.57288764591044; 10.714285714285714 477.8780696557409; 12.857142857142858 160.24736148144532; 15.0 168.89964044025163]
npts :	15
nout :	3
model :	(x,t) -> t[1]*x + t[2]
dim :	2
cluster :	false
noise :	true
solution :	[10.2, 8.2]
description :	type2: line model
