name :	line2d
data :	[-15.0 23.433564136786813; -14.090909090909092 24.00060322343752; -13.181818181818182 31.78747294431289; -12.272727272727273 -91.80965698776448; -11.363636363636363 34.09951382299052; -10.454545454545455 32.415070857289905; -9.545454545454545 25.901756567868258; -8.636363636363637 24.613410568964486; -7.7272727272727275 30.65400695009368; -6.818181818181818 34.25235131802607; -5.909090909090909 27.45536551754874; -5.0 37.38221809396988; -4.090909090909091 34.3498568810842; -3.1818181818181817 37.02124524575247; -2.272727272727273 27.089356881850392; -1.3636363636363635 -32.807731755350616; -0.45454545454545453 488.8780124325448; 0.45454545454545453 32.699767018833114; 1.3636363636363635 -91.3507807721607; 2.272727272727273 -406.92652460624686; 3.1818181818181817 39.97514338791598; 4.090909090909091 36.24043739081066; 5.0 39.171545861959274; 5.909090909090909 100.58624065610258; 6.818181818181818 34.60087427960595; 7.7272727272727275 39.94151357956929; 8.636363636363637 43.64128992266701; 9.545454545454545 457.78307826504465; 10.454545454545455 45.94878581667288; 11.363636363636363 48.160003917312565; 12.272727272727273 40.97657836980017; 13.181818181818182 46.990096835246604; 14.090909090909092 37.706902966732855; 15.0 48.643086535439345]
npts :	34
nout :	7
model :	(x,t) -> t[1]*x + t[2]
dim :	2
cluster :	false
noise :	true
solution :	[0.6, 20.6]
description :	type2: line model
