name :	line2d
data :	[-15.0 -172.37935434055095; -14.625 -93.13856041209698; -14.25 -83.35781668742138; -13.875 11.486045549882647; -13.5 388.555607494952; -13.125 -88.2743890057355; -12.75 -86.9190482325771; -12.375 -83.55819542472157; -12.0 -72.17278265876789; -11.625 -71.0743747936848; -11.25 -70.8557138318848; -10.875 -71.06890769144957; -10.5 -71.2622617014315; -10.125 184.28487629632076; -9.75 57.90162275542634; -9.375 -63.71651175104702; -9.0 -54.146262156587696; -8.625 -53.054870923830116; -8.25 -203.31380926327756; -7.875 -59.32993648526923; -7.5 -58.42329726090711; -7.125 -47.756800608530824; -6.75 -43.948911056077094; -6.375 62.820079892675864; -6.0 -49.96772437868201; -5.625 -43.44388148293582; -5.25 -41.51790491842086; -4.875 -45.35633761453232; -4.5 -41.9071603121552; -4.125 -327.1468254027132; -3.75 -199.13727023095834; -3.375 -29.09855083634198; -3.0 -24.52069268328595; -2.625 -30.268314221588696; -2.25 -20.422150788103114; -1.875 -21.25883263617045; -1.5 -13.779655452782688; -1.125 -20.38562307974378; -0.75 340.2727913503774; -0.375 -9.41840472444206; 0.0 -103.96598179555937; 0.375 -13.338752467207488; 0.75 -9.849023398888857; 1.125 -218.0447886916437; 1.5 -4.1402853794613765; 1.875 -2.8367258750006332; 2.25 411.87341996781737; 2.625 5.889371557088916; 3.0 7.995978797780165; 3.375 -5.844200864002378; 3.75 8.024620052658324; 4.125 10.15835126108912; 4.5 -211.83270629762706; 4.875 18.00577463768893; 5.25 20.267888436229462; 5.625 20.78366279743599; 6.0 13.697661996952707; 6.375 18.14795813750869; 6.75 22.585860804071544; 7.125 30.515826665957896; 7.5 28.550260091320688; 7.875 -149.04749527011472; 8.25 29.362419116020984; 8.625 37.058095654651034; 9.0 34.62834836577826; 9.375 38.82316514901162; 9.75 40.4112691452803; 10.125 41.14938686418442; 10.5 49.51283160514651; 10.875 44.27498421440739; 11.25 43.28318174818061; 11.625 46.72399925459613; 12.0 51.259933777409756; 12.375 53.9737788581961; 12.75 54.52363305283657; 13.125 61.77080835476076; 13.5 56.199523242974124; 13.875 56.335246183340786; 14.25 60.50499048220487; 14.625 71.58395066703484; 15.0 71.44766495793988]
npts :	81
nout :	16
model :	(x,t) -> t[1]*x + t[2]
dim :	2
cluster :	false
noise :	true
solution :	[5.3, 1.4]
description :	type2: line model
