name :	line2d
data :	[-15.0 -94.25429485254868; -14.347826086956522 -102.12943984966384; -13.695652173913043 -174.99521261708486; -13.043478260869565 -96.84400367043052; -12.391304347826088 -85.96342055342856; -11.73913043478261 -87.02793632845709; -11.08695652173913 -87.5974166964509; -10.434782608695652 -74.40570704657155; -9.782608695652174 -82.07860643117556; -9.130434782608695 17.992182304262506; -8.478260869565217 -75.23290389340785; -7.826086956521739 -76.4326630818799; -7.173913043478261 -73.38587681776131; -6.521739130434782 -70.43205569757833; -5.869565217391305 -68.3842584574177; -5.217391304347826 -83.0130907301014; -4.565217391304348 -53.58075466456589; -3.9130434782608696 -73.60305736758363; -3.260869565217391 -47.97036329224268; -2.608695652173913 -52.12308825835508; -1.9565217391304348 -180.86045419146905; -1.3043478260869565 -40.04418347034808; -0.6521739130434783 -37.347536276975084; 0.0 -38.07745590911988; 0.6521739130434783 -34.55064796947187; 1.3043478260869565 -108.65041378261995; 1.9565217391304348 -26.083563567692188; 2.608695652173913 -23.718197372998183; 3.260869565217391 -28.277397879346296; 3.9130434782608696 -192.65882567426186; 4.565217391304348 -23.97180911081098; 5.217391304347826 -12.562592655414832; 5.869565217391305 -20.206642219224307; 6.521739130434782 -16.84783996005397; 7.173913043478261 -14.309160091805648; 7.826086956521739 -0.19427689975988027; 8.478260869565217 -7.615015415835728; 9.130434782608695 -0.6324738344637666; 9.782608695652174 1.4018762231650683; 10.434782608695652 4.615339281202024; 11.08695652173913 12.500582415223658; 11.73913043478261 -187.96985262979578; 12.391304347826088 13.637291613562525; 13.043478260869565 14.281515095585211; 13.695652173913043 16.50348213240791; 14.347826086956522 15.544759261033057; 15.0 21.16419839410618]
npts :	47
nout :	9
model :	(x,t) -> t[1]*x + t[2]
dim :	2
cluster :	false
noise :	true
solution :	[4.0, -24.4]
description :	type2: line model
