name :	line2d
data :	[-15.0 172.33136658454822; -14.03225806451613 44.339724015076015; -13.064516129032258 42.85449531054148; -12.096774193548388 41.61890533962019; -11.129032258064516 49.85735679859237; -10.161290322580646 43.17467548652588; -9.193548387096774 37.215134231699594; -8.225806451612904 40.38235789003983; -7.258064516129032 27.202577727258248; -6.290322580645161 28.297297493207402; -5.32258064516129 26.658111341547244; -4.354838709677419 27.23195599444215; -3.3870967741935485 -29.266312852891627; -2.4193548387096775 15.828530904350941; -1.4516129032258065 328.7746725120739; -0.4838709677419355 18.571284404751626; 0.4838709677419355 10.835043060221611; 1.4516129032258065 1.3994304034730973; 2.4193548387096775 -119.64441812528592; 3.3870967741935485 4.175285030514983; 4.354838709677419 6.505990726911669; 5.32258064516129 -9.584464403183205; 6.290322580645161 -1.6516914577796236; 7.258064516129032 -12.865756004905768; 8.225806451612904 5.147064580432044; 9.193548387096774 -18.302120279713243; 10.161290322580646 -9.8449277137988; 11.129032258064516 -19.406603234984203; 12.096774193548388 -27.57171148316619; 13.064516129032258 -24.527480007064963; 14.03225806451613 -28.079085431400834; 15.0 42.52552570433505]
npts :	32
nout :	6
model :	(x,t) -> t[1]*x + t[2]
dim :	2
cluster :	false
noise :	true
solution :	[-2.8, -2.2]
description :	type2: line model
