name :	line2d
data :	[-15.0 425.5; -14.25 404.425; -13.5 175.88773285117816; -12.75 364.56711319834153; -12.0 341.20000000000005; -11.25 122.21020572568028; -10.5 299.05; -9.75 277.975; -9.0 256.9; -8.25 235.82500000000002; -7.5 -29.36836713063275; -6.75 193.675; -6.0 172.60000000000002; -5.25 151.525; -4.5 110.41453139297717; -3.75 109.375; -3.0 88.30000000000001; -2.25 67.225; -1.5 46.150000000000006; -0.75 25.075000000000003; 0.0 4.0; 0.75 -17.075000000000003; 1.5 346.81745066665724; 2.25 -59.225; 3.0 -80.30000000000001; 3.75 -187.83245653508354; 4.5 -166.447794992921; 5.25 -143.525; 6.0 -164.60000000000002; 6.75 -185.675; 7.5 -206.75; 8.25 -227.82500000000002; 9.0 -248.9; 9.75 -269.975; 10.5 -291.05; 11.25 -312.125; 12.0 -333.20000000000005; 12.75 -354.27500000000003; 13.5 -375.35; 14.25 -396.425; 15.0 -417.5]
npts :	41
nout :	8
model :	(x,t) -> t[1]*x + t[2]
dim :	2
cluster :	false
noise :	false
solution :	[-28.1, 4.0]
description :	type2: line model
