name :	line2d
data :	[-15.0 178.8; -14.142857142857142 31.494061724008475; -13.285714285714286 159.94285714285715; -12.428571428571429 150.51428571428573; -11.571428571428571 141.0857142857143; -10.714285714285714 131.65714285714284; -9.857142857142858 122.22857142857143; -9.0 112.8; -8.142857142857142 103.37142857142857; -7.285714285714286 334.5421289921135; -6.428571428571429 84.51428571428572; -5.571428571428571 75.08571428571429; -4.714285714285714 65.65714285714286; -3.857142857142857 56.22857142857143; -3.0 46.8; -2.142857142857143 37.37142857142857; -1.2857142857142858 27.942857142857143; -0.42857142857142855 -211.71900871992156; 0.42857142857142855 9.085714285714285; 1.2857142857142858 -0.3428571428571434; 2.142857142857143 -9.771428571428569; 3.0 93.94490694025714; 3.857142857142857 -28.62857142857143; 4.714285714285714 180.01451052058133; 5.571428571428571 -47.48571428571428; 6.428571428571429 -56.914285714285725; 7.285714285714286 -441.05687127660997; 8.142857142857142 -75.77142857142857; 9.0 -85.2; 9.857142857142858 -94.62857142857143; 10.714285714285714 -104.05714285714285; 11.571428571428571 -113.48571428571428; 12.428571428571429 -122.91428571428573; 13.285714285714286 -443.65406910856905; 14.142857142857142 -141.77142857142854; 15.0 -151.2]
npts :	36
nout :	7
model :	(x,t) -> t[1]*x + t[2]
dim :	2
cluster :	false
noise :	false
solution :	[-11.0, 13.8]
description :	type2: line model
