name :	line2d
data :	[-15.0 118.00150814657599; -14.444444444444445 130.14444444444445; -13.88888888888889 125.58888888888889; -13.333333333333334 121.03333333333333; -12.777777777777779 116.47777777777777; -12.222222222222221 111.9222222222222; -11.666666666666666 107.36666666666666; -11.11111111111111 102.8111111111111; -10.555555555555555 98.25555555555555; -10.0 93.7; -9.444444444444445 89.14444444444445; -8.88888888888889 84.58888888888889; -8.333333333333334 221.8973900680941; -7.777777777777778 185.66721502579674; -7.222222222222222 70.92222222222222; -6.666666666666667 66.36666666666666; -6.111111111111111 -11.771475343087644; -5.555555555555555 57.255555555555546; -5.0 52.7; -4.444444444444445 48.144444444444446; -3.888888888888889 43.58888888888889; -3.3333333333333335 39.03333333333333; -2.7777777777777777 -262.96196799390316; -2.2222222222222223 29.92222222222222; -1.6666666666666667 -152.9531706219283; -1.1111111111111112 20.81111111111111; -0.5555555555555556 -52.4566521381467; 0.0 11.7; 0.5555555555555556 7.144444444444444; 1.1111111111111112 2.5888888888888886; 1.6666666666666667 7.309514378235109; 2.2222222222222223 -123.6993013592373; 2.7777777777777777 -11.077777777777776; 3.3333333333333335 -159.48090750733533; 3.888888888888889 -20.188888888888886; 4.444444444444445 -19.805874255105337; 5.0 -29.3; 5.555555555555555 -33.855555555555554; 6.111111111111111 -38.4111111111111; 6.666666666666667 -42.96666666666667; 7.222222222222222 -47.522222222222226; 7.777777777777778 -52.07777777777777; 8.333333333333334 -56.633333333333326; 8.88888888888889 -61.18888888888888; 9.444444444444445 -65.74444444444444; 10.0 -70.3; 10.555555555555555 -74.85555555555554; 11.11111111111111 -79.4111111111111; 11.666666666666666 -83.96666666666665; 12.222222222222221 -88.5222222222222; 12.777777777777779 -93.07777777777777; 13.333333333333334 -97.63333333333333; 13.88888888888889 -102.18888888888888; 14.444444444444445 -106.74444444444444; 15.0 -111.29999999999998]
npts :	55
nout :	11
model :	(x,t) -> t[1]*x + t[2]
dim :	2
cluster :	false
noise :	false
solution :	[-8.2, 11.7]
description :	type2: line model
