name :	line2d
data :	[-15.0 -421.6; -11.666666666666666 -91.08040015063824; -8.333333333333334 -228.26666666666668; -5.0 -401.5744224005; -1.6666666666666667 -34.93333333333334; 1.6666666666666667 61.733333333333334; 5.0 158.4; 8.333333333333334 255.0666666666667; 11.666666666666666 351.7333333333333; 15.0 448.4]
npts :	10
nout :	2
model :	(x,t) -> t[1]*x + t[2]
dim :	2
cluster :	false
noise :	false
solution :	[29.0, 13.4]
description :	type2: line model
