name :	line2d
data :	[-15.0 -348.8603936218607; -13.928571428571429 -57.12142857142857; -12.857142857142858 -51.442857142857136; -11.785714285714286 -45.76428571428572; -10.714285714285714 -40.085714285714275; -9.642857142857142 -34.40714285714286; -8.571428571428571 -28.728571428571424; -7.5 -0.5081043975705377; -6.428571428571429 -17.37142857142857; -5.357142857142857 -11.69285714285714; -4.285714285714286 -6.0142857142857125; -3.2142857142857144 -0.3357142857142854; -2.142857142857143 5.342857142857143; -1.0714285714285714 11.021428571428572; 0.0 16.7; 1.0714285714285714 -404.7970277151776; 2.142857142857143 28.057142857142857; 3.2142857142857144 33.73571428571428; 4.285714285714286 39.41428571428571; 5.357142857142857 45.09285714285714; 6.428571428571429 -117.35067206600888; 7.5 56.45; 8.571428571428571 62.12857142857142; 9.642857142857142 67.80714285714285; 10.714285714285714 -56.2111936845656; 11.785714285714286 79.16428571428571; 12.857142857142858 84.84285714285714; 13.928571428571429 257.4798855083475; 15.0 96.2]
npts :	29
nout :	6
model :	(x,t) -> t[1]*x + t[2]
dim :	2
cluster :	false
noise :	false
solution :	[5.3, 16.7]
description :	type2: line model
