name :	line2d
data :	[-15.0 -584.2905140528815; -14.433962264150944 -232.99622641509433; -13.867924528301886 -191.90045320906975; -13.30188679245283 -215.788679245283; -12.735849056603774 -207.18490566037735; -12.169811320754716 -198.5811320754717; -11.60377358490566 -189.97735849056602; -11.037735849056604 -181.37358490566038; -10.471698113207546 -172.76981132075468; -9.90566037735849 -164.16603773584905; -9.339622641509434 -155.56226415094338; -8.773584905660377 -146.9584905660377; -8.20754716981132 -366.50387080723567; -7.6415094339622645 -129.7509433962264; -7.0754716981132075 -108.29707794676897; -6.509433962264151 -112.54339622641508; -5.943396226415095 -103.93962264150943; -5.377358490566038 -95.33584905660376; -4.811320754716981 -86.7320754716981; -4.245283018867925 132.83417928048794; -3.6792452830188678 -69.52452830188679; -3.1132075471698113 -131.30079947476057; -2.547169811320755 -52.316981132075476; -1.9811320754716981 -43.71320754716981; -1.4150943396226414 -35.10943396226415; -0.8490566037735849 -26.50566037735849; -0.2830188679245283 -17.901886792452828; 0.2830188679245283 -9.29811320754717; 0.8490566037735849 -0.6943396226415093; 1.4150943396226414 97.8671873891008; 1.9811320754716981 16.513207547169813; 2.547169811320755 25.116981132075473; 3.1132075471698113 33.720754716981126; 3.6792452830188678 42.32452830188679; 4.245283018867925 -129.23666746651648; 4.811320754716981 59.5320754716981; 5.377358490566038 68.13584905660377; 5.943396226415095 76.73962264150944; 6.509433962264151 85.3433962264151; 7.0754716981132075 93.94716981132075; 7.6415094339622645 102.55094339622642; 8.20754716981132 61.280664754649095; 8.773584905660377 119.75849056603772; 9.339622641509434 128.3622641509434; 9.90566037735849 136.96603773584906; 10.471698113207546 145.5698113207547; 11.037735849056604 154.1735849056604; 11.60377358490566 162.77735849056603; 12.169811320754716 171.3811320754717; 12.735849056603774 366.64500251321306; 13.30188679245283 188.588679245283; 13.867924528301886 197.19245283018867; 14.433962264150944 -116.99547514226794; 15.0 214.4]
npts :	54
nout :	11
model :	(x,t) -> t[1]*x + t[2]
dim :	2
cluster :	false
noise :	false
solution :	[15.2, -13.6]
description :	type2: line model
