name :	line2d
data :	[-15.0 337.7; -13.88888888888889 345.54360993456686; -12.777777777777779 154.537719677235; -11.666666666666666 268.0333333333333; -10.555555555555555 244.81111111111107; -9.444444444444445 204.2620153447309; -8.333333333333334 198.36666666666665; -7.222222222222222 175.14444444444442; -6.111111111111111 482.9273890622351; -5.0 128.7; -3.888888888888889 105.47777777777777; -2.7777777777777777 82.25555555555555; -1.6666666666666667 59.03333333333333; -0.5555555555555556 35.81111111111111; 0.5555555555555556 12.588888888888889; 1.6666666666666667 -10.633333333333336; 2.7777777777777777 -33.855555555555554; 3.888888888888889 -57.07777777777777; 5.0 -80.3; 6.111111111111111 -103.5222222222222; 7.222222222222222 -126.74444444444443; 8.333333333333334 -149.96666666666667; 9.444444444444445 -323.7136702226853; 10.555555555555555 -146.57254891767803; 11.666666666666666 -219.63333333333333; 12.777777777777779 -242.85555555555555; 13.88888888888889 -266.0777777777778; 15.0 -289.3]
npts :	28
nout :	6
model :	(x,t) -> t[1]*x + t[2]
dim :	2
cluster :	false
noise :	false
solution :	[-20.9, 24.2]
description :	type2: line model
