name :	line2d
data :	[-15.0 230.2; -13.636363636363637 211.1090909090909; -12.272727272727273 192.0181818181818; -10.909090909090908 659.7995740431007; -9.545454545454545 153.83636363636361; -8.181818181818182 134.74545454545455; -6.818181818181818 87.6915835194289; -5.454545454545454 96.56363636363636; -4.090909090909091 422.11617461767594; -2.727272727272727 195.57590318318654; -1.3636363636363635 39.29090909090909; 0.0 20.2; 1.3636363636363635 1.1090909090909093; 2.727272727272727 -17.98181818181818; 4.090909090909091 -37.07272727272728; 5.454545454545454 -56.16363636363636; 6.818181818181818 -75.25454545454545; 8.181818181818182 -94.34545454545454; 9.545454545454545 -113.43636363636362; 10.909090909090908 -132.52727272727273; 12.272727272727273 -151.61818181818182; 13.636363636363637 -646.4588598324597; 15.0 -189.8]
npts :	23
nout :	5
model :	(x,t) -> t[1]*x + t[2]
dim :	2
cluster :	false
noise :	false
solution :	[-14.0, 20.2]
description :	type2: line model
