name :	line2d
data :	[-15.0 -98.9; -14.464285714285714 213.3053227286821; -13.928571428571429 -89.79285714285714; -13.392857142857142 -101.68107450048657; -12.857142857142858 -80.68571428571428; -12.321428571428571 -76.13214285714287; -11.785714285714286 -71.57857142857142; -11.25 -67.025; -10.714285714285714 -62.47142857142857; -10.178571428571429 180.11414458085818; -9.642857142857142 -53.36428571428571; -9.107142857142858 92.45587344913835; -8.571428571428571 -44.25714285714286; -8.035714285714286 -39.70357142857143; -7.5 -35.15; -6.964285714285714 -30.596428571428568; -6.428571428571429 -26.042857142857144; -5.892857142857143 -21.489285714285714; -5.357142857142857 -1.4649062146980985; -4.821428571428571 -12.382142857142853; -4.285714285714286 288.71352323998207; -3.75 -3.2749999999999986; -3.2142857142857144 92.52524186398593; -2.6785714285714284 -37.408231925576075; -2.142857142857143 10.385714285714286; -1.6071428571428572 14.939285714285715; -1.0714285714285714 19.492857142857144; -0.5357142857142857 24.04642857142857; 0.0 28.6; 0.5357142857142857 -75.37330261704275; 1.0714285714285714 37.707142857142856; 1.6071428571428572 42.260714285714286; 2.142857142857143 46.81428571428572; 2.6785714285714284 51.36785714285715; 3.2142857142857144 55.92142857142858; 3.75 60.475; 4.285714285714286 65.02857142857144; 4.821428571428571 69.58214285714286; 5.357142857142857 74.13571428571429; 5.892857142857143 78.68928571428572; 6.428571428571429 83.24285714285715; 6.964285714285714 267.36527221569685; 7.5 92.35; 8.035714285714286 96.90357142857144; 8.571428571428571 101.45714285714286; 9.107142857142858 106.0107142857143; 9.642857142857142 126.34569214235717; 10.178571428571429 115.11785714285713; 10.714285714285714 119.67142857142858; 11.25 124.225; 11.785714285714286 128.77857142857144; 12.321428571428571 133.33214285714286; 12.857142857142858 137.8857142857143; 13.392857142857142 142.43928571428572; 13.928571428571429 146.99285714285713; 14.464285714285714 151.54642857142858; 15.0 156.1]
npts :	57
nout :	11
model :	(x,t) -> t[1]*x + t[2]
dim :	2
cluster :	false
noise :	false
solution :	[8.5, 28.6]
description :	type2: line model
