name :	line2d
data :	[-15.0 -165.6; -12.272727272727273 266.57713767861094; -9.545454545454545 -95.23636363636365; -6.818181818181818 -60.054545454545455; -4.090909090909091 -24.872727272727275; -1.3636363636363635 10.309090909090909; 1.3636363636363635 104.9467723871307; 4.090909090909091 80.67272727272727; 6.818181818181818 115.85454545454544; 9.545454545454545 151.03636363636363; 12.272727272727273 186.21818181818185; 15.0 221.4]
npts :	12
nout :	2
model :	(x,t) -> t[1]*x + t[2]
dim :	2
cluster :	false
noise :	false
solution :	[12.9, 27.9]
description :	type2: line model
