name :	line2d
data :	[-15.0 -273.3; -13.235294117647058 -246.0775849147229; -11.470588235294118 -210.1235294117647; -9.705882352941176 -178.53529411764706; -7.9411764705882355 -146.9470588235294; -6.176470588235294 -115.35882352941175; -4.411764705882353 -83.77058823529411; -2.6470588235294117 -52.18235294117646; -0.8823529411764706 -20.594117647058823; 0.8823529411764706 -16.487350235583857; 2.6470588235294117 42.58235294117647; 4.411764705882353 147.23174870459366; 6.176470588235294 105.75882352941176; 7.9411764705882355 77.08980143951104; 9.705882352941176 168.93529411764703; 11.470588235294118 200.52352941176468; 13.235294117647058 232.1117647058823; 15.0 263.7]
npts :	18
nout :	4
model :	(x,t) -> t[1]*x + t[2]
dim :	2
cluster :	false
noise :	false
solution :	[17.9, -4.8]
description :	type2: line model
