name :	line2d
data :	[-15.0 -116.0; -13.0 -102.2; -11.0 -336.65000847971515; -9.0 -74.6; -7.0 -60.800000000000004; -5.0 180.39869484580203; -3.0 -33.2; -1.0 -19.4; 1.0 -5.6; 3.0 8.200000000000003; 5.0 22.0; 7.0 35.800000000000004; 9.0 427.55055166861354; 11.0 63.400000000000006; 13.0 77.2; 15.0 91.0]
npts :	16
nout :	3
model :	(x,t) -> t[1]*x + t[2]
dim :	2
cluster :	false
noise :	false
solution :	[6.9, -12.5]
description :	type2: line model
