name :	line2d
data :	[-15.0 145.3; -14.4 140.44; -13.8 135.58; -13.2 130.72; -12.6 125.85999999999999; -12.0 120.99999999999999; -11.4 116.14; -10.8 111.28; -10.2 106.41999999999999; -9.6 101.55999999999999; -9.0 96.69999999999999; -8.4 91.84; -7.8 -177.23034356729895; -7.2 82.12; -6.6 77.25999999999999; -6.0 8.66513080963869; -5.4 67.54; -4.8 62.67999999999999; -4.2 57.82000000000001; -3.6 -150.14113566786114; -3.0 48.099999999999994; -2.4 43.239999999999995; -1.8 38.38; -1.2 33.519999999999996; -0.6 28.66; 0.0 71.2288750675805; 0.6 18.94; 1.2 159.54571155529862; 1.8 9.22; 2.4 4.360000000000003; 3.0 -0.49999999999999645; 3.6 -5.359999999999999; 4.2 -95.82812136332166; 4.8 -15.079999999999995; 5.4 -19.94; 6.0 -24.799999999999994; 6.6 -57.671850272397684; 7.2 -130.78225822210925; 7.8 -70.85352070604318; 8.4 -401.5208551853227; 9.0 -49.099999999999994; 9.6 -53.959999999999994; 10.2 -58.81999999999999; 10.8 -63.68000000000001; 11.4 -68.54; 12.0 -73.39999999999999; 12.6 -78.25999999999999; 13.2 -83.11999999999999; 13.8 -87.98; 14.4 -92.84; 15.0 -97.7]
npts :	51
nout :	10
model :	(x,t) -> t[1]*x + t[2]
dim :	2
cluster :	false
noise :	false
solution :	[-8.1, 23.8]
description :	type2: line model
