name :	line2d
data :	[-15.0 138.7; -14.090909090909092 131.42727272727274; -13.181818181818182 124.15454545454546; -12.272727272727273 116.88181818181819; -11.363636363636363 109.60909090909091; -10.454545454545455 102.33636363636364; -9.545454545454545 95.06363636363636; -8.636363636363637 87.7909090909091; -7.7272727272727275 80.51818181818182; -6.818181818181818 73.24545454545455; -5.909090909090909 65.97272727272727; -5.0 65.02008182715612; -4.090909090909091 -191.6827685281802; -3.1818181818181817 44.154545454545456; -2.272727272727273 36.88181818181818; -1.3636363636363635 29.60909090909091; -0.45454545454545453 22.336363636363636; 0.45454545454545453 15.063636363636363; 1.3636363636363635 -33.56377457126282; 2.272727272727273 0.5181818181818159; 3.1818181818181817 -6.754545454545454; 4.090909090909091 -14.027272727272727; 5.0 -21.3; 5.909090909090909 -28.572727272727274; 6.818181818181818 248.15611936151507; 7.7272727272727275 -43.118181818181824; 8.636363636363637 -50.39090909090909; 9.545454545454545 -31.027936252604754; 10.454545454545455 -64.93636363636364; 11.363636363636363 -293.6620307174428; 12.272727272727273 -79.48181818181818; 13.181818181818182 -86.75454545454545; 14.090909090909092 -94.02727272727273; 15.0 177.3839049230353]
npts :	34
nout :	7
model :	(x,t) -> t[1]*x + t[2]
dim :	2
cluster :	false
noise :	false
solution :	[-8.0, 18.7]
description :	type2: line model
