name :	line2d
data :	[-15.0 24.084454378838842; -14.6875 196.84375; -14.375 192.1875; -14.0625 187.53125; -13.75 182.875; -13.4375 178.21875; -13.125 173.5625; -12.8125 168.90625; -12.5 -63.284457691040444; -12.1875 159.59375; -11.875 154.9375; -11.5625 150.28125; -11.25 145.625; -10.9375 140.96875; -10.625 70.35173089123708; -10.3125 131.65625; -10.0 497.3196950976409; -9.6875 122.34375; -9.375 117.6875; -9.0625 113.03125; -8.75 108.375; -8.4375 103.71875; -8.125 99.0625; -7.8125 94.40625; -7.5 89.75; -7.1875 125.31578959401065; -6.875 80.4375; -6.5625 75.78125; -6.25 71.125; -5.9375 66.46875; -5.625 61.8125; -5.3125 57.15625; -5.0 52.5; -4.6875 47.84375; -4.375 43.1875; -4.0625 38.53125; -3.75 33.875; -3.4375 -80.37258964411481; -3.125 24.5625; -2.8125 19.90625; -2.5 15.25; -2.1875 10.59375; -1.875 157.30992521993468; -1.5625 1.28125; -1.25 -3.375; -0.9375 -8.03125; -0.625 -12.6875; -0.3125 -17.34375; 0.0 -22.0; 0.3125 -26.65625; 0.625 -31.3125; 0.9375 -35.96875; 1.25 -114.63954586358788; 1.5625 -45.28125; 1.875 -49.9375; 2.1875 -54.59375; 2.5 -59.25; 2.8125 -23.399706056359392; 3.125 -68.5625; 3.4375 80.57002251978375; 3.75 -77.875; 4.0625 -82.53125; 4.375 19.25124265605872; 4.6875 32.350927034759565; 5.0 -137.94467302189327; 5.3125 -101.15625; 5.625 -105.8125; 5.9375 64.64439642279882; 6.25 -115.125; 6.5625 -119.78125; 6.875 -124.4375; 7.1875 -129.09375; 7.5 -133.75; 7.8125 -138.40625; 8.125 8.442700090750492; 8.4375 -147.71875; 8.75 -152.375; 9.0625 -157.03125; 9.375 -161.6875; 9.6875 -166.34375; 10.0 -171.0; 10.3125 -123.82220080910727; 10.625 -180.3125; 10.9375 -184.96875; 11.25 -189.625; 11.5625 -194.28125; 11.875 -198.9375; 12.1875 -49.3071478156761; 12.5 -148.57718997898172; 12.8125 163.85339301387393; 13.125 -217.5625; 13.4375 -222.21875; 13.75 -226.875; 14.0625 -231.53125; 14.375 -236.1875; 14.6875 -240.84375; 15.0 -245.5]
npts :	97
nout :	19
model :	(x,t) -> t[1]*x + t[2]
dim :	2
cluster :	false
noise :	false
solution :	[-14.9, -22.0]
description :	type2: line model
