name :	line2d
data :	[-15.0 344.85812022347415; -13.88888888888889 596.5492352071346; -12.777777777777779 258.5777777777778; -11.666666666666666 238.4666666666667; -10.555555555555555 218.35555555555558; -9.444444444444445 198.24444444444447; -8.333333333333334 178.13333333333335; -7.222222222222222 158.02222222222224; -6.111111111111111 137.91111111111113; -5.0 117.8; -3.888888888888889 97.6888888888889; -2.7777777777777777 77.57777777777778; -1.6666666666666667 57.46666666666667; -0.5555555555555556 37.355555555555554; 0.5555555555555556 17.244444444444444; 1.6666666666666667 -2.8666666666666707; 2.7777777777777777 -22.977777777777778; 3.888888888888889 -43.0888888888889; 5.0 -63.2; 6.111111111111111 -84.68280708341591; 7.222222222222222 -350.3982430947853; 8.333333333333334 -123.53333333333335; 9.444444444444445 -143.64444444444445; 10.555555555555555 -163.75555555555556; 11.666666666666666 -183.86666666666667; 12.777777777777779 -371.2055337298822; 13.88888888888889 -299.6273568451957; 15.0 -244.2]
npts :	28
nout :	6
model :	(x,t) -> t[1]*x + t[2]
dim :	2
cluster :	false
noise :	false
solution :	[-18.1, 27.3]
description :	type2: line model
