name :	line2d
data :	[-15.0 299.7; -14.361702127659575 287.1255319148936; -13.72340425531915 274.5510638297872; -13.085106382978724 261.9765957446808; -12.446808510638299 249.40212765957446; -11.808510638297872 236.82765957446804; -11.170212765957446 224.25319148936168; -10.53191489361702 211.6787234042553; -9.893617021276595 199.1042553191489; -9.25531914893617 61.49713984780168; -8.617021276595745 173.95531914893616; -7.9787234042553195 161.38085106382977; -7.340425531914893 148.80638297872338; -6.702127659574468 136.231914893617; -6.0638297872340425 123.65744680851064; -5.425531914893617 111.08297872340425; -4.787234042553192 98.50851063829788; -4.148936170212766 85.93404255319149; -3.5106382978723403 73.3595744680851; -2.872340425531915 60.785106382978725; -2.234042553191489 -236.9700054157833; -1.5957446808510638 35.636170212765954; -0.9574468085106383 23.061702127659576; -0.3191489361702128 10.487234042553192; 0.3191489361702128 -2.0872340425531917; 0.9574468085106383 -14.661702127659577; 1.5957446808510638 -71.97176252314839; 2.234042553191489 -39.81063829787233; 2.872340425531915 -114.53209254505447; 3.5106382978723403 -64.9595744680851; 4.148936170212766 -73.87337971043912; 4.787234042553192 -90.10851063829787; 5.425531914893617 -102.68297872340425; 6.0638297872340425 -115.25744680851064; 6.702127659574468 -127.831914893617; 7.340425531914893 270.5049438741924; 7.9787234042553195 -152.9808510638298; 8.617021276595745 -165.55531914893618; 9.25531914893617 -178.12978723404257; 9.893617021276595 -190.70425531914893; 10.53191489361702 -112.69917598836294; 11.170212765957446 -215.8531914893617; 11.808510638297872 -228.42765957446807; 12.446808510638299 -241.00212765957448; 13.085106382978724 -253.57659574468084; 13.72340425531915 -355.0937792859691; 14.361702127659575 -101.88288941299407; 15.0 -461.2514520798872]
npts :	48
nout :	10
model :	(x,t) -> t[1]*x + t[2]
dim :	2
cluster :	false
noise :	false
solution :	[-19.7, 4.2]
description :	type2: line model
