name :	line2d
data :	[-15.0 37.3; -14.491525423728813 35.26610169491525; -13.983050847457626 33.2322033898305; -13.474576271186441 31.198305084745765; -12.966101694915254 -128.04840656526594; -12.457627118644067 27.13050847457627; -11.94915254237288 -34.081869050441966; -11.440677966101696 -71.29524243394641; -10.932203389830509 21.028813559322035; -10.423728813559322 18.994915254237288; -9.915254237288135 -195.76703276329167; -9.40677966101695 14.9271186440678; -8.898305084745763 12.893220338983053; -8.389830508474576 174.8972380119418; -7.88135593220339 8.825423728813561; -7.372881355932203 6.791525423728814; -6.864406779661017 4.75762711864407; -6.3559322033898304 2.7237288135593225; -5.8474576271186445 0.6898305084745786; -5.338983050847458 -1.3440677966101688; -4.830508474576271 -3.3779661016949163; -4.322033898305085 -292.9686396305294; -3.8135593220338984 -7.445762711864406; -3.305084745762712 -9.479661016949152; -2.7966101694915255 -11.513559322033897; -2.288135593220339 -13.547457627118643; -1.7796610169491525 -15.58135593220339; -1.271186440677966 -17.615254237288134; -0.7627118644067796 -19.64915254237288; -0.2542372881355932 -21.683050847457626; 0.2542372881355932 -343.24448693428775; 0.7627118644067796 -25.750847457627117; 1.271186440677966 -27.784745762711864; 1.7796610169491525 19.052284678397196; 2.288135593220339 -31.852542372881356; 2.7966101694915255 -155.66326381758438; 3.305084745762712 -35.92033898305085; 3.8135593220338984 -37.954237288135594; 4.322033898305085 -39.988135593220335; 4.830508474576271 -42.02203389830508; 5.338983050847458 -44.05593220338983; 5.8474576271186445 -46.08983050847458; 6.3559322033898304 -48.123728813559325; 6.864406779661017 -27.870621278990836; 7.372881355932203 -313.21700871835935; 7.88135593220339 -54.22542372881356; 8.389830508474576 -56.2593220338983; 8.898305084745763 -58.29322033898305; 9.40677966101695 -60.327118644067795; 9.915254237288135 -62.36101694915254; 10.423728813559322 -206.7520213514166; 10.932203389830509 -66.42881355932204; 11.440677966101696 -68.46271186440678; 11.94915254237288 -70.49661016949152; 12.457627118644067 -72.53050847457627; 12.966101694915254 -74.56440677966101; 13.474576271186441 -76.59830508474576; 13.983050847457626 -78.63220338983051; 14.491525423728813 -80.66610169491526; 15.0 -82.7]
npts :	60
nout :	12
model :	(x,t) -> t[1]*x + t[2]
dim :	2
cluster :	false
noise :	false
solution :	[-4.0, -22.7]
description :	type2: line model
