name :	line2d
data :	[-15.0 -52.305353155975354; -13.235294117647058 63.13529411764706; -11.470588235294118 55.37058823529412; -9.705882352941176 34.80077268484426; -7.9411764705882355 39.84117647058824; -6.176470588235294 -312.4062374368896; -4.411764705882353 24.311764705882354; -2.6470588235294117 16.54705882352941; -0.8823529411764706 8.782352941176471; 0.8823529411764706 1.0176470588235293; 2.6470588235294117 -6.747058823529413; 4.411764705882353 -14.511764705882355; 6.176470588235294 -22.2764705882353; 7.9411764705882355 -30.04117647058824; 9.705882352941176 -37.805882352941175; 11.470588235294118 -30.793310729301623; 13.235294117647058 -53.33529411764706; 15.0 -61.1]
npts :	18
nout :	4
model :	(x,t) -> t[1]*x + t[2]
dim :	2
cluster :	false
noise :	false
solution :	[-4.4, 4.9]
description :	type2: line model
