name :	line2d
data :	[-15.0 416.9; -13.846153846153847 289.77483392741857; -12.692307692307692 354.8230769230769; -11.538461538461538 323.78461538461534; -10.384615384615385 292.74615384615385; -9.23076923076923 261.70769230769224; -8.076923076923077 230.66923076923075; -6.923076923076923 269.3661282418591; -5.769230769230769 168.59230769230768; -4.615384615384615 137.55384615384614; -3.4615384615384617 106.51538461538462; -2.3076923076923075 61.615598353358905; -1.1538461538461537 44.43846153846153; 0.0 13.4; 1.1538461538461537 -53.15049464330209; 2.3076923076923075 -305.383630868463; 3.4615384615384617 -79.71538461538461; 4.615384615384615 -110.75384615384613; 5.769230769230769 -141.79230769230767; 6.923076923076923 -172.83076923076922; 8.076923076923077 -203.86923076923074; 9.23076923076923 -234.90769230769226; 10.384615384615385 -265.9461538461539; 11.538461538461538 -296.9846153846154; 12.692307692307692 -328.0230769230769; 13.846153846153847 -359.0615384615385; 15.0 -390.1]
npts :	27
nout :	5
model :	(x,t) -> t[1]*x + t[2]
dim :	2
cluster :	false
noise :	false
solution :	[-26.9, 13.4]
description :	type2: line model
