name :	line2d
data :	[-15.0 61.2; -14.25 57.525000000000006; -13.5 -14.412730646960043; -12.75 50.175; -12.0 46.5; -11.25 42.825; -10.5 39.150000000000006; -9.75 35.47500000000001; -9.0 31.8; -8.25 28.125000000000004; -7.5 24.45; -6.75 20.775000000000002; -6.0 17.1; -5.25 13.425; -4.5 -150.91006618519788; -3.75 6.074999999999999; -3.0 29.606604397476616; -2.25 -1.2750000000000004; -1.5 -4.95; -0.75 -8.625; 0.0 -12.3; 0.75 -15.975000000000001; 1.5 -19.650000000000002; 2.25 173.36297474458559; 3.0 -27.0; 3.75 -30.675; 4.5 -0.481009473506937; 5.25 -38.025000000000006; 6.0 -41.7; 6.75 11.877526251120429; 7.5 67.23400356909438; 8.25 -52.72500000000001; 9.0 -56.400000000000006; 9.75 -60.075; 10.5 -63.75; 11.25 -67.42500000000001; 12.0 -71.10000000000001; 12.75 -74.775; 13.5 -82.0018514267729; 14.25 -82.125; 15.0 -85.8]
npts :	41
nout :	8
model :	(x,t) -> t[1]*x + t[2]
dim :	2
cluster :	false
noise :	false
solution :	[-4.9, -12.3]
description :	type2: line model
