name :	line2d
data :	[-15.0 179.4; -14.18918918918919 170.23783783783784; -13.378378378378379 161.0756756756757; -12.567567567567568 301.09893626040395; -11.756756756756756 -101.70418213144316; -10.945945945945946 133.5891891891892; -10.135135135135135 124.42702702702704; -9.324324324324325 115.26486486486488; -8.513513513513514 106.10270270270271; -7.702702702702703 96.94054054054055; -6.891891891891892 87.77837837837839; -6.081081081081081 78.61621621621622; -5.27027027027027 69.45405405405405; -4.45945945945946 60.29189189189189; -3.6486486486486487 51.12972972972973; -2.8378378378378377 41.96756756756756; -2.027027027027027 -286.20254237214965; -1.2162162162162162 -74.84422241475072; -0.40540540540540543 -7.716987257685304; 0.40540540540540543 357.04751180732245; 1.2162162162162162 -7.2126485320324445; 2.027027027027027 -13.005405405405407; 2.8378378378378377 -259.25524333328866; 3.6486486486486487 -31.329729729729735; 4.45945945945946 -40.491891891891896; 5.27027027027027 -49.65405405405406; 6.081081081081081 -58.81621621621621; 6.891891891891892 -67.97837837837838; 7.702702702702703 -77.14054054054054; 8.513513513513514 -86.3027027027027; 9.324324324324325 -95.46486486486486; 10.135135135135135 -104.62702702702703; 10.945945945945946 -113.78918918918919; 11.756756756756756 -122.95135135135135; 12.567567567567568 -132.11351351351354; 13.378378378378379 -141.2756756756757; 14.18918918918919 -150.43783783783783; 15.0 -159.6]
npts :	38
nout :	8
model :	(x,t) -> t[1]*x + t[2]
dim :	2
cluster :	false
noise :	false
solution :	[-11.3, 9.9]
description :	type2: line model
