name :	line2d
data :	[-15.0 68.0465191602959; -14.7 316.22999999999996; -14.4 309.96; -14.1 303.69; -13.8 297.42; -13.5 291.15; -13.2 284.87999999999994; -12.9 278.61; -12.6 272.34; -12.3 266.07; -12.0 259.79999999999995; -11.7 253.52999999999997; -11.4 519.4661188389018; -11.1 240.98999999999998; -10.8 234.72; -10.5 228.45; -10.2 -21.664227459329823; -9.9 215.91; -9.6 209.64; -9.3 203.37; -9.0 197.1; -8.7 190.82999999999998; -8.4 184.56; -8.1 330.6722888860984; -7.8 172.01999999999998; -7.5 165.75; -7.2 159.48; -6.9 153.21; -6.6 300.6888548227705; -6.3 140.67; -6.0 134.39999999999998; -5.7 -71.59896599438264; -5.4 76.3177302544145; -5.1 115.58999999999999; -4.8 109.32; -4.5 -41.753049082044825; -4.2 96.78; -3.9 90.50999999999999; -3.6 84.24; -3.3 77.96999999999998; -3.0 71.69999999999999; -2.7 65.43; -2.4 256.1483128891206; -2.1 52.89; -1.8 46.62; -1.5 40.349999999999994; -1.2 34.08; -0.9 27.81; -0.6 51.863461845147704; -0.3 15.27; 0.0 9.0; 0.3 2.7300000000000004; 0.6 -3.539999999999999; 0.9 -9.809999999999999; 1.2 -16.08; 1.5 -22.349999999999998; 1.8 -28.619999999999997; 2.1 -34.89; 2.4 -41.16; 2.7 -47.43; 3.0 -53.699999999999996; 3.3 -59.969999999999985; 3.6 -184.86864748669154; 3.9 -72.50999999999999; 4.2 -78.78; 4.5 -85.05; 4.8 -91.32; 5.1 -30.263777801329454; 5.4 49.32604326365829; 5.7 327.5372087572585; 6.0 -116.39999999999999; 6.3 -122.66999999999999; 6.6 -128.93999999999997; 6.9 -135.21; 7.2 -141.48; 7.5 -147.75; 7.8 -103.66590185841197; 8.1 -160.29; 8.4 -166.56; 8.7 -172.82999999999998; 9.0 -179.1; 9.3 -382.4885030121091; 9.6 -191.64; 9.9 -251.6352829733163; 10.2 -204.17999999999998; 10.5 -210.45; 10.8 -216.72; 11.1 -275.1349608746943; 11.4 -278.9006479050031; 11.7 -235.52999999999997; 12.0 -241.79999999999998; 12.3 -248.07; 12.6 -254.33999999999997; 12.9 -260.61; 13.2 -565.7874171434916; 13.5 -273.15; 13.8 -279.42; 14.1 -285.69; 14.4 -291.96; 14.7 -298.22999999999996; 15.0 -304.5]
npts :	101
nout :	20
model :	(x,t) -> t[1]*x + t[2]
dim :	2
cluster :	false
noise :	false
solution :	[-20.9, 9.0]
description :	type2: line model
