name :	sphere2D
data :	[54.20223313430636 12.630807805169603 0.0; 51.994960103990124 19.6501478713193 0.0; 49.15145313953243 26.940570151794823 0.0; 47.630718001561654 29.61599560406738 0.0; 41.20290044114066 34.559931455666195 0.0; 34.367002498068246 37.85037265108094 0.0; 17.48581022848692 36.452605008010316 0.0; 32.17568708052271 50.055105236471185 0.0; 13.892267477068355 35.553386819747594 0.0; 8.979524069977879 32.45578322765307 0.0; 4.5430656020598095 25.59713355234126 0.0; 1.4940083359892005 23.95487091030532 0.0; 0.2900229960271996 15.34613492263491 0.0; 1.9213433539828373 5.415064060009345 0.0; 5.2685200437954425 -0.9406067875961187 0.0; 7.528368027821633 -7.007313606437752 0.0; 13.529337480014496 -8.63068079659472 0.0; 21.389403283000753 -12.982386844651652 0.0; 29.309812194672627 -13.940614167047876 0.0; 35.68429554204587 -13.33975235311861 0.0; 44.14893364391477 -15.317705603670387 0.0; 45.492889705712884 -7.154006493309528 0.0; 50.64748787976561 -0.493884279064212 0.0; 51.522684588644466 5.855987264906705 0.0; 42.83992590663523 14.784588757692173 0.0]
npts :	25
nout :	5
model :	(x,t) -> (x[1]-t[1])^2 + (x[2]-t[2])^2 - t[3]^2
dim :	3
cluster :	false
noise :	true
solution :	[27.3, 12.9, 26.2]
description :	type3: test sphere2d with noise and outliers
