name :	sphere2D
data :	[58.18662625394621 -11.020487954880501 0.0; 55.661115844478495 -11.68629675297928 0.0; 55.65602581075001 -5.312187955196892 0.0; 56.892246443684556 -3.1880451712200886 0.0; 54.29844850504528 -0.9135326954776642 0.0; 52.93869742994768 3.2274368594413394 0.0; 54.415447206514784 12.346156032079264 0.0; 48.602831631315766 5.203229407387862 0.0; 46.96384978748533 15.323542215421202 0.0; 35.433352301373276 9.06466653083007 0.0; 41.15949787368145 9.229327287353566 0.0; 39.622991996273285 11.94021783564034 0.0; 35.451191447939 9.091867898596803 0.0; 31.69656021675992 9.232296426702902 0.0; 29.0843113568605 9.75365882848656 0.0; 27.988984609743284 8.443803438587103 0.0; 25.08984325645634 7.4969546871468316 0.0; 19.16093871015783 5.159057447079111 0.0; 19.890889493728015 4.15375764661703 0.0; 17.333479670650036 1.8492506594137017 0.0; 16.719560532586147 -0.010791192602293331 0.0; 15.09488655406666 -3.164925402568298 0.0; 14.34398466361346 -6.049224357527439 0.0; 21.914100356673025 -5.100347487922831 0.0; 14.15948341284816 -12.089663212164155 0.0; 13.177646577246744 -14.415030046832989 0.0; 15.865645797456118 -17.649458276565074 0.0; 14.827090143722993 -19.071344857812758 0.0; 16.11376297116628 -27.98306861941759 0.0; 19.76457682237402 -14.164602732257778 0.0; 23.984975303296906 -18.968613539084906 0.0; 23.04281293289877 -27.961637697706053 0.0; 24.025732746298985 -30.600524799752883 0.0; 26.201711589766955 -32.78236486101531 0.0; 31.085194684109968 -33.320117940284874 0.0; 37.35487034345777 -37.10387335121399 0.0; 34.898675244213656 -32.15783139859547 0.0; 38.60851046390772 -34.96513979279035 0.0; 38.94303163744411 -33.51316389206704 0.0; 43.21673419826231 -32.56596603581341 0.0; 46.209841097258405 -30.829805373134995 0.0; 47.90436407816282 -28.576156107702825 0.0; 51.90609832208488 -28.88974350056064 0.0; 53.991735540355265 -25.132961476784626 0.0; 54.474874193544046 -21.74605995359493 0.0; 55.844530519181234 -19.457760267178784 0.0; 56.735863766070544 -14.35211096307492 0.0; 57.83022634347921 -12.587545364946333 0.0; 56.9131194875944 -13.15722008667249 0.0]
npts :	49
nout :	10
model :	(x,t) -> (x[1]-t[1])^2 + (x[2]-t[2])^2 - t[3]^2
dim :	3
cluster :	false
noise :	true
solution :	[35.6, -11.8, 22.1]
description :	type3: test sphere2d with noise and outliers
