name :	sphere2D
data :	[-27.418850612044587 18.453728961162714 0.0; -22.993708785359544 24.758220085914637 0.0; -24.87117746702024 23.273159017571754 0.0; -25.898476655683627 25.791910120251146 0.0; -29.712574214555183 26.148645785907732 0.0; -29.535580158848827 31.838259708981656 0.0; -26.83490835245288 29.655258942202078 0.0; -27.3565894582249 29.1389183795955 0.0; -26.58636702090829 28.793785693288715 0.0; -27.814226784157157 29.527152365361246 0.0; -30.286176278211073 28.483239496998813 0.0; -30.7262934714272 30.175937947264153 0.0; -31.272454811151967 32.29646610573928 0.0; -33.58521938565037 33.008939352374284 0.0; -33.545708756697735 30.126936508166725 0.0; -34.91066320745635 30.216857742087583 0.0; -36.38315418574228 31.145974860893723 0.0; -35.27166221481396 30.366101231758442 0.0; -37.240597662934796 27.82300361433923 0.0; -41.64994567927698 26.12896637772179 0.0; -39.80201613182493 26.626563959341517 0.0; -39.69169169736142 27.538526087977147 0.0; -40.483897903241704 25.395872563148195 0.0; -39.9833398918518 24.350585347744058 0.0; -38.86835606981298 23.412265398992478 0.0; -40.06471081130386 22.979291504926906 0.0; -39.62350039336762 21.673757792398327 0.0; -40.85221849706629 20.57977485493256 0.0; -39.9011001438325 18.868216657368933 0.0; -38.72589885303959 18.405486018939197 0.0; -42.23256933116739 19.350257349411113 0.0; -41.13488381850717 14.161023676539433 0.0; -37.485190473494036 17.309660293314852 0.0; -35.27671962794152 17.404097079075843 0.0; -33.49914994628363 15.012329800700245 0.0; -31.523889267784206 16.0657708610257 0.0; -31.299534084260735 14.599334699226228 0.0; -31.425954005811228 14.09192273834634 0.0; -31.640598058169036 16.038348678560734 0.0; -29.01715706279938 14.060513970761077 0.0; -29.1551641511351 16.135296522531455 0.0; -28.19202268447741 16.134675241273744 0.0; -25.09748458590207 15.737333853832695 0.0; -25.350945725981155 18.705820452748995 0.0; -24.833559186392243 19.997592031015316 0.0; -26.200465728034548 21.63853966111469 0.0; -23.828024945750194 21.665247757360188 0.0; -25.042698480202244 20.178884835725793 0.0; -23.274878419127607 22.477420144709757 0.0; -24.685010881783935 23.944240285206167 0.0]
npts :	50
nout :	10
model :	(x,t) -> (x[1]-t[1])^2 + (x[2]-t[2])^2 - t[3]^2
dim :	3
cluster :	false
noise :	true
solution :	[-32.0, 23.2, 7.5]
description :	type3: test sphere2d with noise and outliers
