name :	sphere2D
data :	[34.934210826460884 -17.697829352167474 0.0; 34.92240861018728 -10.14279784669412 0.0; 18.828818657478973 -1.6029857871243118 0.0; 34.04006155225771 0.9336771346102861 0.0; 32.12161389492799 -1.168808047139546 0.0; 20.021205549612493 10.759753844313465 0.0; 14.476021338061205 13.89564253761773 0.0; 7.0055738766878015 14.888679379790668 0.0; 0.24556718692600293 13.958541418427282 0.0; -6.376896205270208 11.807102475344879 0.0; -10.765451829356275 7.778675837662318 0.0; -16.267935659184577 4.105681780978773 0.0; -22.663126653821383 0.2736794706574839 0.0; -24.830480305994055 -7.632975289519993 0.0; -25.0562270045611 -13.04479564301109 0.0; -22.783497436283856 -19.2421527548624 0.0; -17.6854791382029 -29.174025679448985 0.0; -22.672247624778727 -32.335698620120226 0.0; -1.4223644622286464 -35.48146001999418 0.0; -13.258588717493284 -41.502963611084326 0.0; -4.77944275246599 -44.261821619091066 0.0; 1.3254567914004702 -48.49419673834389 0.0; 8.48840639900114 -49.8314105103407 0.0; 14.44505646703552 -47.79972118626534 0.0; 9.604572100265065 -32.00975780354142 0.0; 25.674213708063302 -39.403955725464016 0.0; 30.924382114341956 -35.827464501529576 0.0; 32.43347157058137 -28.694499654445412 0.0; 36.8638580168616 -23.56695627074823 0.0; 36.93703488425403 -17.173553541947392 0.0]
npts :	30
nout :	6
model :	(x,t) -> (x[1]-t[1])^2 + (x[2]-t[2])^2 - t[3]^2
dim :	3
cluster :	false
noise :	true
solution :	[5.6, -16.8, 31.2]
description :	type3: test sphere2d with noise and outliers
