name :	sphere2D
data :	[-8.062945836970707 -16.902605094098984 0.0; -7.996458504967784 -12.98114888197059 0.0; -10.987769294035287 -9.585664030243455 0.0; -11.893837710536843 -4.041061110291418 0.0; -9.541215803075476 -4.7721473912414005 0.0; -18.432754912296506 -0.9447556521242335 0.0; -20.932215739251564 4.266149414578912 0.0; -16.38661326245533 -5.4146516249716745 0.0; -28.408309801963657 6.8870604631534675 0.0; -31.55832796415442 6.15891685614819 0.0; -38.79577788249941 6.7471706828022775 0.0; -32.41757603139174 -4.2546316292941055 0.0; -45.22703106178456 4.244379724095624 0.0; -48.300045927664 3.9951052500373154 0.0; -51.27475295181685 -2.41162378833254 0.0; -53.02582431409465 -5.27443249498071 0.0; -66.44070203396012 0.05099214449309386 0.0; -56.951772687837824 -13.117185504117767 0.0; -56.421863236587384 -18.865238786374178 0.0; -44.96360775102291 -27.148418217137447 0.0; -56.36313676362086 -24.90311149816624 0.0; -54.7104100128163 -31.294099308248178 0.0; -41.02638751994898 -26.68616780406028 0.0; -48.347006009863634 -35.792685355645105 0.0; -42.874037060222975 -38.64567920350018 0.0; -42.14699599599543 -38.57495575233668 0.0; -38.51655638331685 -41.15640425196414 0.0; -33.311559752504785 -41.11929715564519 0.0; -29.45182477092964 -39.879423416481195 0.0; -24.873876677042436 -39.69849457974376 0.0; -20.01867522540224 -37.64185187720236 0.0; -17.324010932218908 -35.124603159105874 0.0; -15.459941621320274 -32.542154236147354 0.0; -11.75389636593523 -29.173990898637697 0.0; -11.974556710978938 -20.16951330827701 0.0; -8.168618403272708 -19.810429773276578 0.0; -8.725392424935578 -17.895058645096185 0.0]
npts :	37
nout :	7
model :	(x,t) -> (x[1]-t[1])^2 + (x[2]-t[2])^2 - t[3]^2
dim :	3
cluster :	false
noise :	true
solution :	[-32.8, -17.3, 24.0]
description :	type3: test sphere2d with noise and outliers
