name :	sphere2D
data :	[26.366430961482127 -28.99694228211138 0.0; 26.487652157375393 -25.218557200820786 0.0; 26.97513592752395 -21.505350173711754 0.0; 27.055875894486473 -20.270610125266785 0.0; 25.661962512650913 -19.77584283220218 0.0; 22.96724980146451 -18.22923821742503 0.0; 15.888215458786695 -20.00391346158184 0.0; 21.614046028441887 -15.051215003137601 0.0; 16.554533641587863 -15.53028854477408 0.0; 16.48644976333808 -14.418143999209562 0.0; 11.350086666751416 -14.955583161127754 0.0; 8.259850092223367 -17.918274335594596 0.0; 9.977757831667379 -16.22062065798828 0.0; 1.3210840894023086 -24.096524709258397 0.0; 8.97796621721233 -21.728224672799854 0.0; 4.475138987391171 -22.63944677192646 0.0; 6.940971816581864 -23.52278823663385 0.0; 2.848328099837249 -25.883263568953616 0.0; 4.167725948082614 -26.411563196775468 0.0; 4.170970160913364 -29.656249267505512 0.0; 3.7995948196295704 -32.628972893816304 0.0; 5.057161714821523 -33.73461550609084 0.0; 4.222481800971655 -34.45091067554994 0.0; 9.031405694733834 -36.39725224253384 0.0; 11.130366512519682 -37.66144930978797 0.0; 13.52415522977828 -40.10744411814872 0.0; 14.912924859244233 -38.04211584457032 0.0; 11.8215092056235 -43.216564396233046 0.0; 20.73429770457767 -36.705204227511075 0.0; 21.391823798845248 -38.57841027598227 0.0; 22.52361067743559 -37.54372023390352 0.0; 27.086178942651884 -35.46702238119207 0.0; 25.86316571364105 -35.63967275281009 0.0; 27.58982710639137 -30.917361026804453 0.0; 25.9892528022445 -27.624292047397468 0.0; 27.106186254877628 -28.163117322796822 0.0]
npts :	36
nout :	7
model :	(x,t) -> (x[1]-t[1])^2 + (x[2]-t[2])^2 - t[3]^2
dim :	3
cluster :	false
noise :	true
solution :	[16.0, -27.5, 12.3]
description :	type3: test sphere2d with noise and outliers
