name :	sphere2D
data :	[42.21886208862714 -36.809527722157156 0.0; 44.15273287358694 -32.15703612111331 0.0; 40.5325854990776 -29.406707100503077 0.0; 39.784144135683306 -26.182957132893932 0.0; 30.279064676153396 -23.505139911744028 0.0; 37.6744535950904 -22.16154733854965 0.0; 30.733330452817217 -24.301812389541368 0.0; 44.72118840866031 -16.933022985345897 0.0; 31.64871199319069 -15.982248057573846 0.0; 30.739775174123547 -16.3714545375736 0.0; 27.07358613617734 -15.517419783001783 0.0; 20.966765022989033 -13.16010778027129 0.0; 22.31792967752271 -14.816699845791538 0.0; 20.547869566809865 -12.831988635876508 0.0; 18.163161836335515 -13.947000695705752 0.0; 14.468895821686134 -14.939625100262013 0.0; 12.78945275108137 -12.668533215108116 0.0; -0.12647705057045044 -16.31101208693275 0.0; 7.339260637677448 -18.201200158868076 0.0; 6.979432070420009 -20.48148927783635 0.0; 4.116386585740464 -24.20068209107278 0.0; -0.7661128183685042 -25.277677397992235 0.0; 2.125466199892432 -27.26452597737067 0.0; 0.6984656770445479 -27.999669835079757 0.0; 1.3130062098202862 -31.601896561106894 0.0; 1.3640958984565854 -33.96423796699437 0.0; -1.9503087460432782 -36.59361304129805 0.0; 0.4158700041339369 -38.24002480601249 0.0; 1.170000229004758 -42.2124773965004 0.0; 0.6963283304525474 -43.14142282490047 0.0; 10.17556363476325 -52.17791895419328 0.0; 3.845671208131315 -49.40085824854468 0.0; 5.347924771292649 -49.757320444037894 0.0; 8.139841898118238 -53.488537066424215 0.0; 16.132947386061023 -65.32730049612533 0.0; 12.869019257023721 -56.088322898088634 0.0; 14.48238051042074 -55.991464398896134 0.0; 17.232786955156577 -56.91992206285308 0.0; 20.016961153984596 -55.76409632913249 0.0; 19.772191268948397 -57.53409022383609 0.0; 25.533511032395786 -54.9636822659778 0.0; 29.010223051000402 -61.349074046689246 0.0; 29.04438946994769 -55.15072599685108 0.0; 31.85452959141586 -53.63855235790664 0.0; 34.3114991819825 -51.3188481737097 0.0; 37.487897381889915 -48.702442022185686 0.0; 38.67652673179132 -47.804938950100215 0.0; 39.92761088238324 -46.313135775540374 0.0; 40.86365100213625 -43.719636964203836 0.0; 40.52397642588799 -41.0163342637867 0.0; 43.28638322354318 -36.94360892670406 0.0; 40.81533000046296 -34.77066520405118 0.0]
npts :	52
nout :	10
model :	(x,t) -> (x[1]-t[1])^2 + (x[2]-t[2])^2 - t[3]^2
dim :	3
cluster :	false
noise :	true
solution :	[21.0, -35.2, 21.0]
description :	type3: test sphere2d with noise and outliers
