name :	sphere2D
data :	[64.81376308442555 8.98587944251803 0.0; 64.82960191950613 17.71416693843472 0.0; 61.779855719598295 23.655154035534807 0.0; 56.75672384020683 30.745529068661597 0.0; 35.93783039826002 49.644460813906534 0.0; 46.09232530897922 40.91544228916342 0.0; 37.97442145459932 46.175041435972446 0.0; 31.007824926161 45.27949625025213 0.0; 23.83689502243329 45.07163441071421 0.0; 13.229861636536828 44.46805197698426 0.0; 17.315442271149585 51.3073850141999 0.0; 2.0127940876920487 36.54588010559887 0.0; -16.626553862848013 20.664537893552307 0.0; -3.2831102319531427 29.527824480585387 0.0; -11.606108200422813 16.838579971541265 0.0; -13.70449486103827 9.158834094898681 0.0; -11.55174826013696 0.2057806982465038 0.0; -8.881043281730229 -5.706313129206833 0.0; -3.7425242088368176 -14.337773903252982 0.0; 0.7344899439194896 -19.231908726334368 0.0; 5.929320343421412 -23.406649254333324 0.0; 14.962429784260005 -29.53474875761652 0.0; 33.20491400035557 -44.63153908813131 0.0; 29.21336965026939 -28.9174462513472 0.0; 38.56943574689634 -27.230005098520902 0.0; 45.588140860679864 -25.633196917370057 0.0; 51.714410803838206 -19.48338582569616 0.0; 63.20811894069054 2.0062430314213096 0.0; 61.24294612829182 -7.393417299386146 0.0; 65.67419335211784 -0.48756848304611866 0.0; 64.7503177002864 8.912238277703947 0.0]
npts :	31
nout :	6
model :	(x,t) -> (x[1]-t[1])^2 + (x[2]-t[2])^2 - t[3]^2
dim :	3
cluster :	false
noise :	true
solution :	[26.2, 8.9, 38.3]
description :	type3: test sphere2d with noise and outliers
