name :	sphere2D
data :	[65.83845135173738 10.548125973898241 0.0; 73.17665939308677 0.6986370460970028 0.0; 60.75723473685666 8.083731083457529 0.0; 60.77539988198349 11.302181797705629 0.0; 57.98367909055816 15.408999579366661 0.0; 57.635091877461846 18.280772782985 0.0; 54.8474919596975 23.211275626708176 0.0; 48.30552379745393 23.644954685774724 0.0; 45.279780337835824 28.812068207481758 0.0; 29.749111195216013 31.22580862587205 0.0; 39.52547184710368 32.0926316964216 0.0; 34.463574612310936 32.42697313518184 0.0; 17.55053512825277 31.29263693762015 0.0; 25.39463744965927 36.73754849026244 0.0; 8.109242458491192 31.035340299823147 0.0; 16.4044868471864 36.28112951236272 0.0; 6.743810095924701 31.690814776142794 0.0; 7.204978337590734 30.032911360838707 0.0; 4.679480743370365 27.021798138942188 0.0; -0.03366246471300005 27.78652813888488 0.0; -13.669945537467397 39.33654933593945 0.0; 2.9056329512559547 36.28063480484792 0.0; -6.564707187966983 14.446779018985206 0.0; -8.60891234097533 9.31527920284843 0.0; -12.704833484694744 21.620328684137903 0.0; -12.145204375818537 2.7986272582997893 0.0; -13.450496474329313 -2.4710813141761716 0.0; -11.228823837505306 -8.46505335811248 0.0; -12.94107958906466 -11.424378454395129 0.0; -8.086287097546967 -16.946364617344013 0.0; -7.960505321758375 -19.681812075658502 0.0; -4.4674745868670875 -22.35061372631558 0.0; -1.907127155933296 -27.759546863983168 0.0; 2.1067530044608827 -30.088504063963317 0.0; 3.8714123412932993 -33.30720500793055 0.0; 2.8872043467864117 -44.95557849135537 0.0; 11.445485550532263 -38.37840871508101 0.0; 17.15078457951409 -38.880377751715265 0.0; 18.951063143019717 -39.082708220170765 0.0; 25.3812998770852 -37.88281396588329 0.0; 31.474533100755984 -38.728432711379774 0.0; 33.82934757204276 -38.7405010584269 0.0; 39.56495398878714 -36.360685614712736 0.0; 43.17881930663233 -33.69955759296205 0.0; 47.15020161388104 -32.872847022078055 0.0; 51.67526657190995 -30.591448685189217 0.0; 53.00272260337372 -25.387688802169055 0.0; 57.8485146423404 -23.541067311457507 0.0; 60.28446134012336 -20.22883933761171 0.0; 59.64546795787665 -15.777350143368903 0.0; 64.06067507004147 -11.234097726259185 0.0; 69.26352294997298 7.613691594096278 0.0; 65.03187174353445 -2.989793698348959 0.0]
npts :	53
nout :	11
model :	(x,t) -> (x[1]-t[1])^2 + (x[2]-t[2])^2 - t[3]^2
dim :	3
cluster :	false
noise :	true
solution :	[25.6, -2.2, 37.5]
description :	type3: test sphere2d with noise and outliers
