name :	sphere2D
data :	[48.62973552914271 -17.255400948435685 0.0; 46.734745174709154 -14.060513543411965 0.0; 46.965701662573906 -9.115141727264486 0.0; 46.54691463230897 -4.416445705243789 0.0; 43.91386967429108 -1.051189455765428 0.0; 43.06279748004828 3.3019246030107166 0.0; 30.66994081100424 13.927443023325065 0.0; 32.05965110081124 9.41309985892623 0.0; 30.15981562519025 11.750267460042528 0.0; 27.146871652885988 14.885579944412608 0.0; 22.7628293824201 13.73617506679394 0.0; 16.68748998187275 9.060345578417326 0.0; 12.393615907686584 14.6385735823368 0.0; 5.104450990127362 28.789410546154166 0.0; -5.262571083909559 7.668606875650477 0.0; -1.5424255927133563 12.419001415414494 0.0; -2.5234193452040112 7.776656139237451 0.0; -7.729241287774251 5.387844585572239 0.0; -12.117032017703906 2.8751956619622527 0.0; -12.796210620297343 -1.7604020381251413 0.0; -16.036670509251227 -4.815264689006594 0.0; -17.044966469940373 -8.083836612636336 0.0; -17.757849409264843 -19.934095044886007 0.0; -19.878761470496595 -17.3333856034802 0.0; -18.92954673258196 -21.100214094997085 0.0; -18.796060725633705 -28.21125123027541 0.0; -16.449725025641843 -29.85722678708856 0.0; -15.060504444798648 -37.37848119762956 0.0; -12.365001539412148 -38.863981410672615 0.0; -8.720427755972471 -41.8893551894008 0.0; -5.479397781487294 -32.04671931819604 0.0; -0.9230442504211628 -47.97897068432179 0.0; 3.51153038405785 -50.514710228222185 0.0; -5.099568809757644 -45.90374999941474 0.0; 11.732191249971793 -52.32065109241237 0.0; 32.06523426586958 -49.64253059560044 0.0; 22.166587754968326 -52.73515569524219 0.0; 27.04774094588405 -51.38070863326064 0.0; 31.315151427509317 -49.277819487982825 0.0; 36.24433088380999 -46.343724350538935 0.0; 37.17742465218494 -42.83233209158554 0.0; 39.95205804938573 -41.926650774348786 0.0; 42.55921317077481 -36.73630916518017 0.0; 44.93577013195738 -32.26618819135777 0.0; 45.88697751712442 -27.641290307258952 0.0; 49.53058465984332 -23.41792603796982 0.0; 37.92837983675547 -6.3939178334148465 0.0]
npts :	47
nout :	9
model :	(x,t) -> (x[1]-t[1])^2 + (x[2]-t[2])^2 - t[3]^2
dim :	3
cluster :	false
noise :	true
solution :	[14.6, -18.6, 34.0]
description :	type3: test sphere2d with noise and outliers
