name :	sphere2D
data :	[32.241094161680984 -31.09946408916439 0.0; 35.233737781383 -25.162322689491067 0.0; 31.87191608524493 -29.711512906934267 0.0; 31.024831988149565 -28.596491621683164 0.0; 27.428175374331115 -20.418764104696322 0.0; 24.157940589834798 -20.56646777492401 0.0; 21.012736231099154 -21.48437487864532 0.0; 18.204126087339194 -22.065040213458555 0.0; 15.902192569194101 -23.139346843126557 0.0; 12.801705156762472 -26.259062528627872 0.0; 14.310619831285381 -27.19094868353604 0.0; 10.278245599596774 -35.546616553436785 0.0; 12.69058805678736 -32.860987320910624 0.0; 12.409735237025377 -36.17143188784957 0.0; 16.495447027595947 -38.501212245575466 0.0; 12.09917435060055 -41.57187742673106 0.0; 20.583048206106852 -40.53611051346523 0.0; 22.8339149871649 -40.72694329114617 0.0; 26.574156039868857 -41.42310091432361 0.0; 30.145392604274058 -37.986504184016745 0.0; 29.298419415253985 -37.09916285073405 0.0; 30.920057690760416 -33.71398741546689 0.0; 32.10776750265623 -32.637997457143534 0.0]
npts :	23
nout :	5
model :	(x,t) -> (x[1]-t[1])^2 + (x[2]-t[2])^2 - t[3]^2
dim :	3
cluster :	false
noise :	true
solution :	[22.3, -31.2, 10.1]
description :	type3: test sphere2d with noise and outliers
