name :	sphere2D
data :	[5.534280783982441 -36.212019128406794 0.0; 2.489960513753908 -18.99329957654497 0.0; 0.752484620002121 -12.543842389374674 0.0; -1.273333172944145 -7.845789965251094 0.0; -14.865287281844232 -7.58364772619972 0.0; -8.981591114991694 1.1573946351704305 0.0; -2.9388315979751596 -7.240714108532253 0.0; -16.961961772744196 8.691134485981372 0.0; -19.234827924774752 11.970192400537206 0.0; -24.353339914739653 13.631369734302414 0.0; -30.72912115817282 15.352683662318265 0.0; -35.88113616916874 14.331063015578104 0.0; -43.96050616872119 13.209221362762964 0.0; -47.885436742103366 14.456195946614717 0.0; -53.15109354000118 12.159704046053761 0.0; -59.81965061770691 8.446776257353367 0.0; -62.166884934626026 5.54352856897117 0.0; -67.7592078542033 2.2741761208558926 0.0; -70.55489432474778 -2.6513957844745453 0.0; -72.34083362768794 -9.578624868178238 0.0; -93.94513102479985 -9.013972856075911 0.0; -76.83971332249965 -18.241534435713113 0.0; -74.71659340313887 -23.215977513954577 0.0; -76.20704117214936 -29.494437627934264 0.0; -73.83375509780213 -33.30970603871583 0.0; -73.76721066823023 -40.28349440338442 0.0; -70.60727770407894 -43.665606607705044 0.0; -66.32106497854589 -48.725697157920116 0.0; -61.10035877869321 -55.24268069308664 0.0; -59.382795328477656 -55.688653106959556 0.0; -54.10242407055044 -60.09249233431247 0.0; -49.856494398264964 -61.90817233701613 0.0; -31.264614724792377 -73.12321866837345 0.0; -36.981937888343644 -61.547639471513726 0.0; -36.63657711789377 -52.06932734283133 0.0; -24.28085077358398 -62.41750754774394 0.0; -22.927345446841496 -59.72862741190546 0.0; -14.91773360549634 -56.9379056953356 0.0; 0.41157220631285973 -52.05315441921977 0.0; -6.695154114586778 -48.12017908908113 0.0; -6.7670338114915065 -36.509558882742596 0.0; -6.829937620080914 -56.79323752480459 0.0; 0.5304511478853688 -35.29084906643894 0.0; 1.5870608338578331 -29.48034567549036 0.0; 1.4777205555831987 -24.699747437922632 0.0]
npts :	45
nout :	9
model :	(x,t) -> (x[1]-t[1])^2 + (x[2]-t[2])^2 - t[3]^2
dim :	3
cluster :	false
noise :	true
solution :	[-37.1, -23.8, 39.0]
description :	type3: test sphere2d with noise and outliers
