name :	sphere2D
data :	[26.056784514851113 26.692433222684897 0.0; 28.17184063457609 26.412824476215548 0.0; 26.05774011950175 29.134674547014374 0.0; 26.76867296976296 36.3632201803358 0.0; 23.895307478905252 32.854548453138754 0.0; 20.02496012518743 35.20930379235779 0.0; 22.232833257045883 33.48515878165377 0.0; 23.303239355084052 39.44453603608363 0.0; 16.928256186405587 34.06233643602033 0.0; 17.735002653660967 34.483615344669104 0.0; 17.850230625083817 33.59235455769798 0.0; 14.606760017208908 32.86231508322522 0.0; 14.428457366848063 33.17386459257551 0.0; 12.71437043447941 33.614507083926306 0.0; 11.745441910806434 33.098709083162376 0.0; 10.311784105242843 30.414449894053046 0.0; 6.974211915714988 29.186964793084794 0.0; 10.28370395212376 28.86748207358834 0.0; 7.414401718650966 26.448107770669775 0.0; 9.993440122640122 24.66977068610927 0.0; 10.698491257795215 22.39483662749226 0.0; 8.589570466693488 21.578151287505804 0.0; 12.153809399134879 19.938949022352556 0.0; 11.939055671366575 16.897312204539226 0.0; 12.497937510270873 17.47433399485859 0.0; 13.71056154678072 16.973113965267398 0.0; 18.963102680353785 16.438119462440806 0.0; 17.98080020663025 15.317619325794345 0.0; 17.776607586935462 17.560437565157294 0.0; 21.236706082370443 17.173703301930487 0.0; 20.5830418283649 17.646416899323544 0.0; 25.74307721046483 18.098451477501015 0.0; 24.81860991074546 20.59358189059178 0.0; 24.862816958105412 21.431023346574836 0.0; 22.435285270343627 28.168142418478137 0.0; 25.10611563833708 23.56564087061629 0.0; 25.69615316312389 26.401692269378906 0.0]
npts :	37
nout :	7
model :	(x,t) -> (x[1]-t[1])^2 + (x[2]-t[2])^2 - t[3]^2
dim :	3
cluster :	false
noise :	true
solution :	[17.4, 25.9, 9.2]
description :	type3: test sphere2d with noise and outliers
