name :	line2d
data :	[-15.0 43.469441170672695; -14.30232558139535 46.87800861053333; -13.604651162790697 48.403358940378446; -12.906976744186046 38.76157824464386; -12.209302325581396 39.562342083630256; -11.511627906976743 34.83924927577378; -10.813953488372093 29.619359077972216; -10.116279069767442 15.171573798091206; -9.418604651162791 18.123827428990282; -8.720930232558139 12.928726409774104; -8.023255813953488 15.272959156879617; -7.325581395348837 -65.26675651279682; -6.627906976744186 300.5276472696125; -5.930232558139535 0.3253894782837996; -5.232558139534884 -10.153202283346833; -4.534883720930233 -4.261326850391455; -3.8372093023255816 -7.953094852192543; -3.13953488372093 -13.926264608168976; -2.441860465116279 -18.17076205835715; -1.744186046511628 -33.62775979176557; -1.0465116279069768 302.62810546469257; -0.3488372093023256 285.5564014415994; 0.3488372093023256 -37.06220884793909; 1.0465116279069768 -40.38146743091977; 1.744186046511628 -42.412319465185405; 2.441860465116279 -47.24917844583659; 3.13953488372093 -54.139995574578016; 3.8372093023255816 -56.508483388526294; 4.534883720930233 -56.26745602442691; 5.232558139534884 -70.76158913814967; 5.930232558139535 -77.79958928101969; 6.627906976744186 -79.68041854516667; 7.325581395348837 -75.26325963614971; 8.023255813953488 -87.805080427026; 8.720930232558139 -83.69788915256292; 9.418604651162791 -87.919884695108; 10.116279069767442 -89.01304031118194; 10.813953488372093 -105.65892854935495; 11.511627906976743 -369.5257495343809; 12.209302325581396 -76.69585475176342; 12.906976744186046 -117.52073251082794; 13.604651162790697 -151.63985644325743; 14.30232558139535 -128.92116003959296; 15.0 -124.61713314101077]
npts :	44
nout :	9
model :	(x,t) -> t[1]*x + t[2]
dim :	2
cluster :	false
noise :	true
solution :	[-5.8, -22.8]
description :	type2: line model
