name :	line2d
data :	[-15.0 75.46610591978373; -13.235294117647058 56.85678545834659; -11.470588235294118 49.37190821315238; -9.705882352941176 45.013517452704825; -7.9411764705882355 -127.9958391768665; -6.176470588235294 28.088002740787424; -4.411764705882353 19.951661862227276; -2.6470588235294117 -21.02504653967216; -0.8823529411764706 -17.280007728599102; 0.8823529411764706 -10.622317556499697; 2.6470588235294117 -28.978751314967035; 4.411764705882353 163.75346410139556; 6.176470588235294 -40.048800309268486; 7.9411764705882355 -55.614258005419984; 9.705882352941176 -56.21781765145498; 11.470588235294118 -67.610650017519; 13.235294117647058 -82.79708306552644; 15.0 -88.98479364716852]
npts :	18
nout :	4
model :	(x,t) -> t[1]*x + t[2]
dim :	2
cluster :	false
noise :	true
solution :	[-5.4, 6.3]
description :	type2: line model
