name :	line2d
data :	[-15.0 32.24268420226707; -14.090909090909092 -215.50063665769602; -13.181818181818182 -198.93749497014184; -12.272727272727273 -182.6610480219677; -11.363636363636363 -411.8457588756003; -10.454545454545455 -230.44254509369102; -9.545454545454545 -140.93075177457754; -8.636363636363637 -131.21087876871826; -7.7272727272727275 -114.95569050981216; -6.818181818181818 -105.6284734440533; -5.909090909090909 -98.82076955951649; -5.0 -81.37032011104645; -4.090909090909091 -61.427774331745034; -3.1818181818181817 -49.7874958899376; -2.272727272727273 -44.80788222000764; -1.3636363636363635 -28.36775787827012; -0.45454545454545453 -12.58762764441228; 0.45454545454545453 121.81313571402488; 1.3636363636363635 69.69730463915394; 2.272727272727273 29.505142917192053; 3.1818181818181817 31.460929945263292; 4.090909090909091 47.36062272716701; 5.0 57.50928255655293; 5.909090909090909 111.37466238016822; 6.818181818181818 487.569699642423; 7.7272727272727275 95.09011009388205; 8.636363636363637 121.51215654863157; 9.545454545454545 131.60693879723254; 10.454545454545455 134.68088347071176; 11.363636363636363 157.71161376410464; 12.272727272727273 171.83824220165624; 13.181818181818182 185.57103831313563; 14.090909090909092 197.9930344214807; 15.0 208.1728928899634]
npts :	34
nout :	7
model :	(x,t) -> t[1]*x + t[2]
dim :	2
cluster :	false
noise :	true
solution :	[14.4, 4.8]
description :	type2: line model
