name :	line2d
data :	[-15.0 315.75343014844753; -14.318181818181818 301.6032375312054; -13.636363636363637 291.21334965553365; -12.954545454545455 276.3656114257652; -12.272727272727273 536.0997367592211; -11.590909090909092 249.0596983822026; -10.909090909090908 237.86673238817568; -10.227272727272727 225.2259976330917; -9.545454545454545 208.95742609072187; -8.863636363636363 413.00791619448637; -8.181818181818182 185.15676506218634; -7.5 369.694568367685; -6.818181818181818 149.98001667692654; -6.136363636363637 144.3469957987333; -5.454545454545454 123.12960825228542; -4.7727272727272725 109.74638959404992; -4.090909090909091 96.5342806409968; -3.409090909090909 90.20716678350927; -2.727272727272727 71.18538927057048; -2.0454545454545454 56.29828224935996; -1.3636363636363635 52.583565970516375; -0.6818181818181818 156.8843424194934; 0.0 21.810145689483186; 0.6818181818181818 299.94608140868763; 1.3636363636363635 -9.140084484138276; 2.0454545454545454 -20.293098550638163; 2.727272727272727 -37.938324886351424; 3.409090909090909 -44.94931625510833; 4.090909090909091 -61.9441367475319; 4.7727272727272725 -380.7488280626445; 5.454545454545454 -84.69565686033103; 6.136363636363637 -100.52793381087237; 6.818181818181818 -119.71803404897452; 7.5 -129.05827500297056; 8.181818181818182 123.96205921943093; 8.863636363636363 -154.82916724489894; 9.545454545454545 -172.98716981407676; 10.227272727272727 -181.74930880484655; 10.909090909090908 -283.81881940074015; 11.590909090909092 -212.70810856003962; 12.272727272727273 -222.17185318384907; 12.954545454545455 -233.49294731177054; 13.636363636363637 -253.74115425371141; 14.318181818181818 -266.59422976058124; 15.0 -532.9406906771119]
npts :	45
nout :	9
model :	(x,t) -> t[1]*x + t[2]
dim :	2
cluster :	false
noise :	true
solution :	[-19.8, 5.6]
description :	type2: line model
