name :	line2d
data :	[-15.0 154.7945052245295; -13.421052631578947 151.59468392488873; -11.842105263157896 267.46637441161033; -10.263157894736842 114.8104408506118; -8.68421052631579 113.22423342514602; -7.105263157894737 101.18456943904098; -5.526315789473684 76.61023626516106; -3.9473684210526314 74.28254855059141; -2.3684210526315788 55.83727911565199; -0.7894736842105263 -204.4901699948872; 0.7894736842105263 28.179321770897594; 2.3684210526315788 22.977477353846538; 3.9473684210526314 6.903136159450558; 5.526315789473684 -10.054534750728193; 7.105263157894737 -22.888425985266537; 8.68421052631579 -24.69964683376835; 10.263157894736842 -46.833934248958286; 11.842105263157896 -54.775560163064775; 13.421052631578947 -61.87912254216532; 15.0 -353.6857708458392]
npts :	20
nout :	4
model :	(x,t) -> t[1]*x + t[2]
dim :	2
cluster :	false
noise :	true
solution :	[-7.9, 25.9]
description :	type2: line model
