name :	line2d
data :	[-15.0 -47.11228988556431; -13.421052631578947 -41.45483429490545; -11.842105263157896 -34.435719055382066; -10.263157894736842 -32.09982478191223; -8.68421052631579 -28.145157257273894; -7.105263157894737 -21.21586651971124; -5.526315789473684 -18.224113485667274; -3.9473684210526314 89.86741636945689; -2.3684210526315788 -6.624525210713486; -0.7894736842105263 -422.5612291325754; 0.7894736842105263 -2.562344463906343; 2.3684210526315788 8.263582502566672; 3.9473684210526314 17.49950223138221; 5.526315789473684 21.21552786884094; 7.105263157894737 75.11604032084674; 8.68421052631579 32.01816599771371; 10.263157894736842 32.31406846492611; 11.842105263157896 275.135804791166; 13.421052631578947 50.77960482421739; 15.0 50.4560621951804]
npts :	20
nout :	4
model :	(x,t) -> t[1]*x + t[2]
dim :	2
cluster :	false
noise :	true
solution :	[3.5, -12.8]
description :	type2: line model
