name :	line2d
data :	[-15.0 -146.62612687289786; -14.30232558139535 148.20837082981868; -13.604651162790697 -127.79244925507598; -12.906976744186046 -129.79951765563038; -12.209302325581396 -120.78979127722604; -11.511627906976743 -107.82073378244277; -10.813953488372093 -106.57726385447174; -10.116279069767442 -89.19023706266832; -9.418604651162791 -81.93345351126774; -8.720930232558139 -77.24756243068265; -8.023255813953488 -74.77109156210477; -7.325581395348837 -61.657863223841645; -6.627906976744186 -56.442134167864324; -5.930232558139535 -43.180812695950394; -5.232558139534884 -213.0373986013667; -4.534883720930233 -34.52627586501955; -3.8372093023255816 -30.713541475351892; -3.13953488372093 239.79128894727245; -2.441860465116279 -13.205675103158837; -1.744186046511628 -3.4539091183109765; -1.0465116279069768 11.14990381167102; -0.3488372093023256 17.23319279035961; 0.3488372093023256 14.808077378967637; 1.0465116279069768 29.676720536809036; 1.744186046511628 -89.24840975291166; 2.441860465116279 69.4300466211056; 3.13953488372093 52.24967165142665; 3.8372093023255816 187.82913047853083; 4.534883720930233 68.13691397742197; 5.232558139534884 68.21826079502851; 5.930232558139535 86.17636065119837; 6.627906976744186 -33.67410613955015; 7.325581395348837 90.49941599496512; 8.023255813953488 101.14572230992408; 8.720930232558139 105.38971516819872; 9.418604651162791 125.0893259862899; 10.116279069767442 126.6161287184675; 10.813953488372093 202.9134722436865; 11.511627906976743 141.37192810843104; 12.209302325581396 146.18241770445934; 12.906976744186046 158.24152071556782; 13.604651162790697 163.7627772888726; 14.30232558139535 173.88322876883507; 15.0 57.09053892102814]
npts :	44
nout :	9
model :	(x,t) -> t[1]*x + t[2]
dim :	2
cluster :	false
noise :	true
solution :	[10.9, 1.6]
description :	type2: line model
