name :	line2d
data :	[-15.0 296.80373721170497; -13.846153846153847 263.5797203058085; -12.692307692307692 249.19455763761613; -11.538461538461538 225.54604079312045; -10.384615384615385 195.3887840308102; -9.23076923076923 174.80385639007392; -8.076923076923077 158.7616507688221; -6.923076923076923 133.10410167808197; -5.769230769230769 104.57401989554897; -4.615384615384615 242.9247973206158; -3.4615384615384617 68.93810464537076; -2.3076923076923075 245.21607414593439; -1.1538461538461537 18.614070688150726; 0.0 -6.263679303026145; 1.1538461538461537 -26.47621625184568; 2.3076923076923075 -46.665149432214704; 3.4615384615384617 -76.49362697584036; 4.615384615384615 -100.69229813914527; 5.769230769230769 82.20629299745214; 6.923076923076923 -544.7202059359877; 8.076923076923077 -166.94727729009037; 9.23076923076923 -193.2478151813796; 10.384615384615385 -245.55724394885254; 11.538461538461538 -234.2394675003839; 12.692307692307692 -255.32712588071675; 13.846153846153847 -280.656213058435; 15.0 -306.03744096445183]
npts :	27
nout :	5
model :	(x,t) -> t[1]*x + t[2]
dim :	2
cluster :	false
noise :	true
solution :	[-19.9, 7.7]
description :	type2: line model
