name :	line2d
data :	[-15.0 87.14995448306627; -14.268292682926829 86.90839469379553; -13.536585365853659 79.33713798377468; -12.804878048780488 72.57753343787176; -12.073170731707316 65.50591572824905; -11.341463414634147 65.22443774273165; -10.609756097560975 -51.68236059386342; -9.878048780487806 52.38754723790167; -9.146341463414634 52.51327247633578; -8.414634146341463 54.60567250845382; -7.682926829268292 47.496406611826316; -6.951219512195122 34.57508025847715; -6.219512195121951 38.86776500622541; -5.487804878048781 424.1264389519906; -4.7560975609756095 26.25871039385125; -4.024390243902439 27.486314934012235; -3.292682926829268 26.28553190606091; -2.5609756097560976 8.32805475288373; -1.829268292682927 7.253189943424379; -1.0975609756097562 10.464652407889954; -0.36585365853658536 8.847616714012034; 0.36585365853658536 154.1989049024183; 1.0975609756097562 67.49874974918882; 1.829268292682927 -14.174718904133696; 2.5609756097560976 -12.654414547014426; 3.292682926829268 -12.022475073738047; 4.024390243902439 29.276804701720266; 4.7560975609756095 -34.06644511643129; 5.487804878048781 -31.255920980273608; 6.219512195121951 -37.22663138832628; 6.951219512195122 -47.03801997141095; 7.682926829268292 329.4476340536865; 8.414634146341463 -53.48173988180185; 9.146341463414634 -47.72072372276716; 9.878048780487806 -52.52680125568987; 10.609756097560975 -55.879316627886745; 11.341463414634147 -93.56216425821829; 12.073170731707316 -70.89931458782749; 12.804878048780488 -77.0347044921618; 13.536585365853659 -80.63222305758087; 14.268292682926829 -87.92071931295976; 15.0 -3.6100126229429605]
npts :	42
nout :	8
model :	(x,t) -> t[1]*x + t[2]
dim :	2
cluster :	false
noise :	true
solution :	[-5.8, -13.8]
description :	type2: line model
