name :	line2d
data :	[-15.0 -225.5753233034337; -14.0625 -204.0084165805035; -13.125 -194.6177777617459; -12.1875 -7.2630884207002; -11.25 -296.6263848241127; -10.3125 -149.3559035244527; -9.375 -128.49950959995374; -8.4375 -224.31702887629638; -7.5 -102.99400276002332; -6.5625 -87.23070294948059; -5.625 -75.55556348482929; -4.6875 -60.81956370289318; -3.75 -46.413807881032795; -2.8125 -32.07586040899909; -1.875 121.27779980121669; -0.9375 -0.6143903374263964; 0.0 9.672358399834396; 0.9375 373.5296763069054; 1.875 46.53219069106269; 2.8125 62.66182440030872; 3.75 83.5753450861773; 4.6875 91.93042979978235; 5.625 113.31815216584314; 6.5625 122.61903133613441; 7.5 136.65385012701577; 8.4375 148.9096323640447; 9.375 166.75193307376452; 10.3125 185.9451933100293; 11.25 200.49589305703728; 12.1875 -49.32685609721119; 13.125 232.31207429695164; 14.0625 251.80150743969998; 15.0 256.25385930577033]
npts :	33
nout :	7
model :	(x,t) -> t[1]*x + t[2]
dim :	2
cluster :	false
noise :	true
solution :	[16.2, 4.8]
description :	type2: line model
