name :	line2d
data :	[-15.0 256.262489252869; -13.8 233.29307020467007; -12.6 486.021760125432; -11.4 193.26454036299512; -10.2 249.4317112017439; -9.0 154.08691981317617; -7.8 144.51913219786272; -6.6 126.90364879782082; -5.4 258.97737577301274; -4.2 90.73926057067403; -3.0 65.20385800587964; -1.8 50.01716116080307; -0.6 35.419456045177924; 0.6 15.708390748889343; 1.8 -216.8108468670891; 3.0 -23.618771688904626; 4.2 -43.51891951847608; 5.4 -58.18560426543384; 6.6 -80.25761871241578; 7.8 -103.34629514064576; 9.0 192.56939107528225; 10.2 -142.08153438646437; 11.4 -154.8814394797227; 12.6 -173.06243595551453; 13.8 -184.36741624919904; 15.0 -205.8027576932851]
npts :	26
nout :	5
model :	(x,t) -> t[1]*x + t[2]
dim :	2
cluster :	false
noise :	true
solution :	[-15.3, 5.8]
description :	type2: line model
