name :	line2d
data :	[-15.0 307.0736846586256; -14.375 293.3806762256579; -13.75 282.5540400596921; -13.125 270.9092670159055; -12.5 249.05847644847944; -11.875 239.13976868986296; -11.25 226.86192213949653; -10.625 214.16410854804406; -10.0 168.21459821516498; -9.375 112.00930382825477; -8.75 171.05919685465807; -8.125 164.2175238685992; -7.5 150.81680996866936; -6.875 133.14613905750878; -6.25 117.69896918311753; -5.625 101.9046476708172; -5.0 97.31306890677725; -4.375 293.4568472404244; -3.75 65.96231502138926; -3.125 53.02730645311639; -2.5 37.66976042060068; -1.875 22.704256248319933; -1.25 7.0411220978683176; -0.625 -5.884617813486356; 0.0 -154.98681926010562; 0.625 -42.37181315829597; 1.25 -40.703692272423666; 1.875 -78.8847759364354; 2.5 318.4618915070261; 3.125 -79.34724090784172; 3.75 -95.91106641056204; 4.375 -102.84448820463913; 5.0 -126.28881902908272; 5.625 -134.7077129174724; 6.25 -152.71949976877684; 6.875 -162.49445253150435; 7.5 -169.07334096962288; 8.125 -203.23383052397742; 8.75 -206.5406941245557; 9.375 -217.28945611166637; 10.0 -233.8393401433084; 10.625 -249.23299635620825; 11.25 -252.7663909099231; 11.875 -551.399589943223; 12.5 -285.75378878720915; 13.125 -442.92580403781415; 13.75 -311.07276271925855; 14.375 -328.2179243807424; 15.0 -338.4563612221538]
npts :	49
nout :	10
model :	(x,t) -> t[1]*x + t[2]
dim :	2
cluster :	false
noise :	true
solution :	[-21.4, -1.1]
description :	type2: line model
