name :	line2d
data :	[-15.0 -393.5141794505398; -14.411764705882353 -366.0441433592818; -13.823529411764707 -355.75537499024534; -13.235294117647058 -339.7132435582167; -12.647058823529411 -325.0047182875904; -12.058823529411764 -310.64427593509294; -11.470588235294118 -286.7784099562325; -10.882352941176471 -279.77269138255184; -10.294117647058824 -251.89888477936324; -9.705882352941176 -38.943225289442665; -9.117647058823529 -226.14203568894854; -8.529411764705882 -206.74631673123815; -7.9411764705882355 -190.21017808632374; -7.352941176470588 -179.77588888497684; -6.764705882352941 -150.38167144559998; -6.176470588235294 -145.77571160782927; -5.588235294117647 -423.7436626514874; -5.0 -112.49806891689444; -4.411764705882353 -96.20087566408145; -3.823529411764706 -69.29315359337771; -3.235294117647059 -50.90863683350937; -2.6470588235294117 -32.11015821938308; -2.0588235294117645 -27.492933475489842; -1.4705882352941178 -6.924232109766214; -0.8823529411764706 13.709867395285046; -0.29411764705882354 34.57809279915833; 0.29411764705882354 48.18573917327791; 0.8823529411764706 34.23025269715325; 1.4705882352941178 78.45258573691501; 2.0588235294117645 102.00528107770913; 2.6470588235294117 107.16048412511182; 3.235294117647059 -76.9064451064528; 3.823529411764706 140.11919376505836; 4.411764705882353 162.96088184942755; 5.0 178.09974949465945; 5.588235294117647 192.17892585653388; 6.176470588235294 212.29760735304038; 6.764705882352941 42.31813532416058; 7.352941176470588 71.75308257032341; 7.9411764705882355 267.6685382637019; 8.529411764705882 274.9134015698623; 9.117647058823529 304.8361770604199; 9.705882352941176 319.5351689522246; 10.294117647058824 332.09424350899116; 10.882352941176471 496.70321606653243; 11.470588235294118 369.0707632564956; 12.058823529411764 385.78529386080595; 12.647058823529411 139.16880514427265; 13.235294117647058 423.236565765341; 13.823529411764707 437.7297088088741; 14.411764705882353 449.3848643701258; 15.0 321.56295051520937]
npts :	52
nout :	10
model :	(x,t) -> t[1]*x + t[2]
dim :	2
cluster :	false
noise :	true
solution :	[28.7, 23.1]
description :	type2: line model
