name :	line2d
data :	[-15.0 -421.0585169259797; -14.0 -254.47701456893142; -13.0 -224.56960530968894; -12.0 -207.11498332169506; -11.0 -674.2913843768671; -10.0 -174.39868027584785; -9.0 -152.049834816933; -8.0 -136.95694964203966; -7.0 -135.13882613270417; -6.0 -93.00882044881533; -5.0 1.7312437003847094; -4.0 -58.58221176443945; -3.0 -38.45687086784892; -2.0 -14.124922763571348; -1.0 -2.6099661819059516; 0.0 140.21414674425904; 1.0 39.70421034982381; 2.0 61.933535820709835; 3.0 83.44974214351905; 4.0 98.89159490615467; 5.0 122.54035472150099; 6.0 137.45452585105244; 7.0 157.0546354033511; 8.0 184.36880936988422; 9.0 302.622783247719; 10.0 211.65948144346686; 11.0 240.80811041149792; 12.0 254.2805240008634; 13.0 268.39863781507654; 14.0 294.42800554080475; 15.0 318.62322492727674]
npts :	31
nout :	6
model :	(x,t) -> t[1]*x + t[2]
dim :	2
cluster :	false
noise :	true
solution :	[19.4, 8.8]
description :	type2: line model
