name :	line2d
data :	[-15.0 -358.85641367060697; -13.636363636363637 -324.82135652869766; -12.272727272727273 -355.2346882210803; -10.909090909090908 193.58992773498045; -9.545454545454545 -224.2049838789484; -8.181818181818182 -184.45106088674268; -6.818181818181818 -150.74571300481762; -5.454545454545454 3.021251075553238; -4.090909090909091 -72.6540524945627; -2.727272727272727 -50.47011709674785; -1.3636363636363635 -9.871814385513094; 0.0 23.368256290957902; 1.3636363636363635 65.65727907803917; 2.727272727272727 96.02884478497825; 4.090909090909091 127.98809774512092; 5.454545454545454 168.63072862271025; 6.818181818181818 197.78786453682235; 8.181818181818182 235.49852326676066; 9.545454545454545 275.163475938543; 10.909090909090908 297.3579392230141; 12.272727272727273 340.9703870154694; 13.636363636363637 371.23830847704204; 15.0 412.6896780399683]
npts :	23
nout :	5
model :	(x,t) -> t[1]*x + t[2]
dim :	2
cluster :	false
noise :	true
solution :	[25.6, 11.0]
description :	type2: line model
