name :	line2d
data :	[-15.0 -155.60791414559023; -12.692307692307692 -133.19274871212806; -10.384615384615385 -108.28374144775711; -8.076923076923077 -76.27985835982852; -5.769230769230769 52.19620007917527; -3.4615384615384617 -30.33752780851247; -1.1538461538461537 -79.44767184484648; 1.1538461538461537 26.246552302285927; 3.4615384615384617 -187.80989096364368; 5.769230769230769 74.20436652782308; 8.076923076923077 105.52973322043596; 10.384615384615385 124.28375354294232; 12.692307692307692 151.16722357651295; 15.0 183.65754265197899]
npts :	14
nout :	3
model :	(x,t) -> t[1]*x + t[2]
dim :	2
cluster :	false
noise :	true
solution :	[11.3, 26.2]
description :	type2: line model
