name :	cubic
data :	[-5.0 630.3022323877042; -4.787234042553192 562.1138472845666; -4.574468085106383 492.3049790698893; -4.361702127659575 909.659351442875; -4.148936170212766 359.73398094315957; -3.9361702127659575 306.7255178042915; -3.723404255319149 269.8832470924787; -3.5106382978723403 215.8841386599468; -3.297872340425532 175.72116861323565; -3.0851063829787235 153.23172515342097; -2.872340425531915 110.41291505418862; -2.6595744680851063 64.69797443649992; -2.4468085106382977 71.99891245140536; -2.234042553191489 50.99063984924152; -2.021276595744681 25.116820361000048; -1.8085106382978724 58.58584535855326; -1.5957446808510638 10.274167575925771; -1.3829787234042554 2.9455630399955073; -1.1702127659574468 -440.51481436850537; -0.9574468085106383 -15.493075030892914; -0.7446808510638298 -7.3940925677705; -0.5319148936170213 -7.898771880471656; -0.3191489361702128 -8.786673158941506; -0.10638297872340426 -15.752320288227667; 0.10638297872340426 -10.476120891779253; 0.3191489361702128 -2.567176808313425; 0.5319148936170213 -5.579349993923735; 0.7446808510638298 0.17943363913728483; 0.9574468085106383 -1.6871989343965925; 1.1702127659574468 90.40104584078628; 1.3829787234042554 6.2167618033348315; 1.5957446808510638 -2.996016817336068; 1.8085106382978724 34.38715303908019; 2.021276595744681 -4.432751431473731; 2.234042553191489 145.9620436077198; 2.4468085106382977 -16.66207315642914; 2.6595744680851063 -26.69084517465153; 2.872340425531915 -42.56104930257375; 3.0851063829787235 -249.50250623744023; 3.297872340425532 -62.19314782887392; 3.5106382978723403 -94.32132894818498; 3.723404255319149 239.87859836330605; 3.9361702127659575 -39.74881066511125; 4.148936170212766 -173.04932757736785; 4.361702127659575 -218.0446082690954; 4.574468085106383 -257.8653851672108; 4.787234042553192 -296.1480834695365; 5.0 -347.4318957912314]
npts :	48
nout :	10
model :	(x,t) -> t[1]*x[1]^3 + t[2]*x[1]^2 + t[3]*x[1] + t[4] 
dim :	4
cluster :	false
noise :	true
solution :	[-4.3, 6.1, 8.9, 3.6]
description :	type: cubic model with noise and outliers
