name :	cubic
data :	[-5.0 -875.829459648103; -4.743589743589744 -750.60253683678; -4.487179487179487 -638.4546089799541; -4.230769230769231 -547.6248370118938; -3.9743589743589745 -365.4903519746399; -3.717948717948718 -305.16591319073837; -3.4615384615384617 -299.05427530264274; -3.2051282051282053 -114.41076639837843; -2.948717948717949 -196.46175689749347; -2.6923076923076925 -141.97572600001487; -2.4358974358974357 -105.05478136410261; -2.1794871794871793 -76.34694985513256; -1.9230769230769231 -116.54456803270931; -1.6666666666666667 -30.185688090551814; -1.4102564102564104 -20.002150794232666; -1.1538461538461537 -3.6306188756344575; -0.8974358974358975 0.0018588083593940041; -0.6410256410256411 8.371629869855306; -0.38461538461538464 29.778579626045392; -0.1282051282051282 6.71278230161114; 0.1282051282051282 9.671171733249242; 0.38461538461538464 13.253641781888469; 0.6410256410256411 14.396994810662587; 0.8974358974358975 18.438933868687474; 1.1538461538461537 17.659123133721128; 1.4102564102564104 17.351527982878938; 1.6666666666666667 32.763449919153224; 1.9230769230769231 30.00877011313427; 2.1794871794871793 49.029403877974914; 2.4358974358974357 241.5119779320401; 2.6923076923076925 87.94520134638685; 2.948717948717949 123.56028837701221; 3.2051282051282053 163.17591450658813; 3.4615384615384617 205.39693267893622; 3.717948717948718 252.39799109048786; 3.9743589743589745 312.97941782008456; 4.230769230769231 738.6680065696207; 4.487179487179487 451.4152515617574; 4.743589743589744 533.3920976068459; 5.0 447.9215626501351]
npts :	40
nout :	8
model :	(x,t) -> t[1]*x[1]^3 + t[2]*x[1]^2 + t[3]*x[1] + t[4] 
dim :	4
cluster :	false
noise :	true
solution :	[6.0, -5.2, 1.3, -3.4]
description :	type: cubic model with noise and outliers
