name :	cubic
data :	[-5.0 -105.36135004691735; -4.545454545454546 -256.1726172417041; -4.090909090909091 -42.82608529277752; -3.6363636363636362 -25.59506186118152; -3.1818181818181817 -9.293755219724034; -2.727272727272727 -8.309784278677524; -2.272727272727273 3.220904756303888; -1.8181818181818181 -7.19717208496264; -1.3636363636363635 -5.828297869170232; -0.9090909090909091 0.2664164744753421; -0.45454545454545453 -6.707334663995887; 0.0 1.4092920013592263; 0.45454545454545453 -2.3266076168908683; 0.9090909090909091 13.315645901559817; 1.3636363636363635 404.9340189548763; 1.8181818181818181 43.70193906288549; 2.272727272727273 117.25187295496504; 2.727272727272727 140.03865102151792; 3.1818181818181817 155.4082462667684; 3.6363636363636362 213.67721169009596; 4.090909090909091 272.3475883067657; 4.545454545454546 369.65061007398344; 5.0 463.21620448856777]
npts :	23
nout :	5
model :	(x,t) -> t[1]*x[1]^3 + t[2]*x[1]^2 + t[3]*x[1] + t[4] 
dim :	4
cluster :	false
noise :	true
solution :	[2.1, 7.2, 4.6, 9.9]
description :	type: cubic model with noise and outliers
