name :	cubic
data :	[-5.0 -890.3661480278452; -4.565217391304348 -677.2961067600739; -4.130434782608695 -519.3773851293366; -3.6956521739130435 -374.7981598596278; -3.260869565217391 -257.4719680172926; -2.8260869565217392 -165.6524101885704; -2.391304347826087 -101.57197451894248; -1.9565217391304348 -49.53634340924101; -1.5217391304347827 -21.814041641467934; -1.0869565217391304 263.34658925804945; -0.6521739130434783 189.07962142568437; -0.21739130434782608 22.420394929861857; 0.21739130434782608 19.929675032010486; 0.6521739130434783 20.487544590533417; 1.0869565217391304 24.589448913209814; 1.5217391304347827 37.15055311441262; 1.9565217391304348 64.81096268742886; 2.391304347826087 95.56073403052783; 2.8260869565217392 -125.72995169939917; 3.260869565217391 203.10078811038272; 3.6956521739130435 282.365251839773; 4.130434782608695 378.66689408741036; 4.565217391304348 512.7097537080434; 5.0 829.7000122170034]
npts :	24
nout :	5
model :	(x,t) -> t[1]*x[1]^3 + t[2]*x[1]^2 + t[3]*x[1] + t[4] 
dim :	4
cluster :	false
noise :	true
solution :	[6.0, -5.0, 6.2, 7.1]
description :	type: cubic model with noise and outliers
