name :	cubic
data :	[-5.0 93.54197554456867; -4.824561403508772 -248.49378124183914; -4.649122807017544 174.02650545013822; -4.473684210526316 78.16047850723345; -4.298245614035087 72.66803088059653; -4.12280701754386 -107.6964729401221; -3.9473684210526314 59.32506519341807; -3.7719298245614037 51.88194135743169; -3.5964912280701755 57.63630002568203; -3.4210526315789473 50.48628628234611; -3.245614035087719 48.12222882253654; -3.0701754385964914 38.61999253537692; -2.8947368421052633 35.294935263023746; -2.719298245614035 -435.9943442522782; -2.543859649122807 37.26755357826146; -2.3684210526315788 33.170200938422624; -2.192982456140351 37.70090919665148; -2.017543859649123 37.15972410722691; -1.8421052631578947 33.251530358143484; -1.6666666666666667 29.893932116894277; -1.4912280701754386 29.427831768497736; -1.3157894736842106 28.52795302496066; -1.1403508771929824 30.93564745445733; -0.9649122807017544 32.789848248315764; -0.7894736842105263 24.926194651078315; -0.6140350877192983 33.65156978392807; -0.43859649122807015 142.29718077503745; -0.2631578947368421 20.433485581759285; -0.08771929824561403 30.392994716216084; 0.08771929824561403 25.46176917869502; 0.2631578947368421 15.83156939858386; 0.43859649122807015 17.032871996731394; 0.6140350877192983 20.082988667809662; 0.7894736842105263 -59.297993099261525; 0.9649122807017544 -102.0788003662806; 1.1403508771929824 9.095640429653558; 1.3157894736842106 6.434106956754183; 1.4912280701754386 -8.891168199298072; 1.6666666666666667 -6.274880244793085; 1.8421052631578947 -6.880803398853207; 2.017543859649123 -18.521966865500524; 2.192982456140351 -32.82032398778143; 2.3684210526315788 -33.82863259903976; 2.543859649122807 -37.58229020338991; 2.719298245614035 -386.76720953292784; 2.8947368421052633 -103.36695930694768; 3.0701754385964914 -69.2108978443141; 3.245614035087719 -243.5824165659414; 3.4210526315789473 -630.0188715627776; 3.5964912280701755 -110.4851594465874; 3.7719298245614037 -119.4956374711492; 3.9473684210526314 -134.46404375350696; 4.12280701754386 -156.98633653513812; 4.298245614035087 -222.86707744940884; 4.473684210526316 -188.98513758250755; 4.649122807017544 -208.9989911654477; 4.824561403508772 -231.32567274282272; 5.0 -250.03497950528902]
npts :	58
nout :	12
model :	(x,t) -> t[1]*x[1]^3 + t[2]*x[1]^2 + t[3]*x[1] + t[4] 
dim :	4
cluster :	false
noise :	true
solution :	[-1.0, -4.0, -9.2, 9.9]
description :	type: cubic model with noise and outliers
