name :	cubic
data :	[-5.0 792.1542627344585; -4.803921568627451 698.8431436812158; -4.607843137254902 608.5446597260445; -4.411764705882353 530.4594111734364; -4.215686274509804 461.7402481321008; -4.019607843137255 320.1063689059961; -3.823529411764706 339.53725690843976; -3.627450980392157 282.50241868422194; -3.4313725490196076 413.7649828130851; -3.235294117647059 196.7713933122876; -3.0392156862745097 164.19522840763526; -2.843137254901961 131.75962638400702; -2.6470588235294117 103.5728414247491; -2.450980392156863 86.70271525474328; -2.2549019607843137 178.70038750572266; -2.0588235294117645 44.6149801139717; -1.8627450980392157 30.583852457709362; -1.6666666666666667 25.595314905238304; -1.4705882352941178 19.195656736738513; -1.2745098039215685 19.153553526832148; -1.0784313725490196 8.019054552834666; -0.8823529411764706 16.56296602628324; -0.6862745098039216 15.30115742281381; -0.49019607843137253 79.57627673990018; -0.29411764705882354 20.340024508070528; -0.09803921568627451 11.72875190628764; 0.09803921568627451 10.372773945796299; 0.29411764705882354 15.587551777004302; 0.49019607843137253 11.139855220508235; 0.6862745098039216 -200.16899591190557; 0.8823529411764706 -179.74875293717471; 1.0784313725490196 9.952550673177809; 1.2745098039215685 -7.641457338584356; 1.4705882352941178 -19.5693603538196; 1.6666666666666667 -210.16390612247156; 1.8627450980392157 -43.76188645608628; 2.0588235294117645 -64.22437855102953; 2.2549019607843137 -93.34399260059321; 2.450980392156863 -118.16534601657266; 2.6470588235294117 -147.6182048793199; 2.843137254901961 -188.86360211013678; 3.0392156862745097 -227.32361273983176; 3.235294117647059 -277.40662591079507; 3.4313725490196076 -329.1764711816144; 3.627450980392157 -380.20938907133126; 3.823529411764706 -465.5513058245108; 4.019607843137255 -537.3486166403982; 4.215686274509804 -619.6172494796499; 4.411764705882353 -718.714178162087; 4.607843137254902 -814.6675275840372; 4.803921568627451 -911.5705766164375; 5.0 -915.8333256047356]
npts :	52
nout :	10
model :	(x,t) -> t[1]*x[1]^3 + t[2]*x[1]^2 + t[3]*x[1] + t[4] 
dim :	4
cluster :	false
noise :	true
solution :	[-7.5, -5.4, 4.9, 1.1]
description :	type: cubic model with noise and outliers
