name :	cubic
data :	[-5.0 563.6792398611053; -4.743589743589744 469.64261518416345; -4.487179487179487 395.3715806147158; -4.230769230769231 112.92879243897875; -3.9743589743589745 272.70686498859214; -3.717948717948718 218.4841644593402; -3.4615384615384617 161.8621481488662; -3.2051282051282053 101.9253105291842; -2.948717948717949 100.96255130964329; -2.6923076923076925 76.42557960197436; -2.4358974358974357 56.50576300757884; -2.1794871794871793 35.172268719971285; -1.9230769230769231 29.221705271246677; -1.6666666666666667 69.15395693804771; -1.4102564102564104 17.569824210642434; -1.1538461538461537 -112.25241988334601; -0.8974358974358975 12.155940746156896; -0.6410256410256411 12.597016685457785; -0.38461538461538464 9.449444926883531; -0.1282051282051282 17.906502548326316; 0.1282051282051282 14.311722682832084; 0.38461538461538464 14.99512745657103; 0.6410256410256411 378.7145934806514; 0.8974358974358975 12.954180514104403; 1.1538461538461537 9.470561993768666; 1.4102564102564104 -5.287409493557334; 1.6666666666666667 -130.27369868979955; 1.9230769230769231 -29.60780983388495; 2.1794871794871793 -53.59774388875071; 2.4358974358974357 -80.97147396956827; 2.6923076923076925 -118.1142624662813; 2.948717948717949 -166.5213876343588; 3.2051282051282053 -207.4571750409019; 3.4615384615384617 28.015111014002684; 3.717948717948718 -326.6479734913446; 3.9743589743589745 -807.0161065704788; 4.230769230769231 -488.9328039631373; 4.487179487179487 -589.0706622405762; 4.743589743589744 -685.3576393713091; 5.0 -802.0625155928608]
npts :	40
nout :	8
model :	(x,t) -> t[1]*x[1]^3 + t[2]*x[1]^2 + t[3]*x[1] + t[4] 
dim :	4
cluster :	false
noise :	true
solution :	[-5.7, -5.5, 5.2, 2.2]
description :	type: cubic model with noise and outliers
