name :	cubic
data :	[-5.0 -619.0576402964543; -4.583333333333333 -479.84817792493317; -4.166666666666667 -346.6079418681114; -3.75 -252.06697011175166; -3.3333333333333335 -182.4275012881852; -2.9166666666666665 -112.84772762937982; -2.5 -70.01383309017864; -2.0833333333333335 -32.52516523586354; -1.6666666666666667 -11.167725771598299; -1.25 280.2699065123681; -0.8333333333333334 70.72505290194442; -0.4166666666666667 34.017777504235546; 0.0 -18.548995652366276; 0.4166666666666667 16.60596601224399; 0.8333333333333334 369.46512390110325; 1.25 27.570644206829954; 1.6666666666666667 47.958392346329916; 2.0833333333333335 89.06690302528666; 2.5 120.67264570129193; 2.9166666666666665 180.24858377271752; 3.3333333333333335 256.1825540383443; 3.75 347.9635889021705; 4.166666666666667 466.28482314713114; 4.583333333333333 602.9446965248496; 5.0 774.80672042037]
npts :	25
nout :	5
model :	(x,t) -> t[1]*x[1]^3 + t[2]*x[1]^2 + t[3]*x[1] + t[4] 
dim :	4
cluster :	false
noise :	true
solution :	[5.3, 2.6, 6.4, -2.5]
description :	type: cubic model with noise and outliers
