name :	cubic
data :	[-5.0 1236.4868934215722; -4.8076923076923075 1103.8072242901449; -4.615384615384615 983.9748978351985; -4.423076923076923 864.4136671733083; -4.230769230769231 766.7683795249401; -4.038461538461538 669.201641059174; -3.8461538461538463 585.9045972060419; -3.6538461538461537 403.17582285403165; -3.4615384615384617 442.0627059100581; -3.269230769230769 376.01244125449426; -3.076923076923077 317.93077084116413; -2.8846153846153846 270.93278723232396; -2.6923076923076925 227.1009073712804; -2.5 178.8767219183064; -2.3076923076923075 150.6277619198928; -2.1153846153846154 115.6233232249139; -1.9230769230769231 95.65288290633927; -1.7307692307692308 71.34390011560848; -1.5384615384615385 60.617108175777815; -1.3461538461538463 49.623075380384655; -1.1538461538461537 260.3431729853177; -0.9615384615384616 -32.482727894596685; -0.7692307692307693 19.045885415822433; -0.5769230769230769 9.177677554065252; -0.38461538461538464 -87.6648076083762; -0.19230769230769232 -182.26480074633463; 0.0 1.9348224008854107; 0.19230769230769232 4.39080367801395; 0.38461538461538464 6.626857528367175; 0.5769230769230769 -1.4832752491231176; 0.7692307692307693 -6.283013993793146; 0.9615384615384616 -1.8688262985945236; 1.1538461538461537 -8.830951048808394; 1.3461538461538463 -24.372480618951425; 1.5384615384615385 -35.04152857809102; 1.7307692307692308 -52.49927540261727; 1.9230769230769231 -75.02942228317119; 2.1153846153846154 157.80511678299044; 2.3076923076923075 -122.14600159476507; 2.5 -293.60491977826416; 2.6923076923076925 -186.46993856560948; 2.8846153846153846 -549.2275736474712; 3.076923076923077 -222.7545234360934; 3.269230769230769 -332.16523994098236; 3.4615384615384617 -389.60874152970365; 3.6538461538461537 -460.9522275637284; 3.8461538461538463 -537.0422291045671; 4.038461538461538 -613.4619293580694; 4.230769230769231 -705.8031547609427; 4.423076923076923 -807.1466613459277; 4.615384615384615 -917.8786069340928; 4.8076923076923075 -1082.7639865854703; 5.0 -1228.1794568194582]
npts :	53
nout :	11
model :	(x,t) -> t[1]*x[1]^3 + t[2]*x[1]^2 + t[3]*x[1] + t[4] 
dim :	4
cluster :	false
noise :	true
solution :	[-9.2, 1.2, -9.5, -5.6]
description :	type: cubic model with noise and outliers
