name :	cubic
data :	[-5.0 -341.62993095926515; -4.545454545454546 -221.62359888664946; -4.090909090909091 -220.3841536799323; -3.6363636363636362 1.2356087084733929; -3.1818181818181817 -126.1986032946538; -2.727272727272727 -84.59792938448643; -2.272727272727273 -68.67638608183756; -1.8181818181818181 -43.76652594995246; -1.3636363636363635 -41.130308929376056; -0.9090909090909091 -27.609204974761; -0.45454545454545453 -110.07332897554082; 0.0 -10.098438194983077; 0.45454545454545453 -4.098808274756881; 0.9090909090909091 -11.737378926359199; 1.3636363636363635 -3.897161782521424; 1.8181818181818181 71.80065105350079; 2.272727272727273 28.09943766347523; 2.727272727272727 34.51077434369589; 3.1818181818181817 62.63666786519578; 3.6363636363636362 93.39635048466825; 4.090909090909091 -184.91279083240374; 4.545454545454546 177.43344142256908; 5.0 244.58402360924154]
npts :	23
nout :	5
model :	(x,t) -> t[1]*x[1]^3 + t[2]*x[1]^2 + t[3]*x[1] + t[4] 
dim :	4
cluster :	false
noise :	true
solution :	[2.0, -1.6, 8.9, -0.1]
description :	type: cubic model with noise and outliers
