name :	cubic
data :	[-5.0 486.56154222282083; -4.6875 415.98317806660276; -4.375 348.2721772336684; -4.0625 277.25162325231383; -3.75 232.0183170505585; -3.4375 476.7058628188771; -3.125 145.95246844355498; -2.8125 49.256274351624; -2.5 81.98248533067168; -2.1875 60.58688560372107; -1.875 39.62405746088989; -1.5625 119.12817580801757; -1.25 12.951921511953508; -0.9375 9.831192983520848; -0.625 -0.011720452576572171; -0.3125 -3.912223195626847; 0.0 -10.850067257404932; 0.3125 -18.722603968794672; 0.625 -20.047044889404162; 0.9375 -20.292157973171683; 1.25 -18.40517198068524; 1.5625 -22.203374628569794; 1.875 -26.56083033386451; 2.1875 -35.027949741224695; 2.5 -47.30739677907057; 2.8125 -69.98389678773727; 3.125 -81.24585363985004; 3.4375 -81.98020482664734; 3.75 -128.70756487193148; 4.0625 -72.34289767329014; 4.375 3.4215366391589157; 4.6875 -248.67225423050294; 5.0 -304.29780959586685]
npts :	33
nout :	7
model :	(x,t) -> t[1]*x[1]^3 + t[2]*x[1]^2 + t[3]*x[1] + t[4] 
dim :	4
cluster :	false
noise :	true
solution :	[-2.8, 4.2, -8.9, 3.1]
description :	type: cubic model with noise and outliers
