name :	cubic
data :	[-5.0 -137.3354056286577; -4.714285714285714 -113.90570821295498; -4.428571428571429 -88.9999927130935; -4.142857142857143 -59.98183511552445; -3.857142857142857 -44.81269991085901; -3.5714285714285716 -25.034226628735784; -3.2857142857142856 -167.38571076785567; -3.0 286.43405680525655; -2.7142857142857144 4.3551557101181775; -2.4285714285714284 -0.2751157008452907; -2.142857142857143 7.641091924805412; -1.8571428571428572 14.161770414085531; -1.5714285714285714 -122.05401403128772; -1.2857142857142858 15.616147792582918; -1.0 262.9687704885952; -0.7142857142857143 5.527700066126199; -0.42857142857142855 6.387624588052558; -0.14285714285714285 15.136760170470936; 0.14285714285714285 8.992197100270634; 0.42857142857142855 7.213669914659972; 0.7142857142857143 11.820004627084266; 1.0 18.63307979581846; 1.2857142857142858 18.608112105957524; 1.5714285714285714 59.571838029787536; 1.8571428571428572 35.2334766834962; 2.142857142857143 145.6373047253491; 2.4285714285714284 69.69254413542893; 2.7142857142857144 94.68805855300654; 3.0 115.00557561557665; 3.2857142857142856 138.78544212006685; 3.5714285714285716 174.71881073182254; 3.857142857142857 203.37805565076323; 4.142857142857143 242.79047231116996; 4.428571428571429 293.6778532509606; 4.714285714285714 334.53295091475627; 5.0 388.5932927662143]
npts :	36
nout :	7
model :	(x,t) -> t[1]*x[1]^3 + t[2]*x[1]^2 + t[3]*x[1] + t[4] 
dim :	4
cluster :	false
noise :	true
solution :	[2.1, 4.7, 0.9, -4.9]
description :	type: cubic model with noise and outliers
