name :	cubic
data :	[-5.0 -800.2766550637493; -4.777777777777778 -719.0829234513803; -4.555555555555555 -545.8662423516587; -4.333333333333333 -470.11372487788935; -4.111111111111111 -417.5968262865634; -3.888888888888889 -348.8625347663004; -3.6666666666666665 -304.3073237083023; -3.4444444444444446 -265.5820190868557; -3.2222222222222223 -257.5426068870844; -3.0 -178.64699458406517; -2.7777777777777777 62.72288165168351; -2.5555555555555554 -129.29552564743108; -2.3333333333333335 -103.30730109577144; -2.111111111111111 -87.52017931189995; -1.8888888888888888 180.42495669328113; -1.6666666666666667 -49.243886362588675; -1.4444444444444444 -45.96250488808113; -1.2222222222222223 -27.499042236213086; -1.0 -27.676810206512226; -0.7777777777777778 -19.55105169195431; -0.5555555555555556 -18.647981604792214; -0.3333333333333333 -19.912118473739113; -0.1111111111111111 -9.37403276997296; 0.1111111111111111 -11.263755875774088; 0.3333333333333333 -29.686232781843987; 0.5555555555555556 -13.80278538344372; 0.7777777777777778 -8.608995049576048; 1.0 -80.67981965889413; 1.2222222222222223 -20.61674288227743; 1.4444444444444444 -19.308435263733497; 1.6666666666666667 -9.069995722041263; 1.8888888888888888 -2.3174220757004926; 2.111111111111111 3.7279770364000075; 2.3333333333333335 289.674167430144; 2.5555555555555554 69.50145613569066; 2.7777777777777777 32.03235016074252; 3.0 44.23414846800388; 3.2222222222222223 55.10822897665983; 3.4444444444444446 88.61995500879618; 3.6666666666666665 106.82316986352014; 3.888888888888889 142.5612252265417; 4.111111111111111 174.52218750836025; 4.333333333333333 209.83237821338278; 4.555555555555555 259.9559079538605; 4.777777777777778 307.7118625997318; 5.0 357.02487128504254]
npts :	46
nout :	9
model :	(x,t) -> t[1]*x[1]^3 + t[2]*x[1]^2 + t[3]*x[1] + t[4] 
dim :	4
cluster :	false
noise :	true
solution :	[4.2, -6.3, 0.0, 0.8]
description :	type: cubic model with noise and outliers
