name :	cubic
data :	[-5.0 631.5462313124373; -4.803921568627451 670.3552810006781; -4.607843137254902 483.8640695556353; -4.411764705882353 429.21284052419736; -4.215686274509804 448.31442855300236; -4.019607843137255 -10.094651651039896; -3.823529411764706 274.3481627316977; -3.627450980392157 177.26257247106938; -3.4313725490196076 191.58078939079482; -3.235294117647059 160.9094105310694; -3.0392156862745097 139.36668525990632; -2.843137254901961 116.51604266251155; -2.6470588235294117 91.67044953954795; -2.450980392156863 71.55156916935428; -2.2549019607843137 67.63268665383244; -2.0588235294117645 48.32816859781058; -1.8627450980392157 9.129377977483827; -1.6666666666666667 34.43534232072106; -1.4705882352941178 31.902761504294062; -1.2745098039215685 27.83252278441565; -1.0784313725490196 18.37358751433569; -0.8823529411764706 19.041938599075067; -0.6862745098039216 15.941254433700824; -0.49019607843137253 17.273959614079814; -0.29411764705882354 22.911939988228777; -0.09803921568627451 -104.17305152186844; 0.09803921568627451 23.11055195414759; 0.29411764705882354 243.41066045563818; 0.49019607843137253 -87.50852044523532; 0.6862745098039216 6.667034775228881; 0.8823529411764706 -0.7305335776575195; 1.0784313725490196 89.55994381407818; 1.2745098039215685 -15.889070300845155; 1.4705882352941178 -30.53843730765638; 1.6666666666666667 -54.619400040821866; 1.8627450980392157 -338.32073325452416; 2.0588235294117645 -87.72881281037536; 2.2549019607843137 -120.70046593218942; 2.450980392156863 -153.55082540671313; 2.6470588235294117 -179.28209560945464; 2.843137254901961 -228.999113050076; 3.0392156862745097 -274.0985655318257; 3.235294117647059 -321.60197237669297; 3.4313725490196076 -374.01167847200225; 3.627450980392157 -439.8805635794697; 3.823529411764706 -504.4827868861171; 4.019607843137255 -582.3039652960003; 4.215686274509804 -665.665687107686; 4.411764705882353 -760.665192823654; 4.607843137254902 -855.7570650076613; 4.803921568627451 -948.077551808515; 5.0 -1062.6330931559241]
npts :	52
nout :	10
model :	(x,t) -> t[1]*x[1]^3 + t[2]*x[1]^2 + t[3]*x[1] + t[4] 
dim :	4
cluster :	false
noise :	true
solution :	[-6.5, -9.5, -7.0, 5.6]
description :	type: cubic model with noise and outliers
