name :	cubic
data :	[-5.0 1319.4568797339477; -4.8 1177.7696523357738; -4.6 1043.7121356064247; -4.4 913.8575401828565; -4.2 799.0367473272332; -4.0 698.4743515793053; -3.8 600.0653169554033; -3.6 520.7822514642642; -3.4 436.8545678796684; -3.2 373.3988385650749; -3.0 378.6561485793141; -2.8 288.19629730321185; -2.6 198.4207262992001; -2.4 168.32006911115928; -2.2 126.23055067850173; -2.0 98.6572936802609; -1.8 67.05948295524374; -1.6 51.35584953110586; -1.4 27.022405164402507; -1.2 -264.37983657500945; -1.0 0.8218151523192443; -0.8 -13.282884670333802; -0.6 -15.977543915555415; -0.4 -20.998032893802996; -0.2 -18.916576632363444; 0.0 -17.579659025111837; 0.2 -240.92539357111167; 0.4 -28.501492462275174; 0.6 -32.660825559231114; 0.8 -24.78164966461705; 1.0 -215.14892709604982; 1.2 -40.68511105410427; 1.4 -405.4608360014631; 1.6 -55.450983635807745; 1.8 -59.623342246305484; 2.0 -80.90062100516246; 2.2 15.93852835665291; 2.4 -199.9539047407992; 2.6 60.37963227297922; 2.8 -176.6481178965794; 3.0 -216.0532090789311; 3.2 -255.33608317442358; 3.4 -306.7852867656692; 3.6 -360.96222830143; 3.8 -414.62309294577136; 4.0 -489.9686774899082; 4.2 -561.1128902973878; 4.4 -649.222215138845; 4.6 -746.4084161362599; 4.8 -848.4515540565076; 5.0 -1011.7167471126272]
npts :	51
nout :	10
model :	(x,t) -> t[1]*x[1]^3 + t[2]*x[1]^2 + t[3]*x[1] + t[4] 
dim :	4
cluster :	false
noise :	true
solution :	[-8.8, 8.1, -7.4, -9.6]
description :	type: cubic model with noise and outliers
