name :	cubic
data :	[-5.0 -894.5523227404858; -4.67741935483871 -713.5863405413913; -4.354838709677419 -1032.0381236123906; -4.032258064516129 -435.7705839114844; -3.7096774193548385 -247.8687846813252; -3.3870967741935485 -228.37471362442113; -3.064516129032258 -157.42038281441344; -2.7419354838709675 -96.2312989976119; -2.4193548387096775 -46.49749693326305; -2.096774193548387 -14.025879929003416; -1.7741935483870968 6.991949264666205; -1.4516129032258065 19.449324654859055; -1.1290322580645162 19.624791504175363; -0.8064516129032258 30.56499017115976; -0.4838709677419355 125.16349801445821; -0.16129032258064516 18.681006234696643; 0.16129032258064516 20.741331037145745; 0.4838709677419355 25.711276062374704; 0.8064516129032258 30.77772970072432; 1.1290322580645162 -102.61997081328514; 1.4516129032258065 59.486533481943496; 1.7741935483870968 -5.992053981354417; 2.096774193548387 121.31801568151755; 2.4193548387096775 185.80570179781165; 2.7419354838709675 245.19588249302774; 3.064516129032258 337.1500344207529; 3.3870967741935485 446.298445642886; 3.7096774193548385 567.4538900144984; 4.032258064516129 835.5910640671487; 4.354838709677419 900.8280997246105; 4.67741935483871 1095.7153922919829; 5.0 1335.2590452971424]
npts :	32
nout :	6
model :	(x,t) -> t[1]*x[1]^3 + t[2]*x[1]^2 + t[3]*x[1] + t[4] 
dim :	4
cluster :	false
noise :	true
solution :	[9.2, 7.8, -6.8, 6.1]
description :	type: cubic model with noise and outliers
