name :	cubic
data :	[-5.0 217.99669196575394; -4.818181818181818 201.65029934337383; -4.636363636363637 190.38373860258633; -4.454545454545454 567.9755192046939; -4.2727272727272725 170.23889749235914; -4.090909090909091 168.45819457993485; -3.909090909090909 149.69019146105083; -3.727272727272727 143.43282844111155; -3.5454545454545454 136.23332664484224; -3.3636363636363638 130.0266224917225; -3.1818181818181817 118.34570355724233; -3.0 100.05454648745379; -2.8181818181818183 95.78747173278279; -2.6363636363636362 516.1520133209699; -2.4545454545454546 87.92398658593565; -2.272727272727273 81.58777051875947; -2.090909090909091 68.2407423373348; -1.9090909090909092 61.32062891556879; -1.7272727272727273 52.31294993501387; -1.5454545454545454 75.80102034946319; -1.3636363636363635 38.94504730379464; -1.1818181818181819 35.06817738805055; -1.0 31.540949289068923; -0.8181818181818182 25.23734984480063; -0.6363636363636364 22.01738879603215; -0.45454545454545453 20.89522170833959; -0.2727272727272727 26.481295713405057; -0.09090909090909091 23.137638066065772; 0.09090909090909091 17.88741772916894; 0.2727272727272727 20.929270857473483; 0.45454545454545453 18.751901643649248; 0.6363636363636364 20.33245493379686; 0.8181818181818182 26.716655399825267; 1.0 26.469138143018572; 1.1818181818181819 195.39967578438268; 1.3636363636363635 24.944526370822135; 1.5454545454545454 31.312633544070337; 1.7272727272727273 30.717054005396538; 1.9090909090909092 48.8576292988393; 2.090909090909091 182.8335269721466; 2.272727272727273 312.2427092556179; 2.4545454545454546 58.346331374922954; 2.6363636363636362 71.19259865604587; 2.8181818181818183 334.6015358336636; 3.0 86.42445610624387; 3.1818181818181817 260.6396075089383; 3.3636363636363638 110.68510554899362; 3.5454545454545454 134.1257731789402; 3.727272727272727 143.25853725619962; 3.909090909090909 164.92264041064175; 4.090909090909091 176.98411134196525; 4.2727272727272725 -88.74301697536939; 4.454545454545454 208.81760722658873; 4.636363636363637 168.42234658444713; 4.818181818181818 253.1692824706638; 5.0 337.7290191675288]
npts :	56
nout :	11
model :	(x,t) -> t[1]*x[1]^3 + t[2]*x[1]^2 + t[3]*x[1] + t[4] 
dim :	4
cluster :	false
noise :	true
solution :	[0.5, 8.9, -6.9, 5.5]
description :	type: cubic model with noise and outliers
