name :	cubic
data :	[-5.0 644.0680399488049; -4.62962962962963 501.2591799803901; -4.2592592592592595 385.5624458929985; -3.888888888888889 779.2265169940904; -3.5185185185185186 470.6432171572785; -3.1481481481481484 56.860515845840126; -2.7777777777777777 83.2655030870357; -2.4074074074074074 47.91944731831137; -2.037037037037037 158.7888891426906; -1.6666666666666667 -0.9769564734265899; -1.2962962962962963 -2.8511182103691306; -0.9259259259259259 -17.776506313274794; -0.5555555555555556 -16.705118854415844; -0.18518518518518517 167.31478345900035; 0.18518518518518517 -16.24915959234687; 0.5555555555555556 -26.036670960308964; 0.9259259259259259 -28.020409535049698; 1.2962962962962963 -36.95264110927091; 1.6666666666666667 -57.019539417130325; 2.037037037037037 -86.5091417361601; 2.4074074074074074 -134.1845208042334; 2.7777777777777777 -188.52384897722806; 3.1481481481481484 -246.85310070793727; 3.5185185185185186 -328.1388374682578; 3.888888888888889 -439.5380573361874; 4.2592592592592595 -767.8484858890376; 4.62962962962963 -701.1761963146436; 5.0 -873.858572844424]
npts :	28
nout :	6
model :	(x,t) -> t[1]*x[1]^3 + t[2]*x[1]^2 + t[3]*x[1] + t[4] 
dim :	4
cluster :	false
noise :	true
solution :	[-5.9, -3.8, -3.5, -4.7]
description :	type: cubic model with noise and outliers
