name :	cubic
data :	[-5.0 -723.2305749566126; -4.743589743589744 -623.7219844254806; -4.487179487179487 -521.0935238280983; -4.230769230769231 -436.1576756052869; -3.9743589743589745 -349.15849440638306; -3.717948717948718 -292.7592125714149; -3.4615384615384617 -160.2036747233971; -3.2051282051282053 -184.25484070475417; -2.948717948717949 -146.57296331010755; -2.6923076923076925 -104.42428743109465; -2.4358974358974357 134.8143497117075; -2.1794871794871793 -206.34257245123115; -1.9230769230769231 -205.07028493217135; -1.6666666666666667 -35.77867241070284; -1.4102564102564104 -25.80997796759459; -1.1538461538461537 -19.799906634674045; -0.8974358974358975 -19.208640050873754; -0.6410256410256411 -6.100647758851218; -0.38461538461538464 -12.970182078580143; -0.1282051282051282 -10.539844311865934; 0.1282051282051282 -1.1630051950097648; 0.38461538461538464 -4.956485446258707; 0.6410256410256411 0.6825493641365128; 0.8974358974358975 16.630718699287684; 1.1538461538461537 108.06079765266378; 1.4102564102564104 41.55753084597718; 1.6666666666666667 622.4025697463682; 1.9230769230769231 88.6200378828758; 2.1794871794871793 86.96294185199577; 2.4358974358974357 174.79205297200662; 2.6923076923076925 215.95607197433682; 2.948717948717949 277.87437682855193; 3.2051282051282053 367.2563235279472; 3.4615384615384617 427.75845671864937; 3.717948717948718 519.4329845127676; 3.9743589743589745 625.2868367446879; 4.230769230769231 739.7095278377944; 4.487179487179487 869.565284532087; 4.743589743589744 1007.2082088178346; 5.0 1156.572396020149]
npts :	40
nout :	8
model :	(x,t) -> t[1]*x[1]^3 + t[2]*x[1]^2 + t[3]*x[1] + t[4] 
dim :	4
cluster :	false
noise :	true
solution :	[7.2, 9.0, 9.3, 5.3]
description :	type: cubic model with noise and outliers
