name :	cubic
data :	[-5.0 -124.58481588894902; -4.833333333333333 -107.5670794098299; -4.666666666666667 -283.3884405457642; -4.5 -82.22715607019464; -4.333333333333333 -71.34978930439368; -4.166666666666667 -62.19250538627106; -4.0 -56.52868113894388; -3.8333333333333335 -50.114367080108735; -3.6666666666666665 -32.19135233449101; -3.5 -31.18844795376542; -3.3333333333333335 -20.30691009399356; -3.1666666666666665 -214.83344074187605; -3.0 16.92295862821032; -2.8333333333333335 -16.307782450445327; -2.6666666666666665 -8.46059146484765; -2.5 1.6092699388795957; -2.3333333333333335 -3.7641758469237256; -2.1666666666666665 2.9872348352881843; -2.0 -81.82882760244567; -1.8333333333333333 9.817458726422792; -1.6666666666666667 5.066232777827369; -1.5 11.87817653870816; -1.3333333333333333 12.491111430037357; -1.1666666666666667 4.496898178126653; -1.0 9.657482411560643; -0.8333333333333334 8.864518784211263; -0.6666666666666666 5.7753585802114396; -0.5 -196.92738150144777; -0.3333333333333333 -106.54752299638038; -0.16666666666666666 9.264904814322044; 0.0 3.0053043578113856; 0.16666666666666666 -0.2875196815628174; 0.3333333333333333 7.027447917923567; 0.5 7.506491912779721; 0.6666666666666666 -4.152262294259502; 0.8333333333333334 -2.8099031282970124; 1.0 -2.3715283757048944; 1.1666666666666667 -255.65579217493212; 1.3333333333333333 -5.805587189717604; 1.5 -4.917192246578011; 1.6666666666666667 -7.241440580151391; 1.8333333333333333 -3.2929418731426487; 2.0 -5.012232709853137; 2.1666666666666665 -9.572232389917104; 2.3333333333333335 -15.738446490918555; 2.5 -12.663477766098389; 2.6666666666666665 -9.933898919027637; 2.8333333333333335 -5.922218429182923; 3.0 -8.76578951960735; 3.1666666666666665 -11.233211549303102; 3.3333333333333335 -6.044328473999695; 3.5 -4.8414973797948715; 3.6666666666666665 -2.0730912481661825; 3.8333333333333335 95.71426060324099; 4.0 3.4750327087705024; 4.166666666666667 120.86604481280393; 4.333333333333333 -211.69214574002766; 4.5 88.07909925997444; 4.666666666666667 186.43253148249008; 4.833333333333333 31.25115710943845; 5.0 35.10712324501704]
npts :	61
nout :	12
model :	(x,t) -> t[1]*x[1]^3 + t[2]*x[1]^2 + t[3]*x[1] + t[4] 
dim :	4
cluster :	false
noise :	true
solution :	[0.9, -2.1, -7.2, -6.7]
description :	type: cubic model with noise and outliers
