name :	sphere3D
data :	[-43.8 10.9 40.2 0.0; -41.793227479474595 11.286773701304813 40.10264633532132 0.0; -28.24756208922673 25.187258017638904 21.4864669911482 0.0; -38.704317061737086 14.174796576444033 39.32909893271169 0.0; -38.016827448287444 16.414243890152502 38.65991055984556 0.0; -38.08535460834963 18.925096561602615 37.80996214608085 0.0; -38.97130828742765 21.473359989373012 36.786950955870395 0.0; -40.66666515181043 23.815782158255246 35.60014153696993 0.0; -43.094041449124425 25.719893799541317 34.260281819259006 0.0; -46.1124191366606 26.983228367847012 32.77950577982363 0.0; -49.52806649849574 27.450161244246225 31.17122355578076 0.0; -53.10977309068271 27.025 29.450000000000003 0.0; -54.53216893610643 23.65526085612613 40.50642277954056 0.0; -82.59564758883035 15.834456083597491 24.706961211324572 0.0; -49.396282283786334 26.449161446638165 9.543817113452686 0.0; -64.2191244502811 16.895595901208093 21.75976902287563 0.0; -42.103404396437355 24.916390106543055 6.598011190210464 0.0; -41.90340439643735 22.133609893456956 -0.5480111902104561 0.0; -64.2191244502811 4.904404098791912 15.640230977124371 0.0; -62.37128228378634 1.3258385533618462 13.631182886547315 0.0; -59.77064758883036 -1.6594560835974814 11.668038788675434 0.0; -58.73216893610645 -18.50526085612612 26.24357722045945 0.0; -53.10977309068272 -5.225 7.950000000000005 0.0; -49.52806649849574 -5.650161244246226 6.228776444219241 0.0; -46.1124191366606 -5.183228367847013 4.620494220176372 0.0; -64.91904144912442 -21.044893799541313 13.014718180740994 0.0; -40.666665151810435 -2.015782158255252 1.7998584630300734 0.0; -38.97130828742765 0.32664001062698134 0.6130490441296068 0.0; -38.08535460834963 2.8749034383973857 -0.40996214608085424 0.0; -38.016827448287444 5.385756109847498 -1.2599105598455616 0.0; -38.704317061737086 7.62520342355597 -1.9290989327116925 0.0; -40.02256208922673 9.387741982361096 -2.411466991148192 0.0; -49.218227479474585 14.68822629869519 -18.32764633532132 0.0; -38.12499999999999 -13.324999999999998 19.075000000000003 0.0]
npts :	34
nout :	10
model :	(x,t) -> (x[1]-t[1])^2 + (x[2]-t[2])^2 +(x[3]-t[3])^2 - t[4]^2
dim :	4
cluster :	false
noise :	false
solution :	[-43.8, 10.9, 18.7, 21.5]
description :	[[-43.8, 10.9, 18.7, 21.5], [-43.8, 10.9, 18.7, 21.5]]
