name :	sphere3D
data :	[18.745 30.944999999999997 68.945 0.0; -14.140902657520215 -0.937212225398573 37.38251924612045 0.0; -10.65950980472693 1.5572425362233349 36.73245974913209 0.0; -2.130000000000001 35.45593459045321 78.6019436969176 0.0; 37.34974948340416 11.144889995862918 5.0127546684112545 0.0; -8.274999999999999 15.390604265121102 32.28120853024222 0.0; -26.94406540954679 32.63797467668541 -4.837025323314585 0.0; -15.423255197880628 24.61896204373187 27.402849571452553 0.0; -21.28388752772068 27.54122987456604 24.464485072446674 0.0; -68.78 -10.208990893535603 32.28007451601118 0.0; -46.0456042651211 -7.479999999999997 28.095000000000006 0.0; -42.46786467254834 25.152194213513432 14.047444730109271 0.0; -85.30100910646439 11.037974676685415 -10.687025323314586 0.0; -53.675217212908734 13.994584320738122 6.1540941254650505 0.0; -56.819731471519034 6.408877334205626 2.0497799917258424 0.0; -57.900000000000006 -1.7999999999999952 -2.099999999999998 0.0; -56.819731471519034 -10.00887733420562 -6.249779991725838 0.0; -53.67521721290875 -17.594584320738118 -10.354094125465046 0.0; -48.74600910646439 -23.99297467668541 -14.36797467668541 0.0; -21.822864672548345 -8.30719421351343 11.897555269890734 0.0; -35.39060426512113 -31.575 -21.949999999999996 0.0; -28.125000000000007 -32.346009106464386 -25.43507451601118 0.0; -66.33888752772069 -38.896229874566046 -45.11948507244668 0.0; -15.423255197880641 -28.218962043731874 -31.602849571452552 0.0; -10.989065409546797 -23.99297467668542 -34.217974676685415 0.0; -8.274999999999999 -18.990604265121103 -36.48120853024222 0.0; -7.395250516595835 -13.799889995862936 -38.36775466841125 0.0; -8.274999999999997 -9.010934590453212 -39.8569436969176 0.0; -10.65950980472693 -5.157242536223335 -40.93245974913209 0.0; -14.140902657520204 -2.6627877746014317 -41.582519246120455 0.0; -18.199999999999996 -1.8 -41.800000000000004 0.0]
npts :	31
nout :	9
model :	(x,t) -> (x[1]-t[1])^2 + (x[2]-t[2])^2 +(x[3]-t[3])^2 - t[4]^2
dim :	4
cluster :	false
noise :	false
solution :	[-18.2, -1.8, -2.1, 39.7]
description :	[[-18.2, -1.8, -2.1, 39.7], [-18.2, -1.8, -2.1, 39.7]]
