name :	sphere3D
data :	[8.915000000000003 -4.784999999999997 2.515000000000004 0.0; 37.78434809978898 -15.085451938772955 5.095734214476693 0.0; 39.82973385476414 -13.875023704791912 4.783776344704506 0.0; 41.41501633647628 -11.965942258368598 4.2666380920226 0.0; 42.35340816569137 -9.512357604240737 3.5484831495691935 0.0; 17.12152204118224 -34.19909925539794 -15.049906321327342 0.0; 41.79491456930354 -3.802088569816666 1.5338237542883313 0.0; 40.204362868834714 -1.021459845688863 0.2535401543111391 0.0; 37.787417134771594 1.3863913945514845 -1.1954490305064773 0.0; 34.66011301435456 3.20153678912666 -2.8014773912402013 0.0; 30.994076723611393 4.241739773406927 -4.551614131858798 0.0; 27.004588151951477 4.376004082156982 -6.431768180390545 0.0; 37.55045881215579 8.24946628626368 -6.7118016419493305 0.0; 19.04181137360533 1.7139157347029048 -10.520651680163377 0.0; -4.213000903209757 28.59354015431115 -3.3814598456888554 0.0; 30.064965839284405 1.3708390288048804 -17.32170781053145 0.0; 10.759315930563961 -8.672005047743049 -17.22335841532272 0.0; 9.730240373395219 -13.18067965462219 -19.538000893921662 0.0; 9.730240373395219 -17.819320345377804 -21.861999106078333 0.0; 10.759315930563957 -22.327994952256944 -24.176641584677274 0.0; 12.7499658392844 -26.455839028804867 -26.46329218946854 0.0; 15.571999096790233 -29.978540154311133 -28.703540154311135 0.0; 2.8568113736053284 -41.5989157347029 -29.96434831983661 0.0; 22.935458812155776 -34.53446628626367 -32.97319835805066 0.0; 27.004588151951474 -35.37600408215698 -34.96823181960945 0.0; 30.994076723611386 -35.24173977340693 -36.84838586814119 0.0; 34.66011301435456 -34.201536789126656 -38.598522608759794 0.0; 37.78741713477159 -32.386391394551495 -40.20455096949352 0.0; 54.11936286883471 -30.163540154311136 -21.838540154311126 0.0; 41.794914569303536 -27.19791143018334 -42.933823754288326 0.0; 43.22152204118224 -43.970900744602055 -69.42009367867266 0.0; 38.56840816569137 -10.772642395759263 -49.433483149569184 0.0; 59.53001633647629 -44.419057741631406 -36.85163809202259 0.0; 36.74473385476415 -15.909976295208086 -48.6687763447045 0.0; 37.78434809978898 -15.914548061227046 -46.49573421447669 0.0; 35.5 -15.5 -46.599999999999994 0.0]
npts :	36
nout :	11
model :	(x,t) -> (x[1]-t[1])^2 + (x[2]-t[2])^2 +(x[3]-t[3])^2 - t[4]^2
dim :	4
cluster :	false
noise :	false
solution :	[35.5, -15.5, -20.7, 25.9]
description :	[[35.5, -15.5, -20.7, 25.9], [35.5, -15.5, -20.7, 25.9]]
