name :	sphere3D
data :	[-29.9 9.3 36.6 0.0; -27.640856441132403 9.74937159354486 36.48684107679663 0.0; -25.664361045709178 11.054459100183053 36.14845408947591 0.0; -24.22797213072777 13.08992785593062 35.58809788970691 0.0; -23.540945823282183 15.659054176717815 34.811169014015235 0.0; -19.470491119307155 26.985873457220833 31.900149712186344 0.0; -24.903723193242367 21.36207922824441 32.639535889109816 0.0; -7.116546232829659 46.69678448471763 36.74074565402432 0.0; -29.9 25.917009357883867 29.717009357883867 0.0; -33.44396116930668 27.116695945016005 28.008242177845666 0.0; -37.3774566608654 27.352177282718284 26.155900475960653 0.0; -26.4392762549655 50.807332196103786 4.852823315410948 0.0; -45.25211483729742 24.652114837297425 22.09306066057961 0.0; -48.598170033776285 21.793717784752094 19.921689915479863 0.0; -51.19399498929286 18.120261521669836 17.684622567379016 0.0; -28.162469483251765 8.837546356612277 4.278402797744677 0.0; -53.4 9.300000000000004 13.100000000000001 0.0; -52.837469483251766 4.737453643387728 10.796597202255324 0.0; -63.518994989292864 -23.745261521669832 -13.309622567379012 0.0; -33.62317003377629 -23.41871778475209 15.65331008452014 0.0; -45.25211483729743 -6.052114837297422 4.106939339420391 0.0; -41.41427625496551 -7.932332196103786 2.022176684589054 0.0; -37.37745666086541 -8.752177282718282 0.044099524039353355 0.0; -26.56896116930669 -7.841695945016007 -0.23324217784566703 0.0; -45.225 5.9579906421161315 21.55799064211613 0.0; -33.91654623282966 -19.34678448471763 -6.29074565402432 0.0; -24.903723193242364 -2.7620792282444118 -6.4395358891098144 0.0; -23.74549111930716 0.08912654277916054 -7.6251497121863405 0.0; -24.465945823282183 14.215945823282183 7.963830985984762 0.0; -24.22797213072777 5.510072144069381 -9.388097889706907 0.0; -25.66436104570917 7.5455408998169435 -9.948454089475915 0.0; -27.6408564411324 8.85062840645514 -10.286841076796625 0.0; -29.899999999999995 9.3 -10.4 0.0]
npts :	33
nout :	10
model :	(x,t) -> (x[1]-t[1])^2 + (x[2]-t[2])^2 +(x[3]-t[3])^2 - t[4]^2
dim :	4
cluster :	false
noise :	false
solution :	[-29.9, 9.3, 13.1, 23.5]
description :	[[-29.9, 9.3, 13.1, 23.5], [-29.9, 9.3, 13.1, 23.5]]
