name :	sphere3D
data :	[-44.7 39.5 -10.700000000000001 0.0; -43.42993773602466 39.73048231975558 -10.757970166468558 0.0; -53.752734845227664 42.843461723976695 -16.191413924179734 0.0; -41.411342268522844 41.464881524304715 -11.218934805979714 0.0; -40.889610904017154 42.829036698800515 -11.618217862787786 0.0; -42.36448195393729 52.124825124411956 -25.886048302205165 0.0; -53.260124718225065 51.04385809245714 -25.79833737213313 0.0; -58.544446899180706 40.38984471899924 0.6898447189992432 0.0; -53.78823139997255 55.928572821681136 -15.315770889548004 0.0; -45.16696419279129 49.89776562793143 -15.148697854589148 0.0; -47.8652237521234 45.1161024222803 -1.081746853234236 0.0; -59.283317784243195 55.19075130436527 -13.627083467089726 0.0; -51.68569085347323 50.08286928657131 -18.27629126038882 0.0; -53.850498695756116 49.070671296514355 -19.4404395441835 0.0; -55.779660733830916 47.549844718999246 -20.650155281000757 0.0; -57.34866764147895 45.591277297868345 -21.895698551029074 0.0; -58.45543824709958 43.296259741795375 -23.167040972225763 0.0; -59.027588363826595 40.78950629241083 -24.453946442952585 0.0; -59.0275883638266 38.21049370758917 -25.746053557047414 0.0; -52.615438247099576 50.34374025820463 -39.192959027774236 0.0; -57.34866764147895 33.408722702131655 -28.30430144897093 0.0; -55.779660733830916 31.450155281000757 -29.549844718999243 0.0; -53.850498695756116 29.929328703485645 -30.7595604558165 0.0; -53.14569085347324 28.857130713428692 -28.88370873961118 0.0; -49.4233177842432 28.44924869563473 -33.03291653291028 0.0; -47.2052237521234 28.5238975777197 -34.07825314676576 0.0; -45.16696419279129 29.102234372068576 -35.05130214541085 0.0; -43.42823139997255 30.111427178318863 -35.944229110452 0.0; -42.084446899180705 31.450155281000754 -36.74984471899924 0.0; -41.20012471822506 32.99614190754286 -37.46166262786687 0.0; -40.80448195393729 34.615174875588046 -38.07395169779484 0.0; -40.889610904017154 36.17096330119948 -38.581782137212215 0.0; -41.411342268522844 37.53511847569528 -38.98106519402029 0.0; -42.29273484522766 38.5965382760233 -39.26858607582027 0.0; -27.68993773602466 37.80951768024442 -51.80202983353144 0.0; -45.06 48.44 -52.66 0.0]
npts :	36
nout :	11
model :	(x,t) -> (x[1]-t[1])^2 + (x[2]-t[2])^2 +(x[3]-t[3])^2 - t[4]^2
dim :	4
cluster :	false
noise :	false
solution :	[-44.7, 39.5, -25.1, 14.4]
description :	[[-44.7, 39.5, -25.1, 14.4], [-44.7, 39.5, -25.1, 14.4]]
