name :	sphere3D
data :	[49.5 47.1 -7.3 0.0; 50.651687444449614 42.979452519473824 -10.883041859482375 0.0; 50.88969198186048 47.90233903981782 -7.5112598770077765 0.0; 51.17770791045321 48.77770791045321 -7.771946898430022 0.0; 51.05 49.78467875173176 -8.130642496536481 0.0; 50.476866120857956 50.74571399523461 -8.58120929019434 0.0; 51.47 57.35406204335659 -11.045937956643405 0.0; 44.496923285428956 51.521186980712024 -9.355679140145932 0.0; 46.81532124826824 51.75 -10.399999999999999 0.0; 45.81965480888323 55.72034519111677 -4.457362719336443 0.0; 44.31359891682559 50.094370061496114 -11.89532192036437 0.0; 43.5624943789562 48.69094983621394 -12.690737608235679 0.0; 43.3 47.1 -13.5 0.0; 45.9324943789562 38.579050163786064 -20.23926239176432 0.0; 44.31359891682559 44.10562993850389 -15.104678079635628 0.0; 45.44965480888323 43.04965480888323 -15.872637280663557 0.0; 46.81532124826824 42.45 -16.599999999999998 0.0; 48.22692328542895 42.34881301928798 -17.27432085985407 0.0; 45.77 47.48593795664341 -11.914062043356594 0.0; 50.476866120857956 43.45428600476539 -18.418790709805656 0.0; 51.05 44.41532124826824 -18.86935750346352 0.0; 50.94770791045321 41.892292089546785 -16.158053101569976 0.0; 50.88969198186049 46.297660960182185 -19.488740122992223 0.0; 50.28168744444962 46.89054748052618 -19.646958140517626 0.0; 53.37 44.870000000000005 -16.63 0.0]
npts :	25
nout :	8
model :	(x,t) -> (x[1]-t[1])^2 + (x[2]-t[2])^2 +(x[3]-t[3])^2 - t[4]^2
dim :	4
cluster :	false
noise :	false
solution :	[49.5, 47.1, -13.5, 6.2]
description :	[[49.5, 47.1, -13.5, 6.2], [49.5, 47.1, -13.5, 6.2]]
