name :	sphere3D
data :	[31.72087851378276 -35.0303624584802 60.750547352602666 0.0; 34.30100994006197 -34.5190037694395 60.57257167842087 0.0; 78.24437905849109 -63.23328418190774 60.318554720824594 0.0; 41.4721142119715 -27.56054533773295 58.28091616049189 0.0; 42.154016798596984 -23.553922638110055 56.16779549572877 0.0; 20.860459902534515 -56.65661610474615 85.50382853869189 0.0; 36.892311663802126 -11.933908997016719 54.11405498042705 0.0; -0.2890099794691636 13.83007849300521 27.152062135386142 0.0; 28.14831677182335 -7.450133681074743 48.97008571480192 0.0; 20.95983994800932 -6.8882560547599505 45.32971986398838 0.0; -5.429214321757669 -11.064034729808055 12.178036700209304 0.0; 9.252797869539512 -11.745722728360517 37.58766088681347 0.0; 2.9482794018816767 -16.849251512091687 32.933617298416856 0.0; -3.174540663492574 -23.24576167509642 30.624133351516313 0.0; -4.728312408560259 -31.739275698292182 26.235713136728062 0.0; -16.994557337450114 -77.5039720581989 22.17181754051992 0.0; -3.14448799456889 -46.57193607468332 19.208837904940665 0.0; 0.8555195070652287 -54.095668964771 14.004102510878205 0.0; 7.5732806255631875 -58.7747285834112 11.369613428412755 0.0; 19.887669340622438 -39.9373816925923 -15.874252510539701 0.0; 20.318666156315967 -63.23990541179431 4.340617297588423 0.0; 60.59318429159086 -47.255240579681384 34.238240077283606 0.0; 34.938544974440276 -60.009916722345956 -2.701081999309423 0.0; 38.303008791893966 -53.6102838709008 -4.997663259966043 0.0; 41.035333974607504 -52.839724803522095 -8.098197579227174 0.0; 53.01540762246605 -7.340794223546531 -29.409467779428937 0.0; 40.22558060395181 -42.03749157419064 -10.72686933747052 0.0; 38.94172121227717 -38.107044238745914 -10.577951248496205 0.0; 45.835520826574566 -63.11209786334711 12.38470468832947 0.0; 32.50876517160453 -34.87855604590652 -12.392254375131293 0.0]
npts :	30
nout :	9
model :	(x,t) -> (x[1]-t[1])^2 + (x[2]-t[2])^2 +(x[3]-t[3])^2 - t[4]^2
dim :	4
cluster :	false
noise :	true
solution :	[31.9, -35.2, 24.3, 36.6]
description :	[[31.9, -35.2, 24.3, 36.6], [31.9, -35.2, 24.3, 36.6]]
