name :	sphere3D
data :	[46.90991887820873 21.885213734893707 32.24296094465217 0.0; 48.012688836034606 22.034384739989655 29.550557551907694 0.0; 52.01396708881598 22.784739821705877 30.52686424035173 0.0; 65.26085763041569 14.37197560150389 43.345597856810784 0.0; 50.036883454250685 25.599738397718582 31.86935564790953 0.0; 43.23157403828032 32.87553927564196 45.376480818133565 0.0; 50.104492881423994 30.14652220714519 27.99059670499114 0.0; 51.60822845261698 30.665250140203376 30.496638031203684 0.0; 46.22913627251131 34.94963441945942 25.14813060731138 0.0; 45.3763799387335 31.892412844349767 29.08049607907588 0.0; 31.14163174582759 33.79342967974276 13.960401509435982 0.0; 41.4145186946182 33.987622975656876 24.309868363296737 0.0; 24.914181953100847 27.37599911222848 34.93660241237955 0.0; 36.25170571298457 30.416718952518053 21.76151423381078 0.0; 24.310059245970333 33.5774509228073 34.389939836914806 0.0; 21.993707114550652 17.284404563846145 23.524153423210276 0.0; 38.25361341002822 41.86152875859996 17.789910628773015 0.0; 32.3327439695001 25.11782110612556 16.626685622716774 0.0; 33.32367655017152 18.877783014818736 14.084036926775696 0.0; 31.270851466398277 14.782919171455081 13.934227609066076 0.0; 33.53187397789887 14.252378765803192 12.662710081742269 0.0; 23.4261625052348 26.074756923666307 11.065703602664179 0.0; 38.53464414825921 11.506833911080928 7.509881265218232 0.0; 41.21240842662686 9.418248272579191 8.33561126546923 0.0; 25.173261654472366 6.881584725958936 -1.163470628378418 0.0; 46.629322533086444 10.751086427588978 6.9125483952991935 0.0; 47.35144065219887 11.788456740906904 4.386692512529895 0.0; 48.88849793907256 13.784942407988998 5.6094694891445425 0.0; 49.446770150395835 15.912304068066513 2.817081660254889 0.0; 49.793476538797385 18.12063793946768 1.9584214882020547 0.0; 52.27954014004335 18.843027474141888 1.0815077695446291 0.0; 49.77489609960243 19.04902471211647 2.275132362627644 0.0; 36.569787278909935 14.52720338952248 -10.929849097511358 0.0; 47.721942091475746 22.945644798634454 2.385559874944346 0.0; 47.77176170118737 24.634753749603494 0.1374303189730346 0.0]
npts :	35
nout :	10
model :	(x,t) -> (x[1]-t[1])^2 + (x[2]-t[2])^2 +(x[3]-t[3])^2 - t[4]^2
dim :	4
cluster :	false
noise :	true
solution :	[46.5, 22.0, 16.7, 15.4]
description :	[[46.5, 22.0, 16.7, 15.4], [46.5, 22.0, 16.7, 15.4]]
