name :	sphere3D
data :	[-34.747667180299544 -48.12103088109036 45.486274353509316 0.0; -31.026815439382734 -45.972137998708966 43.45923629945898 0.0; -28.574385392257966 -44.93202606931399 44.25838476434815 0.0; -48.843782884337266 -61.8310351350553 51.5636863996029 0.0; -23.025679353745904 -38.19898665679703 43.737555712607104 0.0; -23.889224844775946 -34.54976093766333 41.02679785807603 0.0; -26.19223278338519 -29.642490540138986 40.51568263610665 0.0; -29.794686424985912 -24.37277727075889 37.11707053721184 0.0; -33.337673510757426 -22.139008258842857 35.28508325996681 0.0; -40.17740251751678 -21.56289004343573 33.33901082206073 0.0; -44.144860399047 -21.39348398179199 29.96736817914056 0.0; -48.892374373756155 -22.93032378699543 26.827929130122975 0.0; -54.98222134450112 -26.12068155352662 22.775033292528363 0.0; -93.96173688256036 -29.952295990507405 -9.903187643890597 0.0; -63.93546956248152 -34.97057268922829 17.305489976060027 0.0; -64.39679020395825 -40.10141241804217 14.814790678189665 0.0; -63.8518000773615 -34.633299419894094 -16.49089466219548 0.0; -67.37319380734807 -53.65967611001647 7.319519035984762 0.0; -62.47487075185413 -60.33971673070962 5.522042680090215 0.0; -61.90014222058407 -67.66582807427841 2.265632703664252 0.0; -87.53063412805622 -104.86847096988694 -20.009188650591454 0.0; -61.55623954972792 -41.69143989552013 19.84826897205119 0.0; -42.898285700829135 -72.49491399087593 -7.230066201944126 0.0; -44.44949079261183 -57.761471565206016 -7.918311411981754 0.0; -33.52612167741015 -70.75580799360749 -14.754029228183349 0.0; -42.00923766872623 -70.38674960863166 -28.96821485821146 0.0; -24.240526561063767 -64.11287820464898 -15.271890655946434 0.0; -24.33250590942288 -60.19969897114702 -16.5569046742726 0.0; -24.160941137005246 -56.44511373594913 -19.58648872252685 0.0; -26.14767134065057 -51.74724103894329 -19.41763428519521 0.0; 8.296185998135755 -28.617412647852145 -21.5783551085192 0.0; -11.292412258599597 -17.22834654247475 -35.91292566841246 0.0; -36.48283199182319 -58.59454078565234 -42.4689948639208 0.0]
npts :	33
nout :	10
model :	(x,t) -> (x[1]-t[1])^2 + (x[2]-t[2])^2 +(x[3]-t[3])^2 - t[4]^2
dim :	4
cluster :	false
noise :	true
solution :	[-33.2, -47.4, 11.4, 33.4]
description :	[[-33.2, -47.4, 11.4, 33.4], [-33.2, -47.4, 11.4, 33.4]]
