name :	sphere3D
data :	[36.332725090322214 -4.302955137073517 37.03636032550973 0.0; 36.58567827437199 -5.271860460353667 36.98660811204377 0.0; 37.88946828543711 -3.6248864086328725 35.20648410119724 0.0; 37.209801735022666 -3.306445574152369 36.048144166714 0.0; 39.20618943423631 -3.515342962974543 35.76591600583061 0.0; 45.66918414522556 11.887744095114877 48.27731872422162 0.0; 36.858349824796896 0.3269202098795391 36.933377777306895 0.0; 35.760208315265245 1.4048939215271474 33.40096578215322 0.0; 34.457923711555516 0.6190164954013422 32.514440394552636 0.0; 31.614051184330602 1.944676568053816 32.52122181562733 0.0; 18.296050740153426 -7.6621388073420835 39.51990760930589 0.0; 28.053008361421266 1.4913120090497776 32.8993277567221 0.0; 25.88289125721496 -3.0743443063319953 29.65175960831058 0.0; 23.593390547447637 -7.1759156383245735 28.765802037983597 0.0; 31.485334609417592 -6.629174297302238 14.94579305837987 0.0; 26.760308703552635 -8.767317484883005 24.037980208571106 0.0; 21.39127247117295 -12.514364070258676 11.957455216286958 0.0; 21.446011597982015 -23.043832917337856 22.7221038582571 0.0; 31.09129868837397 -13.689943419586632 23.436779141151437 0.0; 38.44434634118002 -7.506343422494339 28.680334987786914 0.0; 34.84024908856361 -13.611191986321117 18.8501822750512 0.0; 36.61106032392263 -12.251221520823952 19.49874215345361 0.0; 37.751843655165935 -9.75133891091468 18.97491956301352 0.0; 40.92426445920094 -16.791572562076915 15.629184781085499 0.0; 38.414594819178404 -9.341220100403396 18.73920030747956 0.0; 37.844817729082024 -7.501563844885524 18.564114775232653 0.0; 36.61204414085191 -6.099866872006059 16.518497872907155 0.0; 37.15512330003866 -6.658344546614729 20.907229248903 0.0]
npts :	28
nout :	8
model :	(x,t) -> (x[1]-t[1])^2 + (x[2]-t[2])^2 +(x[3]-t[3])^2 - t[4]^2
dim :	4
cluster :	false
noise :	true
solution :	[36.0, -6.3, 26.8, 10.6]
description :	[[36.0, -6.3, 26.8, 10.6], [36.0, -6.3, 26.8, 10.6]]
