name :	sphere3D
data :	[-9.644979144022473 46.23201468539071 86.82436944767491 0.0; 21.119603527787437 89.62533240035074 57.626864946679156 0.0; -31.133478502342662 41.74779134665275 132.60038948116096 0.0; -42.452088573161596 26.89696313902964 114.8294187033131 0.0; 2.3444288607781436 65.29898778072393 81.73365072625502 0.0; -1.8888970290034806 72.66760608447701 77.35341278199432 0.0; -8.537443153192092 77.77781034927536 74.06006773160063 0.0; -19.75454061378869 80.32042023899866 70.61877529307375 0.0; -27.89221715190811 77.89140766560675 67.26960460926374 0.0; -36.200185816701335 75.90292192059269 59.27694806179253 0.0; -47.03920068667447 69.20123043450684 54.12277632743911 0.0; -52.5105272301329 56.52728152232988 51.25812044101794 0.0; -52.661120059700266 48.00147649882706 44.312814475506684 0.0; -50.33602420690448 36.69446381174034 37.427091578351614 0.0; 2.2155519276651106 59.49935970937093 42.1433989118164 0.0; -35.7482569404293 18.997717920831118 27.672670839401196 0.0; -28.42031810061612 15.726401608843275 22.21090367226532 0.0; -19.351739541032924 12.330502013768992 17.692103344980033 0.0; -17.60773807042855 -15.18339191606503 -1.9768907097652946 0.0; 11.751054716813897 7.7061188787264 -20.416396468293122 0.0; -21.21918151121855 2.651552329620511 20.797545057296812 0.0; 3.9419494381625357 34.2225595028444 4.0901520669203775 0.0; 1.9937571809487693 41.58015673401489 2.9563253650405272 0.0; -3.1682883214900497 46.07097058344276 0.732987162829422 0.0; 4.520517072671339 91.37895930985482 22.944566280100076 0.0]
npts :	25
nout :	8
model :	(x,t) -> (x[1]-t[1])^2 + (x[2]-t[2])^2 +(x[3]-t[3])^2 - t[4]^2
dim :	4
cluster :	false
noise :	true
solution :	[-9.0, 46.8, 43.7, 43.4]
description :	[[-9.0, 46.8, 43.7, 43.4], [-9.0, 46.8, 43.7, 43.4]]
