name :	sphere3D
data :	[13.753260461258188 -47.85192203429761 -29.770965190896533 0.0; 15.24201801892465 -48.92802086659951 -37.284257335167894 0.0; 16.166135724549637 -46.97460114216843 -31.09327147116697 0.0; 15.003066010118703 -46.66090127631771 -32.15764524250907 0.0; 15.303617210651128 -45.93593932845084 -32.900862400069705 0.0; 14.471641817691536 -45.760793617082726 -30.926763887425253 0.0; 15.51530360790988 -43.15902605310902 -33.13918289306973 0.0; 14.894539552546057 -42.5549007593389 -31.652042455288715 0.0; 13.859070078382347 -42.76128318438342 -31.70152667656673 0.0; 16.887463279562333 -49.58725631673362 -34.0181571111965 0.0; 12.713510506255878 -41.38989983340246 -32.069942190166664 0.0; 9.485508633344416 -38.8204147317013 -33.629358212783266 0.0; 15.998214103150058 -48.305392570980835 -29.863067292260848 0.0; 17.705844507227923 -46.64209102955703 -38.23017165975529 0.0; 8.51469533794543 -44.643855408940894 -34.12761887711227 0.0; 6.622744463411105 -43.60882093883775 -37.153873867304824 0.0; 6.303507782565015 -45.21382314449812 -37.684521186689295 0.0; 4.282118333489081 -45.381367487188015 -39.32561813404189 0.0; 4.383060867665799 -49.14173550469674 -39.51169126250269 0.0; 7.053780528219644 -55.26684544416992 -47.943159206094364 0.0; 0.9857943058698266 -55.15269988490894 -33.445993019618314 0.0; 7.307849005007376 -51.87494235162832 -41.17156260432486 0.0; 8.65406586334453 -52.18902711712511 -40.26941394580828 0.0; 9.880860645780642 -53.024167859938174 -41.78036974396504 0.0; 10.245148974993374 -51.768021971388464 -43.61292574056519 0.0; 11.911381225955097 -54.68702789395418 -45.26506593357048 0.0; 12.726197103459365 -53.95178446930719 -44.639775010138884 0.0; 11.404330743297 -50.87608855947011 -45.89951438863808 0.0; 5.9688028614029625 -50.66419939631904 -45.74231949858838 0.0; 23.115282193461773 -59.34492727648819 -46.283877458870435 0.0; 24.37219509642374 -55.30036782495914 -35.74050453273344 0.0; 14.55035752355248 -47.83774802296696 -46.609812513328315 0.0; 10.906179446621154 -45.48175762581123 -39.77309381632772 0.0; 23.08991033736732 -47.570503529293475 -45.06426327523674 0.0; 14.485336484884249 -47.671864005427985 -46.61252204303877 0.0; 14.947257974087131 -48.585656096382124 -44.02645679906155 0.0]
npts :	36
nout :	11
model :	(x,t) -> (x[1]-t[1])^2 + (x[2]-t[2])^2 +(x[3]-t[3])^2 - t[4]^2
dim :	4
cluster :	false
noise :	true
solution :	[13.4, -47.4, -38.6, 8.1]
description :	[[13.4, -47.4, -38.6, 8.1], [13.4, -47.4, -38.6, 8.1]]
