name :	sphere2D
data :	[-10.000150341385204 48.34191922507104 0.0; -10.448042272572675 48.148511979815446 0.0; -9.161032501756114 48.31962668594702 0.0; -10.852749752979891 48.82744490211556 0.0; -10.524587521636374 48.4273569288277 0.0; -10.882060290656993 50.85932763769699 0.0; -12.105599156005363 49.55749541176605 0.0; -12.327412424331174 49.61517220122847 0.0; -12.526779290914721 49.82734681648188 0.0; -10.066659830336135 51.28346063034536 0.0; -12.573476173444268 50.457118836450405 0.0; -14.433912619370805 51.04895322991605 0.0; -12.867171381023223 50.69106877360888 0.0; -14.003680797507057 51.03219767159111 0.0; -12.80034673489866 48.705235731479824 0.0; -15.340027477198323 50.80999531047093 0.0; -14.99663311192095 50.79936791440971 0.0; -13.382224219197823 50.545530626032175 0.0; -13.73267215429254 48.813167854848324 0.0; -17.000782841484934 51.09026725328019 0.0; -18.036320118411336 50.27984836413501 0.0; -17.357347596108923 50.175918186478114 0.0; -16.40354430709548 47.84613141764274 0.0; -17.07977013336724 47.547809446375396 0.0; -17.548285363861655 49.8417195844864 0.0; -17.07914373145179 46.0602059264839 0.0; -18.147502658069882 47.36584590089366 0.0; -17.772862441557255 46.49843010747574 0.0; -16.474510714354714 46.18912731414298 0.0; -20.61590044929721 45.99970488340593 0.0; -14.448973956555575 46.629688534878404 0.0; -17.22382233364291 45.63853924235517 0.0; -16.06934904706523 45.74656235716908 0.0; -15.106558674304749 44.974782244979785 0.0; -16.267400384778053 44.73715766226434 0.0; -15.341107640431865 43.50211418340605 0.0; -14.549917932399433 43.31473985272329 0.0; -14.909098589720003 43.02025054365007 0.0; -15.1794062491571 46.35273094370169 0.0; -13.076877525031335 44.609850594150956 0.0; -11.795563512090636 44.739836391144756 0.0; -13.790186782259402 44.4281592518563 0.0; -11.70177472687569 46.28014887595953 0.0; -12.527679525496822 44.913849152353706 0.0; -8.920849170373994 46.78927361796245 0.0; -10.41131902131753 45.61819113202165 0.0; -11.534351330974864 44.47858524438733 0.0; -10.66563522519944 45.661168994197844 0.0; -10.212466205936746 45.5876859806616 0.0; -11.863661785380305 46.803692077621015 0.0; -11.629320315580749 48.82695058095968 0.0; -10.790869110543136 46.94085182317768 0.0]
npts :	52
nout :	10
model :	(x,t) -> (x[1]-t[1])^2 + (x[2]-t[2])^2 - t[3]^2
dim :	3
cluster :	false
noise :	true
solution :	[-13.7, 47.5, 3.3]
description :	type3: test sphere2d with noise and outliers
