name :	sphere2D
data :	[15.95203046893767 30.05422721072556 0.0; 14.69026140327432 32.99421688925432 0.0; 19.82755805820887 39.71375332202755 0.0; 13.246496214812332 34.48474954986002 0.0; 14.695691204471686 36.998154009858716 0.0; 13.012511372664815 38.534974434628936 0.0; 10.594454760574225 42.95456026731693 0.0; 9.382739420347917 41.07659311033509 0.0; 7.436325641196951 44.207417902409865 0.0; 6.577461823954866 45.01755308756543 0.0; 6.378117699364989 46.048822204197165 0.0; 2.284707502476154 44.94518831955684 0.0; 0.2182234724092087 47.29532921731278 0.0; 6.444050163047912 51.920055191817205 0.0; -2.88925484723274 47.68043233399221 0.0; -5.1131825479988064 45.26268026531727 0.0; -8.422768098054387 43.39035042098719 0.0; -10.191182032792579 43.000929781400934 0.0; -12.912109984735158 43.68071351322966 0.0; -16.312381339174987 36.88125340709706 0.0; -13.285684870165529 39.39925817475732 0.0; -23.589380220887822 34.59738237111206 0.0; -18.124406547334083 33.41012429508765 0.0; -18.3223165211744 36.494134811170916 0.0; -19.079282622109822 30.69875603052648 0.0; -18.74922648077597 28.58601310261047 0.0; -19.918077175751776 27.865103330197382 0.0; -12.275160401161326 20.58374498610153 0.0; -20.8338991038633 23.871502881805117 0.0; -16.201816458495923 20.999119207836106 0.0; -24.733653152142267 17.886794453284242 0.0; -15.393016781534238 17.730225978288296 0.0; -13.895126675972662 17.466834853326205 0.0; -10.288411566585822 12.862475785602449 0.0; -10.185325997847281 13.471456708016873 0.0; -7.930805861776628 12.488565425632615 0.0; -5.6244324049919845 11.746482931951427 0.0; 0.520044712869014 10.726003925303942 0.0; -4.938895134202646 14.925274456637773 0.0; -0.8005233088818722 11.086837079836517 0.0; 0.14173372288699193 13.300032109477682 0.0; 4.341773934736842 12.600645111512954 0.0; 6.5666673754241955 13.194163036690961 0.0; 10.299278825462704 13.837921245327383 0.0; 9.391138375839896 17.049521052877104 0.0; 14.595894506364312 21.20547412658472 0.0; 19.130323728545783 22.596989220299662 0.0; 14.702021776977416 20.811581300082246 0.0; 15.023107488404449 22.390770164558894 0.0; 13.860907104787511 24.217801242545466 0.0; 15.794418503296018 26.89786728434726 0.0; 15.419464267395693 29.723757715414212 0.0]
npts :	52
nout :	10
model :	(x,t) -> (x[1]-t[1])^2 + (x[2]-t[2])^2 - t[3]^2
dim :	3
cluster :	false
noise :	true
solution :	[-1.2, 28.8, 17.7]
description :	type3: test sphere2d with noise and outliers
