name :	sphere2D
data :	[58.614194605718055 -48.84247777047036 0.0; 45.74774250195876 -55.319358380586216 0.0; 53.240141865969626 -37.597099719940225 0.0; 53.750540680625875 -33.421737939910344 0.0; 51.30052574085411 -26.339284595741198 0.0; 47.60682396515782 -22.967870451165943 0.0; 42.452362632173845 -19.455174033220263 0.0; 38.163077601367604 -15.602626822370146 0.0; 33.90979991656706 -15.12044620432493 0.0; 38.63333955915873 0.041940652601747175 0.0; 23.853923522214792 -12.103157775731946 0.0; 16.63787406469604 -13.336599431836918 0.0; 12.602924083018653 -15.470593059225042 0.0; 7.223817974234622 -17.94821334429858 0.0; 0.6492140444203547 -14.188597440574151 0.0; -9.308112896632124 -32.12712782439469 0.0; -5.407522884259304 -29.37749302602716 0.0; -8.27562438833293 -35.094967073838696 0.0; -10.768766879741744 -40.67783588167279 0.0; -13.11938533824252 -46.22458891745349 0.0; -11.206203029924925 -49.96078903620791 0.0; -25.21365179759772 -59.90892696489248 0.0; -19.321937957925343 -73.36473016070748 0.0; -5.7479907514072535 -66.76537944715665 0.0; -1.4038939374989512 -71.31130351423114 0.0; -0.6695091891019456 -73.45836678442353 0.0; 5.387387500478591 -76.38275738593453 0.0; 12.255187320405716 -79.44422665463497 0.0; 14.730832914393275 -82.59726566031692 0.0; 22.52497758520865 -83.3961867833892 0.0; 11.656265779265327 -75.72352858777117 0.0; 31.812854621270127 -80.92787002059306 0.0; 38.64924295069645 -79.12229615514447 0.0; 43.26163054385331 -76.24556085736131 0.0; 47.56173300592444 -73.55918813865628 0.0; 50.243338932527536 -68.83034111179178 0.0; 53.29625746210591 -62.75696797664388 0.0; 56.065271880131405 -59.132837984624565 0.0; 43.42927006429166 -65.87475554583646 0.0; 57.716295669277315 -48.27975612943963 0.0]
npts :	40
nout :	8
model :	(x,t) -> (x[1]-t[1])^2 + (x[2]-t[2])^2 - t[3]^2
dim :	3
cluster :	false
noise :	true
solution :	[22.9, -48.0, 34.2]
description :	type3: test sphere2d with noise and outliers
