name :	sphere2D
data :	[-20.863263736237553 -0.42381611037253086 0.0; -21.396169016112395 0.9186701735607619 0.0; -20.00967264495582 3.345675250249646 0.0; -18.695320231247468 5.097415150840009 0.0; -22.390933292388002 7.525226807655464 0.0; -22.94361392563103 8.851635824432405 0.0; -25.652183070983106 9.837560550576432 0.0; -24.200381931453894 10.263320740104803 0.0; -22.884766258253606 10.723665926683577 0.0; -29.667936787657663 11.822492057054763 0.0; -30.845864782827313 11.570362348468272 0.0; -33.16949214236419 10.923003633267657 0.0; -33.64311277076006 12.90947211714911 0.0; -35.59753497348164 12.91287479933531 0.0; -38.65964357166753 8.850900564605363 0.0; -38.37926958213426 9.278500441942043 0.0; -39.34093764843965 9.924742283878777 0.0; -43.16895693390068 6.876453480873866 0.0; -43.95409019945073 7.514207785221691 0.0; -44.17881249108032 4.200184242471757 0.0; -37.753721078340675 -1.9945546215775618 0.0; -42.30681109943737 -0.09971681765903996 0.0; -42.92086446138952 -0.8264346050673912 0.0; -44.45043784335519 -3.020586657762921 0.0; -43.228925262643365 1.3072606965537146 0.0; -40.48338240056081 -5.895547545239556 0.0; -38.063356305098296 -6.612605994128634 0.0; -38.32130426604153 -8.797213516987878 0.0; -37.11086226548879 -7.853799602488044 0.0; -36.19076970289819 -9.474587883090546 0.0; -32.58027805371834 -10.125969281189494 0.0; -31.898661110242134 -10.895788623576824 0.0; -26.487963718688807 -14.363932621891404 0.0; -29.43777810437661 -9.532533531424694 0.0; -26.956387910388774 -7.994641961032893 0.0; -24.003904187187906 -9.455700576836074 0.0; -25.55724028743535 -6.977225500115556 0.0; -16.224952489219653 -4.11900934465409 0.0; -21.217384778321442 -4.403057083896817 0.0; -20.66432839546753 -0.9812105979517733 0.0; -21.46068232367416 0.07314474061180154 0.0; -20.1955973675325 0.04964880468743138 0.0]
npts :	42
nout :	8
model :	(x,t) -> (x[1]-t[1])^2 + (x[2]-t[2])^2 - t[3]^2
dim :	3
cluster :	false
noise :	true
solution :	[-31.8, 0.7, 11.3]
description :	type3: test sphere2d with noise and outliers
