name :	sphere2D
data :	[28.782444771272473 -1.8091964454126028 0.0; 26.185341426633585 2.088171176290661 0.0; 26.11985979925162 6.097240642785287 0.0; 26.909232521166587 8.947973285276628 0.0; 26.431674914489157 12.384487618194822 0.0; 22.47522510884093 14.686853247215863 0.0; 20.803486166734956 18.717358175693224 0.0; 16.39118189866196 19.09240953263665 0.0; 24.609784694446006 27.542136004461398 0.0; 10.777838873757933 23.135260442372534 0.0; 8.642894307853073 24.56296482674186 0.0; 4.963438285513638 28.618405574384106 0.0; 13.56790069349959 18.976497596834264 0.0; -4.568288290009274 21.62288145962085 0.0; -3.9615260511386814 27.99112934098892 0.0; -7.970949985577978 26.914092975006366 0.0; -12.940206994894483 25.03734722823788 0.0; -16.414710355551815 23.29213227708569 0.0; -20.98264227727107 13.169241167256747 0.0; -22.494062548112147 18.27328503304678 0.0; -24.498751758605955 16.35488976649015 0.0; -29.099513980390643 14.07697751981206 0.0; -16.825172038895886 24.00604483904002 0.0; -31.386960283039848 7.293654660898383 0.0; -22.671771044355324 -2.470983351777101 0.0; -29.77130891000243 -1.4669031259901695 0.0; -31.42742866048597 -4.784948986954292 0.0; -30.249691349645705 -8.099945265100938 0.0; -29.52247579242958 -11.7145780554576 0.0; -28.11209898750424 -12.966417246308858 0.0; -15.406270266505864 -17.708463043823375 0.0; -24.533048553530165 -20.162658426559116 0.0; -22.311443595347033 -24.14274378801084 0.0; -19.188984774746245 -26.343915735327602 0.0; -14.544667586341506 -30.175120076625607 0.0; -14.23834813823904 -27.676602837664127 0.0; -10.477559468836597 -29.74067532297014 0.0; -6.8499122253807325 -31.974614082602546 0.0; -3.415801908105453 -30.477423957615883 0.0; -0.8174542809120509 -30.476093379718225 0.0; 3.597419093570638 -32.24894202546721 0.0; 8.535274217653015 -30.639855159089443 0.0; -3.0858191301449676 -32.336499862119524 0.0; 1.8040636051457408 -38.830164353840914 0.0; 18.857135086100403 -25.220217549222912 0.0; 20.54953345805577 -20.93535285722026 0.0; 22.02078882689172 -17.527580794648806 0.0; 25.547272630803032 -16.86547598215946 0.0; 25.314168090448806 -12.762226967251094 0.0; 26.404474521109886 -10.608179103760467 0.0; 35.36366920263088 -9.125787531908797 0.0; 27.627886685018765 -4.390527283024453 0.0]
npts :	52
nout :	10
model :	(x,t) -> (x[1]-t[1])^2 + (x[2]-t[2])^2 - t[3]^2
dim :	3
cluster :	false
noise :	true
solution :	[-1.7, -2.3, 29.5]
description :	type3: test sphere2d with noise and outliers
