name :	sphere2D
data :	[86.23071423993436 52.36082879855441 0.0; 88.39347014079236 54.56767823386926 0.0; 90.34220793399048 77.19149365224058 0.0; 83.64316651028344 65.41964865212663 0.0; 84.40410390189253 68.78116175112451 0.0; 68.61440682378648 66.13319448268955 0.0; 76.1847531938366 77.27882980487993 0.0; 69.72565984297422 80.01331992607747 0.0; 65.92384541784666 82.13721716624295 0.0; 62.20886492928266 85.68319058465642 0.0; 55.69240443217049 88.23295760671874 0.0; 50.665915826085325 86.20917169007518 0.0; 46.046638664931805 86.98541348181742 0.0; 23.209374842930597 77.35378920827196 0.0; 49.48759003082397 93.68321669749295 0.0; 31.816808638443213 82.87867079190622 0.0; 26.296614367933767 79.23437146096086 0.0; 5.886601759250194 62.3693834926006 0.0; 19.28709659477707 70.22634461497215 0.0; 17.26285139882267 68.13511621686816 0.0; 15.29347815748536 64.85234150811631 0.0; 13.508365023090253 56.46104611197811 0.0; 12.20005336682132 52.269477010864165 0.0; 10.920350062343703 44.922760842716485 0.0; 14.73810455433057 40.87649782783293 0.0; 13.74963494729842 36.59363558927804 0.0; 17.69790983423099 31.743264667390847 0.0; 19.32045240860451 27.188610929972892 0.0; 22.004048505506255 23.910925105123322 0.0; 25.83443905071919 18.449362118821377 0.0; 17.32979005257233 7.697681150678587 0.0; 35.13915356339898 14.228354845497527 0.0; 40.979679419971035 11.25744662046861 0.0; 46.31777343303008 13.161999049217176 0.0; 50.84904479694026 10.765474345997685 0.0; 56.53939904722702 11.326093565577493 0.0; 60.63172046573259 14.737780460061083 0.0; 79.94501912981904 4.221976603302993 0.0; 70.49325598171394 35.958769296869704 0.0; 74.96831488519253 21.228091627661453 0.0; 78.57430686704379 24.919670328451637 0.0; 81.49146961831347 27.44793185013653 0.0; 84.47193895871222 34.414155132118076 0.0; 86.47450622924228 38.58276806045133 0.0; 96.72409051935837 37.85846351443162 0.0; 86.82033221251928 48.248760766742166 0.0]
npts :	46
nout :	9
model :	(x,t) -> (x[1]-t[1])^2 + (x[2]-t[2])^2 - t[3]^2
dim :	3
cluster :	false
noise :	true
solution :	[49.9, 49.4, 38.2]
description :	type3: test sphere2d with noise and outliers
