name :	sphere2D
data :	[-3.3618711178015697 -24.03155772632973 0.0; -4.61128396878145 -28.298999112114583 0.0; -3.8667755558865595 -24.714493745434776 0.0; -4.200284049706885 -26.192756443599635 0.0; -3.0688270906303172 -24.044093657342586 0.0; -4.240533779180856 -26.033032905691922 0.0; -5.633706778442022 -24.20775002831916 0.0; -6.74896297529592 -25.614089015157536 0.0; -6.765573289418819 -23.09563111861432 0.0; -7.9798708595374475 -23.614256818063534 0.0; -8.232726334527984 -25.011512493642005 0.0; -7.076538211039539 -22.390581098878968 0.0; -9.10080522535684 -24.077306188151873 0.0; -8.581410483936532 -23.004275933098832 0.0; -10.483057759695923 -24.228513984009258 0.0; -11.31767942786094 -24.752640888156957 0.0; -11.839965045822572 -26.351904537737404 0.0; -11.190663624996933 -24.59996038201342 0.0; -12.223229623312093 -25.25222334679469 0.0; -13.778157114205904 -26.449763885960913 0.0; -12.026597178737036 -28.269234366897592 0.0; -12.892681590880523 -26.466145184275906 0.0; -11.113557252218737 -29.19606956437269 0.0; -12.52558039177005 -30.20293798068321 0.0; -10.728303835071904 -29.46271112364489 0.0; -13.017317056364162 -29.12519562201966 0.0; -11.908734091456392 -29.702348688229755 0.0; -9.957172012089172 -31.534563825211393 0.0; -9.099508021680382 -30.908548222081485 0.0; -10.869427020618875 -31.147450398050765 0.0; -9.1406540055213 -32.2878400513816 0.0; -7.179899829675489 -30.41146781180481 0.0; -7.184735254607444 -28.562406684131492 0.0; -4.749107184029508 -30.738645287187445 0.0; -7.321203100981108 -29.058990858290787 0.0; -6.016650500000484 -29.467577192405077 0.0; -4.627263052310546 -30.57811765991041 0.0; -4.524541750931399 -28.680610970518902 0.0; -4.918458886494352 -27.654215451595327 0.0; -4.958707223771994 -27.352458903366262 0.0; -4.63885914220062 -28.981351047068614 0.0]
npts :	41
nout :	8
model :	(x,t) -> (x[1]-t[1])^2 + (x[2]-t[2])^2 - t[3]^2
dim :	3
cluster :	false
noise :	true
solution :	[-8.0, -27.2, 3.8]
description :	type3: test sphere2d with noise and outliers
