name :	sphere2D
data :	[-14.62463937472533 43.05099607724189 0.0; -15.067614501972008 44.23722296611949 0.0; -15.082590042972571 51.675214008987986 0.0; -16.62133508902177 49.391884908414646 0.0; -18.636844966313856 50.61834914766951 0.0; -17.735487985032403 52.13778690401147 0.0; -19.647562272744462 51.76780055429325 0.0; -18.23441510169638 54.77429361404267 0.0; -20.688890268638232 53.45804516362119 0.0; -23.25107799199761 53.9825628641584 0.0; -25.776803352596207 53.10475903500542 0.0; -27.17924100108178 53.70100480377059 0.0; -27.85235953442257 52.499911239859024 0.0; -30.844046359346386 51.914838553139624 0.0; -30.947799020980426 49.244961849075686 0.0; -26.850231907257815 54.45295760436609 0.0; -34.57517401911859 50.62281137484931 0.0; -33.41277823543202 48.10959599304131 0.0; -32.072901182434755 43.93682911290455 0.0; -34.0055098516628 44.95893668782656 0.0; -39.8766049010798 38.213034344078295 0.0; -34.73326428486438 40.24924204658937 0.0; -33.057577053748986 41.15698729093796 0.0; -31.417718869373388 38.53805383312282 0.0; -31.09324941079167 37.68747006587027 0.0; -28.9558256070447 37.19116541461172 0.0; -27.797395255394612 37.27349228975683 0.0; -27.168455438043786 35.93069547320744 0.0; -29.527769394083172 32.60935024166225 0.0; -23.645310244421097 35.518457288046896 0.0; -18.459740245020523 34.7598277219691 0.0; -20.953930691673055 37.315242175935566 0.0; -18.990787625605613 37.20855834510053 0.0; -17.47589717407301 35.78740110100998 0.0; -17.18231281610252 39.629920258337286 0.0; -17.01896401617996 40.10095746386152 0.0; -15.889720734428828 41.08611257842837 0.0; -14.550174601314037 43.11647747094713 0.0; -14.741412445922093 44.915103044066086 0.0]
npts :	39
nout :	8
model :	(x,t) -> (x[1]-t[1])^2 + (x[2]-t[2])^2 - t[3]^2
dim :	3
cluster :	false
noise :	true
solution :	[-24.4, 44.9, 9.2]
description :	type3: test sphere2d with noise and outliers
