name :	sphere2D
data :	[-27.561955473743726 11.469650258040126 0.0; -27.253240025924597 15.450202336211888 0.0; -29.931794717335446 18.356586383756852 0.0; -29.609194543172674 20.219058426681986 0.0; -34.75627306922132 23.09172405928046 0.0; -36.77048864566397 25.308933545877053 0.0; -40.233715369377975 27.864939285974184 0.0; -43.61537635692318 26.75460210787287 0.0; -49.50067496406918 27.795251226809093 0.0; -53.0458451781011 24.392113406286555 0.0; -56.06260111612999 23.217103561116655 0.0; -59.87250299955531 20.195537962958685 0.0; -58.99477705862628 18.34153068702896 0.0; -55.03122633843335 17.31053861279937 0.0; -53.66121535239045 0.0005114263724905754 0.0; -61.625306069611355 7.862620877151811 0.0; -60.94761318649517 7.60940468007891 0.0; -56.27389022877368 -8.335311519680534 0.0; -53.77361841392465 -1.0712563295280888 0.0; -50.56272751174629 -3.8160846863270175 0.0; -48.46137106833872 -6.130978500009586 0.0; -44.874177500852 -5.327125150868186 0.0; -40.98086234832669 -5.382888573171945 0.0; -37.57109733372309 -2.9849104366185335 0.0; -33.37920013897582 -1.6612997057134185 0.0; -30.74269897631322 0.5432536108334918 0.0; -26.642941195647495 5.024691540472345 0.0; -28.046977228508567 6.099218541112908 0.0; -27.979686275958283 10.427195722927665 0.0]
npts :	29
nout :	6
model :	(x,t) -> (x[1]-t[1])^2 + (x[2]-t[2])^2 - t[3]^2
dim :	3
cluster :	false
noise :	true
solution :	[-44.5, 10.6, 16.7]
description :	type3: test sphere2d with noise and outliers
