name :	sphere2D
data :	[-13.8 -27.2 0.0; -22.52995247205031 -10.707556336921812 0.0; -15.111685363289887 -18.918344550751407 0.0; -16.721025151751743 -15.033054606980146 0.0; -18.91834455075141 -11.44735523856172 0.0; -21.649538264200526 -8.249538264200527 0.0; -24.847355238561722 -5.518344550751408 0.0; -41.033054606980144 4.178974848248259 0.0; -32.318344550751405 -1.7116853632898845 0.0; -36.407556336921814 -0.7299524720503072 0.0; -40.6 -0.3999999999999986 0.0; -44.79244366307819 -0.7299524720503072 0.0; -48.88165544924859 -1.711685363289881 0.0; -65.66694539301986 -16.12102515175174 0.0; -54.95264476143828 -6.018344550751408 0.0; -59.55046173579947 -8.249538264200524 0.0; -62.28165544924859 -11.447355238561716 0.0; -67.27897484824825 -7.633054606980142 0.0; -66.08831463671012 -18.918344550751407 0.0; -63.970047527949696 -14.80755633692181 0.0; -67.4 -27.199999999999996 0.0; -69.5700475279497 -32.492443663078184 0.0; -66.08831463671012 -35.481655449248585 0.0; -72.37897484824826 -45.96694539301985 0.0; -62.28165544924859 -42.95264476143828 0.0; -52.65046173579948 -38.65046173579947 0.0; -56.352644761438285 -48.88165544924858 0.0; -52.76694539301986 -51.07897484824826 0.0; -42.0816554492486 -57.28831463671012 0.0; -31.792443663078195 -64.97004752794969 0.0; -40.60000000000001 -54.0 0.0; -36.40755633692182 -53.67004752794969 0.0; -32.31834455075142 -52.68831463671012 0.0; -28.43305460698015 -51.078974848248265 0.0; -13.347355238561725 -37.3816554492486 0.0; -21.649538264200533 -46.15046173579948 0.0; -18.918344550751414 -42.952644761438286 0.0; -16.721025151751743 -39.36694539301986 0.0; -15.111685363289887 -35.48165544924859 0.0; -14.129952472050313 -31.392443663078193 0.0; -13.8 -27.200000000000006 0.0]
npts :	41
nout :	12
model :	(x,t) -> (x[1]-t[1])^2 + (x[2]-t[2])^2 - t[3]^2
dim :	3
cluster :	false
noise :	false
solution :	[-40.6, -27.2, 26.8]
description :	type3: test sphere2d with noise and outliers
