name :	sphere2D
data :	[19.599999999999998 32.699999999999996 0.0; 4.538037213497049 32.49917327218279 0.0; 3.461061579077512 36.98509963462345 0.0; 1.6955918111380157 41.24732069234267 0.0; 12.285099634623453 57.98088641739871 0.0; -6.311060633115501 33.988939366884495 0.0; -7.219113582601292 51.685099634623455 0.0; -11.152679307657323 54.09559181113801 0.0; -15.414900365376546 55.861061579077514 0.0; -19.90082672781721 56.93803721349705 0.0; -24.499999999999996 57.3 0.0; -29.099173272182785 56.93803721349705 0.0; -33.585099634623454 55.861061579077514 0.0; -37.84732069234268 54.095591811138014 0.0; -32.1808864173987 49.085099634623454 0.0; -52.08893936688449 38.3889393668845 0.0; -48.28509963462345 45.18088641739871 0.0; -50.695591811138016 41.247320692342676 0.0; -52.46106157907751 36.98509963462345 0.0; -53.53803721349705 32.49917327218279 0.0; -53.9 27.900000000000002 0.0; -46.93803721349705 29.600826727817218 0.0; -52.461061579077516 18.81490036537655 0.0; -50.695591811138016 14.552679307657327 0.0; -48.28509963462345 10.619113582601294 0.0; -45.288939366884506 7.111060633115503 0.0; -41.78088641739871 4.114900365376549 0.0; -37.84732069234268 1.7044081888619864 0.0; -20.88509963462346 5.838938420922487 0.0; -29.099173272182792 -1.1380372134970465 0.0; -26.900000000000006 -6.4 0.0; -8.700826727817219 -0.83803721349705 0.0; -15.414900365376552 -0.06106157907751708 0.0; -0.45267930765733055 9.70440818886198 0.0; -7.219113582601299 4.114900365376542 0.0; -3.7110606331155083 7.111060633115496 0.0; -0.7149003653765504 10.619113582601283 0.0; 4.0955918111380125 22.052679307657318 0.0; -3.8389384209224877 19.61490036537654 0.0; 4.538037213497045 23.300826727817203 0.0; 4.899999999999999 27.89999999999999 0.0]
npts :	41
nout :	12
model :	(x,t) -> (x[1]-t[1])^2 + (x[2]-t[2])^2 - t[3]^2
dim :	3
cluster :	false
noise :	false
solution :	[-24.5, 27.9, 29.4]
description :	type3: test sphere2d with noise and outliers
