name :	sphere2D
data :	[40.6 -42.4 0.0; 39.396023036804415 -34.412134773464494 0.0; 32.94107078396346 -28.684026426475842 0.0; 39.04657363037168 -8.46236682511639 0.0; 23.400741760329304 -17.173321411742062 0.0; 27.7751855361921 -24.625777096390017 0.0; 7.469682689783881 -15.979453579872576 0.0; -0.04999999999999538 -18.930711557441708 0.0; -6.3657057265882955 -23.967318806408084 0.0; -19.266256320155556 -34.49175066991417 0.0; -25.347315390700984 -36.910954586625664 0.0; -13.297315390700984 -46.43904541337433 0.0; -10.916256320155561 -54.15824933008582 0.0; -6.365705726588303 -60.83268119359191 0.0; -1.200000000000013 -74.11928844255829 0.0; -4.680317310216126 -62.27054642012742 0.0; 15.525185536192101 -69.42422290360997 0.0; 23.400741760329293 -67.62667858825795 0.0; 30.396573630371677 -63.58763317488361 0.0; 35.891070783963464 -57.665973573524155 0.0; 39.39602303680441 -50.38786522653552 0.0; 40.6 -42.400000000000006 0.0]
npts :	22
nout :	7
model :	(x,t) -> (x[1]-t[1])^2 + (x[2]-t[2])^2 - t[3]^2
dim :	3
cluster :	false
noise :	false
solution :	[13.5, -42.4, 27.1]
description :	type3: test sphere2d with noise and outliers
