name :	sphere2D
data :	[-16.700000000000003 49.9 0.0; -12.89585216977925 53.13349257827717 0.0; -14.05853583144732 56.070096293681615 0.0; -15.914995294490216 58.62529353470148 0.0; -18.348582383264645 60.63853186132539 0.0; -21.206385870875664 61.98331210531893 0.0; -24.308839453930652 62.575136778196224 0.0; -27.461004563780133 62.376819359181475 0.0; -30.464819073719916 61.40082086107184 0.0; -27.53154227083349 56.808466858974946 0.0; -35.293614129124336 57.40609417888516 0.0; -36.81518372219197 54.638369363826946 0.0; -37.60064523656242 51.579198742910236 0.0; -37.60064523656242 48.420801257089764 0.0; -36.81518372219197 45.36163063617306 0.0; -30.893614129124337 36.29390582111484 0.0; -37.03154227083349 44.09153314102505 0.0; -28.06481907371992 42.499179138928156 0.0; -27.461004563780133 37.623180640818525 0.0; -24.40883945393066 35.02486322180378 0.0; -21.206385870875668 38.01668789468106 0.0; -18.34858238326464 39.36146813867461 0.0; -19.414995294490218 38.47470646529852 0.0; -18.85853583144732 40.029903706318386 0.0; -12.895852169779252 46.86650742172282 0.0; -12.500000000000002 50.0 0.0]
npts :	26
nout :	8
model :	(x,t) -> (x[1]-t[1])^2 + (x[2]-t[2])^2 - t[3]^2
dim :	3
cluster :	false
noise :	false
solution :	[-25.1, 50.0, 12.6]
description :	type3: test sphere2d with noise and outliers
