name :	sphere2D
data :	[-38.1 -5.9 0.0; -38.19803679899192 -4.1622741949596795 0.0; -38.29030116872178 -4.943291419087275 0.0; -38.52132596924364 -4.511074417450995 0.0; -38.83223304703363 -4.1322330470336315 0.0; -39.211074417450995 -3.821325969243637 0.0; -39.64329141908728 -3.5903011687217834 0.0; -41.26227419495968 -2.598036798991924 0.0; -40.6 -3.4000000000000004 0.0; -41.08772580504032 -3.4480367989919243 0.0; -41.806708580912726 -2.5403011687217836 0.0; -41.98892558254901 -3.821325969243637 0.0; -43.01776695296637 -3.3822330470336315 0.0; -41.52867403075636 -5.661074417450996 0.0; -44.15969883127822 -5.893291419087276 0.0; -43.05196320100808 -5.412274194959679 0.0; -43.1 -5.9 0.0; -43.05196320100808 -6.387725805040321 0.0; -42.90969883127822 -6.856708580912724 0.0; -42.67867403075636 -7.288925582549005 0.0; -42.36776695296637 -7.667766952966369 0.0; -41.98892558254901 -7.9786740307563635 0.0; -41.556708580912726 -8.209698831278217 0.0; -41.08772580504032 -8.351963201008076 0.0; -40.6 -8.4 0.0; -39.16227419495968 -7.401963201008075 0.0; -39.64329141908728 -8.209698831278217 0.0; -38.561074417450996 -8.828674030756364 0.0; -38.682233047033634 -6.617766952966369 0.0; -38.52132596924364 -7.288925582549005 0.0; -38.29030116872178 -6.856708580912726 0.0; -38.148036798991924 -6.387725805040322 0.0; -39.35 -6.050000000000002 0.0]
npts :	33
nout :	10
model :	(x,t) -> (x[1]-t[1])^2 + (x[2]-t[2])^2 - t[3]^2
dim :	3
cluster :	false
noise :	false
solution :	[-40.6, -5.9, 2.5]
description :	type3: test sphere2d with noise and outliers
