name :	sphere2D
data :	[-27.200000000000003 -35.9 0.0; -27.524974275629795 -32.91191088106677 0.0; -28.4847016665737 -30.06354148831232 0.0; -28.084306386691555 -32.63807840880666 0.0; -33.3513306415326 -26.855947433725852 0.0; -34.589122674272915 -23.61918258220028 0.0; -37.38135609444383 -22.506655103982798 0.0; -40.3474691706627 -22.020385547469377 0.0; -43.79876975208344 -28.233111336672785 0.0; -46.24492035922481 -22.987223594546595 0.0; -48.90050020853712 -24.39512292561922 0.0; -45.34133733773152 -28.390977521937415 0.0; -56.460314748729495 -27.983801385239396 0.0; -54.27237907944095 -31.461708731109873 0.0; -54.9185176044456 -34.39714564390721 0.0; -57.3685176044456 -42.952854356092786 0.0; -54.27237907944095 -40.33829126889012 0.0; -57.06031474872949 -41.416198614760596 0.0; -51.191337337731525 -45.45902247806258 0.0; -48.90050020853712 -47.40487707438078 0.0; -46.244920359224814 -48.8127764054534 0.0; -43.348769752083435 -49.61688866332722 0.0; -40.3474691706627 -49.77961445253062 0.0; -37.38135609444383 -49.293344896017196 0.0; -34.589122674272915 -48.180817417799716 0.0; -31.1513306415326 -44.94405256627415 0.0; -23.984306386691557 -49.06192159119334 0.0; -28.4847016665737 -41.73645851168768 0.0; -27.524974275629795 -38.88808911893324 0.0; -27.200000000000003 -35.9 0.0]
npts :	30
nout :	9
model :	(x,t) -> (x[1]-t[1])^2 + (x[2]-t[2])^2 - t[3]^2
dim :	3
cluster :	false
noise :	false
solution :	[-41.1, -35.9, 13.9]
description :	type3: test sphere2d with noise and outliers
