name :	sphere2D
data :	[36.0 -8.3 0.0; 34.66503579983001 11.009537010606138 0.0; 42.16370501708529 5.1613253233596925 0.0; 32.80663911153503 18.39849165180174 0.0; 31.211378022859318 21.865900261916313 0.0; 30.60210428304287 31.210988773655785 0.0; 26.80927643384043 28.084564953043273 0.0; 24.069167306331504 30.74155241629592 0.0; 22.82331416177568 32.041673941854704 0.0; 17.717889029072687 34.95006203200693 0.0; 16.702998783869447 25.837787468609598 0.0; 10.531925579401424 37.482297850547624 0.0; -6.9396808566376365 37.867759465146065 0.0; 2.9453531847587238 38.18529731111435 0.0; -0.8551413012392444 37.83312963451904 0.0; -4.583552692234569 37.01659493835739 0.0; -8.183362072073058 35.74807105629357 0.0; -11.599999999999993 34.046787517317604 0.0; -14.781673727756944 31.938534045687426 0.0; -17.680152324850724 29.4552696149977 0.0; -12.851497810295784 16.9346379827173 0.0; -22.456731207618034 23.519397049198037 0.0; -24.262423426405235 20.156770691490294 0.0; -25.641202013241852 16.597732897504354 0.0; -26.572166090200955 12.896235052313681 0.0; -27.041203190848368 9.108388090152227 0.0; -27.041203190848368 5.291611909847782 0.0; -26.572166090200955 1.5037649476863262 0.0; -25.641202013241855 -2.197732897504344 0.0; -24.26242342640524 -5.756770691490286 0.0; -22.456731207618038 -9.119397049198032 0.0; -8.351497810295788 -12.434637982717295 0.0; -17.68015232485073 -15.055269614997698 0.0; -14.781673727756951 -17.53853404568742 0.0; -11.600000000000014 -19.646787517317595 0.0; -8.183362072073058 -21.348071056293566 0.0; -4.583552692234576 -22.61659493835739 0.0; 9.344858698760762 -10.533129634519044 0.0; 16.145353184758715 -8.785297311114345 0.0; 6.760319143362348 -23.667759465146073 0.0; 19.831925579401425 -29.582297850547622 0.0; 28.60299878386944 -20.137787468609606 0.0; 17.71788902907267 -20.55006203200694 0.0; 21.02331416177568 -18.641673941854705 0.0; 35.2691673063315 -7.941552416295933 0.0; 34.009276433840434 -16.68456495304327 0.0; 29.202104283042864 -10.710988773655792 0.0; 35.41137802285931 -0.8659002619163294 0.0; 32.80663911153503 -3.9984916518017437 0.0; 33.96370501708529 -0.36132532335970424 0.0; 32.26503579983001 -5.3095370106061335 0.0; 34.9 7.199999999999992 0.0]
npts :	52
nout :	16
model :	(x,t) -> (x[1]-t[1])^2 + (x[2]-t[2])^2 - t[3]^2
dim :	3
cluster :	false
noise :	false
solution :	[3.9, 7.2, 31.0]
description :	type3: test sphere2d with noise and outliers
