name :	sphere2D
data :	[48.6 22.6 0.0; 48.54565117718306 23.342565955448528 0.0; 48.38376305953287 24.069305406762712 0.0; 49.56778601121505 22.714729164266657 0.0; 47.75338887123838 25.414015477929276 0.0; 47.29833813199329 26.00332593723342 0.0; 46.762332409950346 26.520100412870516 0.0; 46.15679573648845 26.953324754090467 0.0; 43.04463407449979 26.243765536202712 0.0; 44.03996025019757 26.184166854992867 0.0; 42.30779316272716 27.419404973723726 0.0; 43.31373768240594 27.696597526688223 0.0; 45.12365206000487 26.56516495183028 0.0; 41.85330993566563 27.42684284310381 0.0; 41.168064151146346 27.135644959300848 0.0; 40.53251953065444 26.747777677751387 0.0; 41.91022160437477 26.721507716165778 0.0; 39.463367909010806 25.716985941899033 0.0; 39.05254801846658 25.096031023836538 0.0; 40.18651784546401 26.371877537985778 0.0; 38.572013024464766 25.758893895465945 0.0; 38.41360535331589 22.97227610477063 0.0; 38.41360535331589 22.227723895229374 0.0; 38.52201302446477 21.49110610453406 0.0; 37.386517845464006 20.428122462014223 0.0; 39.05254801846658 20.10396897616347 0.0; 39.463367909010806 19.48301405810097 0.0; 40.710221604374766 21.478492283834225 0.0; 40.53251953065444 18.452222322248616 0.0; 41.16806415114634 18.064355040699155 0.0; 41.85330993566562 17.773157156896197 0.0; 42.57365206000487 17.584835048169726 0.0; 43.31373768240594 17.50340247331178 0.0; 45.40779316272716 17.580595026276278 0.0; 44.78996025019757 17.665833145007134 0.0; 45.49463407449979 17.906234463797286 0.0; 48.40679573648845 20.796675245909537 0.0; 46.762332409950346 18.679899587129487 0.0; 49.54833813199329 21.24667406276658 0.0; 47.75338887123838 19.785984522070727 0.0; 48.117786011215046 20.43527083573334 0.0; 48.38376305953287 21.13069459323729 0.0; 48.54565117718306 21.857434044551475 0.0; 48.6 22.6 0.0]
npts :	44
nout :	13
model :	(x,t) -> (x[1]-t[1])^2 + (x[2]-t[2])^2 - t[3]^2
dim :	3
cluster :	false
noise :	false
solution :	[43.5, 22.6, 5.1]
description :	type3: test sphere2d with noise and outliers
