name :	sphere2D
data :	[44.800000000000004 -11.3 0.0; 44.653568657281554 -9.719754146777497 0.0; 44.21926117287747 -8.193321670790485 0.0; 43.51186736727468 -6.772683399254742 0.0; 42.55547668809767 -5.506217464639609 0.0; 41.38265787286161 -4.4370518453899415 0.0; 41.733349859678235 -4.701595694346466 0.0; 41.35350171461992 -1.228299468713758 0.0; 36.9935078913844 -2.736686083862704 0.0; 35.40649210861561 -2.736686083862704 0.0; 33.84649828538009 -3.028299468713758 0.0; 31.166650140321774 -3.2015956943464654 0.0; 28.1173421271384 -1.8370518453899405 0.0; 29.844523311902336 -5.506217464639607 0.0; 25.888132632725323 -7.672683399254739 0.0; 28.180738827122543 -8.193321670790485 0.0; 27.74643134271845 -9.719754146777495 0.0; 27.6 -11.299999999999999 0.0; 27.74643134271845 -12.880245853222505 0.0; 28.180738827122543 -14.406678329209514 0.0; 28.888132632725323 -15.82731660074526 0.0; 29.844523311902336 -17.093782535360393 0.0; 31.0173421271384 -18.16294815461006 0.0; 28.666650140321774 -19.498404305653537 0.0; 33.846498285380086 -19.571700531286243 0.0; 35.40649210861561 -19.863313916137297 0.0; 36.5935078913844 -20.263313916137296 0.0; 38.55350171461991 -19.571700531286243 0.0; 37.33334985967822 -18.998404305653537 0.0; 41.38265787286161 -18.162948154610064 0.0; 44.35547668809767 -12.99378253536039 0.0; 43.51186736727468 -15.827316600745263 0.0; 44.21926117287747 -14.406678329209516 0.0; 44.653568657281554 -12.88024585322251 0.0; 41.6 -13.700000000000003 0.0]
npts :	35
nout :	10
model :	(x,t) -> (x[1]-t[1])^2 + (x[2]-t[2])^2 - t[3]^2
dim :	3
cluster :	false
noise :	false
solution :	[36.2, -11.3, 8.6]
description :	type3: test sphere2d with noise and outliers
