name :	sphere2D
data :	[50.7 8.3 0.0; 50.63441207009684 9.426101267014733 0.0; 50.43853524462429 10.53697394620167 0.0; 50.11501842162331 11.617595390258987 0.0; 49.6682366111371 12.653352047944484 0.0; 49.10423177070548 13.630237087286819 0.0; 48.43063109825408 14.53503981395943 0.0; 50.70654388732671 18.005524323258573 0.0; 50.442438339517025 16.630594969723926 0.0; 44.4 15.350446416709056 0.0; 44.841973730579824 17.206696236738658 0.0; 43.78199135729758 17.592498269460243 0.0; 44.93438732336922 19.802635204218415 0.0; 42.01400484043162 14.633589135231302 0.0; 40.435995159568385 17.983589135231302 0.0; 39.31561267663078 17.852635204218416 0.0; 33.96800864270242 19.142498269460244 0.0; 37.158026269420176 17.206696236738658 0.0; 36.150000000000006 16.700446416709056 0.0; 35.20756166048298 16.080594969723926 0.0; 34.34345611267329 15.355524323258575 0.0; 33.56936890174592 14.535039813959433 0.0; 32.89576822929452 13.63023708728682 0.0; 32.3317633888629 12.653352047944484 0.0; 33.63498157837669 12.16759539025899 0.0; 31.56146475537571 10.536973946201671 0.0; 31.365587929903153 9.426101267014735 0.0; 31.3 8.300000000000002 0.0; 31.365587929903153 7.173898732985268 0.0; 31.56146475537571 6.063026053798332 0.0; 31.88498157837669 4.982404609741015 0.0; 32.3317633888629 3.9466479520555184 0.0; 32.89576822929452 2.9697629127131826 0.0; 33.56936890174591 2.0649601860405706 0.0; 34.34345611267329 1.2444756767414296 0.0; 36.95756166048297 3.8694050302760767 0.0; 36.3 -1.8504464167090529 0.0; 37.158026269420176 -0.6066962367386566 0.0; 38.21800864270242 -0.9924982694602402 0.0; 39.31561267663078 -1.2526352042184161 0.0; 42.68599515956838 -0.9335891352313006 0.0; 42.01400484043162 2.966410864768699 0.0; 42.68438732336922 -1.252635204218418 0.0; 45.73199135729758 -0.6424982694602402 0.0; 44.84197373057982 -0.6066962367386584 0.0; 45.85 -0.10044641670905285 0.0; 46.79243833951702 0.5194050302760749 0.0; 47.65654388732672 1.2444756767414296 0.0; 48.43063109825408 2.064960186040567 0.0; 49.10423177070548 2.9697629127131835 0.0; 51.318236611137095 1.0966479520555148 0.0; 54.36501842162331 2.7324046097410157 0.0; 50.43853524462429 6.063026053798328 0.0; 52.984412070096845 6.423898732985269 0.0; 49.75 10.549999999999999 0.0]
npts :	55
nout :	16
model :	(x,t) -> (x[1]-t[1])^2 + (x[2]-t[2])^2 - t[3]^2
dim :	3
cluster :	false
noise :	false
solution :	[41.0, 8.3, 9.7]
description :	type3: test sphere2d with noise and outliers
