name :	sphere2D
data :	[0.6000000000000014 36.9 0.0; 0.31972037975722856 40.90818530764988 0.0; -0.5156631569764158 44.83835584752958 0.0; -1.8898908198930933 48.61401532058304 0.0; 6.9237851693050665 42.0616748099163 0.0; -6.137920038173434 55.41228315897233 0.0; -21.82903853686488 63.40257097374895 0.0; -3.29524438004249 51.9762820895852 0.0; -15.574910972474568 62.78526853341601 0.0; -19.300310562001513 64.29042766930041 0.0; -23.198932483192404 65.2624632867516 0.0; -27.19489449496797 65.68245581814996 0.0; -31.210419742108414 65.54223058660628 0.0; -35.16735059327043 64.8445169167487 0.0; -38.98866989037827 63.60289501152347 0.0; -42.599999999999994 61.84153162899183 0.0; -45.93105048937896 59.59470970387359 0.0; -48.91698624975315 56.906161069219124 0.0; -61.69968943799849 48.128215266023226 0.0; -53.6288906743371 50.42078100823365 0.0; -55.26314747863416 46.75018012777926 0.0; -56.3706509011336 42.88785669555147 0.0; -52.02984464748294 47.008986443830814 0.0; -54.829844647482936 47.191013556169196 0.0; -56.3706509011336 30.912143304448538 0.0; -55.063147478634164 28.349819872220742 0.0; -53.6288906743371 23.37921899176635 0.0; -47.099689437998485 17.071784733976777 0.0; -36.116986249753154 3.3938389307808734 0.0; -45.93105048937895 14.2052902961264 0.0; -42.60000000000001 11.95846837100817 0.0; -38.988669890378276 10.197104988476525 0.0; -36.267350593270436 1.3554830832512987 0.0; -31.210419742108417 8.257769413393724 0.0; -27.194894494967986 8.11754418185004 0.0; -12.298932483192415 -4.262463286751597 0.0; -19.30031056200152 9.509572330699573 0.0; -15.57491097247457 11.014731466583989 0.0; -12.095244380042484 13.023717910414799 0.0; -21.729038536864895 17.997429026251034 0.0; 1.1620799618265627 27.487716841027655 0.0; -3.776214830694933 21.638325190083695 0.0; 1.41010918010691 18.085984679416953 0.0; -0.5156631569764194 28.961644152470406 0.0; 0.319720379757225 32.8918146923501 0.0; 0.6000000000000014 36.89999999999999 0.0]
npts :	46
nout :	14
model :	(x,t) -> (x[1]-t[1])^2 + (x[2]-t[2])^2 - t[3]^2
dim :	3
cluster :	false
noise :	false
solution :	[-28.2, 36.9, 28.8]
description :	type3: test sphere2d with noise and outliers
