name :	sphere2D
data :	[0.39999999999999947 -14.9 0.0; 1.7085873054867178 -12.60933558309278 0.0; 0.03649185802845789 -12.546579330957499 0.0; -0.40990865570376656 -11.438985264637715 0.0; -1.020150986019603 -10.41251445029476 0.0; -1.7799315699138614 -9.491226493820516 0.0; -2.6714417944602236 -8.696715604067276 0.0; -3.6737854156043492 -8.04760444289465 0.0; -6.66346834841368 -5.859107625759419 0.0; -5.914949348515586 -7.242675104024532 0.0; -4.601238677217723 -8.405723787803684 0.0; -8.294530718107524 -7.151463699874535 0.0; -9.46685571713396 -7.3788227354655005 0.0; -13.690735369936451 -11.08247179148291 0.0; -11.639826890009523 -8.352949676170791 0.0; -12.58954046129141 -9.07688487142669 0.0; -13.417615602611155 -9.937308949852834 0.0; -12.90464293450017 -7.414054300312539 0.0; -14.634519118596337 -11.984226839642004 0.0; -14.994824306246677 -13.122742630555525 0.0; -15.177113249233177 -14.302915827875331 0.0; -15.177113249233177 -15.497084172124667 0.0; -12.694824306246677 -14.477257369444473 0.0; -14.03451911859634 -15.415773160357995 0.0; -14.50464293450017 -19.785945699687456 0.0; -13.417615602611157 -19.862691050147163 0.0; -14.38954046129141 -23.82311512857331 0.0; -11.639826890009529 -21.44705032382921 0.0; -9.790735369936453 -20.61752820851709 0.0; -9.46685571713396 -22.4211772645345 0.0; -8.294530718107527 -22.648536300125464 0.0; -7.101238677217726 -22.694276212196318 0.0; -5.914949348515585 -22.55732489597547 0.0; -4.7634683484136815 -22.24089237424058 0.0; -3.6737854156043492 -21.752395557105352 0.0; -3.671441794460227 -22.003284395932727 0.0; -1.1799315699138622 -23.008773506179484 0.0; -1.020150986019602 -19.38748554970524 0.0; -0.40990865570376744 -18.36101473536229 0.0; -2.263508141971542 -18.1534206690425 0.0; 0.308587305486717 -16.090664416907227 0.0; 0.39999999999999947 -14.900000000000002 0.0]
npts :	42
nout :	13
model :	(x,t) -> (x[1]-t[1])^2 + (x[2]-t[2])^2 - t[3]^2
dim :	3
cluster :	false
noise :	false
solution :	[-7.4, -14.9, 7.8]
description :	type3: test sphere2d with noise and outliers
