name :	sphere2D
data :	[-0.8000000000000007 -40.0 0.0; -1.0372380472684135 -36.153596502194446 0.0; -2.2953559021042045 -20.4155005606078 0.0; -2.913619219643664 -28.693135848342113 0.0; -15.374318318854945 -39.142171671032884 0.0; -6.5530366432502625 -21.91567907692174 0.0; 1.3809791090066295 -8.963326353862758 0.0; -24.285647203607223 -5.880626108707668 0.0; -4.460976346336169 -13.858245342578957 0.0; -9.898389464194352 -24.331388980586546 0.0; -21.697294776286654 -10.479266201049015 0.0; -25.403894495636628 -9.424647654124499 0.0; -29.212000348798647 -8.83352028196542 0.0; -26.713885332808125 4.135155027028352 0.0; -36.90115879770285 -9.070420723856582 0.0; -40.6656515892562 -9.894857368690761 0.0; -34.55029783406086 -2.2256572883229495 0.0; -47.74999999999999 -12.893404861547069 0.0; -50.962464118670724 -15.022060786128499 0.0; -53.8889925086396 -17.529356808082966 0.0; -56.485221982653485 -20.377284875514466 0.0; -58.71179634833692 -23.522673301938756 0.0; -60.53496300795109 -26.917841205043672 0.0; -61.92708461337 -30.511321300261734 0.0; -54.11705802010613 -30.998640092341347 0.0; -63.34063418946948 -38.07314363800759 0.0; -63.34063418946948 -41.9268563619924 0.0; -52.917058020106126 -38.10135990765865 0.0; -61.92708461337 -49.48867869973826 0.0; -60.53496300795109 -53.08215879495632 0.0; -58.711796348336925 -56.47732669806123 0.0; -56.48522198265349 -59.622715124485524 0.0; -52.43899250863961 -71.62064319191704 0.0; -50.96246411867073 -64.9779392138715 0.0; -47.750000000000014 -67.10659513845292 0.0; -44.30029783406086 -68.82434271167705 0.0; -40.6656515892562 -70.10514263130923 0.0; -27.65115879770285 -73.17957927614341 0.0; -19.513885332808133 -63.83515502702835 0.0; -18.962000348798664 -75.81647971803459 0.0; -32.953894495636625 -81.3253523458755 0.0; -21.69729477628666 -69.52073379895099 0.0; -18.148389464194373 -68.01861101941346 0.0; -25.56097634633617 -60.74175465742103 0.0; -11.735647203607233 -63.76937389129235 0.0; -8.969020890993367 -61.08667364613724 0.0; -6.55303664325027 -58.084320923078266 0.0; -4.524318318854952 -54.80782832896713 0.0; -2.913619219643664 -51.30686415165789 0.0; -1.7453559021042082 -47.634499439392215 0.0; -1.0372380472684135 -43.84640349780555 0.0; -0.8000000000000007 -40.00000000000001 0.0]
npts :	52
nout :	16
model :	(x,t) -> (x[1]-t[1])^2 + (x[2]-t[2])^2 - t[3]^2
dim :	3
cluster :	false
noise :	false
solution :	[-32.1, -40.0, 31.3]
description :	type3: test sphere2d with noise and outliers
