name :	sphere2D
data :	[53.900000000000006 -24.7 0.0; 63.51977505769156 -29.08424006870118 0.0; 50.242493523315176 -11.05 0.0; 45.90401512639275 -5.395984873607254 0.0; 40.25000000000001 -1.057506476684825 0.0; 33.665759931298815 1.6697750576915666 0.0; 31.450000000000003 13.350000000000001 0.0; 19.534240068701187 1.6697750576915666 0.0; 12.950000000000006 -1.0575064766848215 0.0; 7.295984873607257 -5.395984873607251 0.0; -0.9924935233151766 -21.1 0.0; 0.23022494230843904 -17.634240068701175 0.0; -0.6999999999999993 -24.699999999999996 0.0; -10.319775057691565 -43.415759931298815 0.0; 14.10750647668482 -39.099999999999994 0.0; 7.2959848736072495 -44.004015126392744 0.0; 12.949999999999989 -48.34249352331517 0.0; 19.534240068701187 -51.069775057691565 0.0; 26.599999999999998 -52.0 0.0; 33.66575993129881 -51.06977505769157 0.0; 40.25000000000001 -48.34249352331517 0.0; 33.15401512639275 -44.65401512639275 0.0; 58.99249352331517 -35.80000000000001 0.0; 52.969775057691564 -31.765759931298813 0.0; 63.050000000000004 -21.150000000000006 0.0]
npts :	25
nout :	8
model :	(x,t) -> (x[1]-t[1])^2 + (x[2]-t[2])^2 - t[3]^2
dim :	3
cluster :	false
noise :	false
solution :	[26.6, -24.7, 27.3]
description :	type3: test sphere2d with noise and outliers
