name :	sphere2D
data :	[56.699999999999996 -44.7 0.0; 56.5468630185912 -42.36358115926108 0.0; 56.09007229057432 -40.06713909266488 0.0; 55.33744363195203 -37.849966560664896 0.0; 63.251854727741446 -44.2 0.0; 53.001024791213105 -33.8031704207439 0.0; 51.4572113832392 -32.0427886167608 0.0; 49.6968295792561 -30.498975208786895 0.0; 41.8 -21.948145272258554 0.0; 45.650033439335104 -28.162556368047973 0.0; 43.43286090733512 -27.40992770942568 0.0; 41.13641884073892 -26.953136981408797 0.0; 40.65 -35.050000000000004 0.0; 36.463581159261075 -26.953136981408797 0.0; 36.11713909266488 -23.45992770942568 0.0; 31.94996656066489 -28.162556368047973 0.0; 29.85 -29.19814527225855 0.0; 25.2531704207439 -22.848975208786896 0.0; 22.292788616760795 -24.4927886167608 0.0; 24.59897520878689 -33.803170420743896 0.0; 23.298145272258544 -35.75000000000001 0.0; 22.262556368047967 -37.849966560664896 0.0; 21.50992770942568 -40.067139092664874 0.0; 21.05313698140879 -42.36358115926108 0.0; 20.9 -44.7 0.0; 21.05313698140879 -47.03641884073892 0.0; 26.759927709425675 -49.28286090733513 0.0; 22.262556368047964 -51.55003343933511 0.0; 23.298145272258544 -53.65 0.0; 24.59897520878689 -55.5968295792561 0.0; 18.292788616760795 -51.807211383239206 0.0; 27.903170420743894 -58.9010247912131 0.0; 29.84999999999999 -60.20185472774145 0.0; 34.59996656066488 -52.587443631952034 0.0; 34.167139092664875 -61.990072290574325 0.0; 36.463581159261075 -62.44686301859121 0.0; 38.8 -62.6 0.0; 41.13641884073891 -62.44686301859121 0.0; 38.28286090733511 -68.14007229057432 0.0; 44.10003343933511 -54.48744363195203 0.0; 47.75 -60.20185472774145 0.0; 55.4468295792561 -61.45102479121311 0.0; 43.507211383239195 -59.707211383239205 0.0; 53.0010247912131 -55.59682957925611 0.0; 57.45185472774144 -47.10000000000001 0.0; 55.33744363195203 -51.550033439335124 0.0; 56.09007229057432 -49.332860907335125 0.0; 56.5468630185912 -47.036418840738925 0.0; 65.44999999999999 -47.25000000000001 0.0]
npts :	49
nout :	15
model :	(x,t) -> (x[1]-t[1])^2 + (x[2]-t[2])^2 - t[3]^2
dim :	3
cluster :	false
noise :	false
solution :	[38.8, -44.7, 17.9]
description :	type3: test sphere2d with noise and outliers
