name :	sphere2D
data :	[41.6 20.1 0.0; 41.542581605575265 20.92112129566439 0.0; 41.371444006036086 21.726260399320296 0.0; 40.83991820009135 22.64974619414722 0.0; 40.703483767322915 23.22652365897591 0.0; 40.21966221440197 23.892446897150585 0.0; 39.64787057751727 24.484554470316628 0.0; 38.99923813047741 24.991321678074748 0.0; 39.636389766055565 24.452884873165086 0.0; 37.523200266812196 25.711233446141406 0.0; 39.574524248234894 26.46036574277203 0.0; 35.90590703054476 25.996405879412666 0.0; 34.133282066720845 24.617679182672813 0.0; 34.27266081596196 25.82474478502838 0.0; 33.13982109884612 26.820384741944046 0.0; 32.75000000000001 25.20954988232819 0.0; 31.51759729557862 22.199263446279662 0.0; 31.20589517800196 21.948484385708085 0.0; 30.926799733187814 23.567932988525595 0.0; 32.64060920213233 25.119882220436757 0.0; 30.155813537363144 22.117918845621446 0.0; 29.92892915567055 21.32667897582478 0.0; 29.81437210346704 20.511563195090343 0.0; 28.66437210346704 20.538436804909665 0.0; 31.078929155670547 20.723321024175224 0.0; 30.155813537363144 18.082081154378557 0.0; 30.490609202132333 17.330117779563246 0.0; 31.176799733187814 16.982067011474413 0.0; 31.45589517800196 16.001515614291918 0.0; 30.417597295578624 15.20073655372034 0.0; 32.75 14.990450117671813 0.0; 33.48982109884612 14.629615258055956 0.0; 34.27266081596196 14.375255214971622 0.0; 35.08328206672085 14.232320817327189 0.0; 38.15590703054475 11.753594120587337 0.0; 36.72452424823489 14.289634257227974 0.0; 37.52320026681219 14.488766553858595 0.0; 38.28638976605556 14.797115126834916 0.0; 38.99923813047741 15.208678321925255 0.0; 39.64787057751727 15.715445529683373 0.0; 40.21966221440197 16.30755310284942 0.0; 40.703483767322915 16.973476341024092 0.0; 41.08991820009135 17.700253805852782 0.0; 44.22144400603609 15.523739600679704 0.0; 41.542581605575265 19.27887870433561 0.0; 41.6 20.1 0.0]
npts :	46
nout :	14
model :	(x,t) -> (x[1]-t[1])^2 + (x[2]-t[2])^2 - t[3]^2
dim :	3
cluster :	false
noise :	false
solution :	[35.7, 20.1, 5.9]
description :	type3: test sphere2d with noise and outliers
