name :	sphere2D
data :	[37.900000000000006 -37.3 0.0; 38.3959068592183 -30.032287359565444 0.0; 35.71141198064346 -27.711169365501963 0.0; 33.07847576254346 -23.520875378921986 0.0; 29.579124621078016 -20.021524237456536 0.0; 25.388830634498035 -17.388588019356533 0.0; 16.46771264043455 -9.204093140781694 0.0; 7.150000000000002 -13.549999999999995 0.0; 1.832287359565452 -23.704093140781694 0.0; 6.211169365501966 -17.388588019356533 0.0; 2.020875378921989 -20.021524237456536 0.0; 8.971524237456542 -17.070875378921986 0.0; -4.11141198064346 -27.71116936550196 0.0; -5.745906859218302 -32.382287359565446 0.0; -6.300000000000001 -37.3 0.0; -13.6959068592183 -32.06771264043454 0.0; -9.361411980643464 -41.23883063449803 0.0; -1.4784757625434608 -51.07912462107801 0.0; 2.0208753789219855 -54.578475762543455 0.0; 6.211169365501961 -57.21141198064346 0.0; 10.88228735956545 -58.8459068592183 0.0; 15.799999999999997 -59.4 0.0; 20.717712640434545 -58.8459068592183 0.0; 25.38883063449803 -57.21141198064346 0.0; 30.32912462107801 -48.32847576254346 0.0; 33.07847576254346 -51.07912462107801 0.0; 35.71141198064346 -46.888830634498035 0.0; 28.295906859218302 -39.96771264043455 0.0; 37.900000000000006 -37.300000000000004 0.0]
npts :	29
nout :	9
model :	(x,t) -> (x[1]-t[1])^2 + (x[2]-t[2])^2 - t[3]^2
dim :	3
cluster :	false
noise :	false
solution :	[15.8, -37.3, 22.1]
description :	type3: test sphere2d with noise and outliers
