name :	sphere2D
data :	[19.15 -35.65 0.0; 18.720108676452686 -35.643042401211304 0.0; 17.90530427819077 -33.95108363419918 0.0; 16.87798575171002 -31.424461660451414 0.0; 15.001648453508288 -31.635495383541514 0.0; 13.170799589594473 -31.217616077758564 0.0; 10.44811811607522 -29.10795415325451 0.0; 8.0 -29.994039956158037 0.0; 5.131773207472093 -34.864911752043206 0.0; 7.02389613221476 -34.766532443559385 0.0; 6.4703657947816895 -36.5610337230901 0.0; 6.4703657947816895 -38.4389662769099 0.0; 7.023896132214759 -40.233467556440615 0.0; 8.081773207472093 -41.78508824795679 0.0; 9.549999999999997 -42.95596004384196 0.0; 11.298118116075218 -43.64204584674549 0.0; 14.020799589594473 -43.432383922241435 0.0; 13.151648453508285 -42.21450461645849 0.0; 16.62798575171002 -42.42553833954859 0.0; 17.90530427819077 -41.04891636580082 0.0; 18.720108676452686 -39.356957598788696 0.0; 19.0 -37.5 0.0]
npts :	22
nout :	7
model :	(x,t) -> (x[1]-t[1])^2 + (x[2]-t[2])^2 - t[3]^2
dim :	3
cluster :	false
noise :	false
solution :	[12.7, -37.5, 6.3]
description :	type3: test sphere2d with noise and outliers
