name :	sphere2D
data :	[8.199999999999996 37.4 0.0; 7.803878323775777 42.55954580659795 0.0; -2.0752019485433486 34.1981562325175 0.0; 4.690395825283677 52.397730519903234 0.0; 2.0460123939150527 56.84577071538938 0.0; -1.2463701362934003 60.838018526777766 0.0; -5.109581109327635 64.2808990490418 0.0; -9.453070134285515 67.09371408078985 0.0; -14.175029509792612 69.21053362170917 0.0; -19.16478051023421 70.58174121589369 0.0; -24.305367601276803 71.17519691951738 0.0; -16.876299778465935 65.776990633877 0.0; -40.35637477424716 55.39176814631616 0.0; -39.42651993639129 68.24262223690738 0.0; -43.97258319004127 65.7705514032599 0.0; -54.68800866559611 54.03349889048434 0.0; -51.67633427798167 58.90499455063772 0.0; -54.6534527161674 54.67243136531233 0.0; -44.1495828472508 34.83501702821799 0.0; -47.61090532706893 56.101448600926055 0.0; -59.30082408001043 39.98736474587356 0.0; -59.30082408001043 34.81263525412645 0.0; -58.51090532706893 29.69855139907395 0.0; -56.9495828472508 24.76498297178202 0.0; -54.65345271616741 20.12756863468768 0.0; -51.67633427798168 15.895005449362287 0.0; -63.68800866559611 24.466501109515665 0.0; -43.97258319004129 9.029448596740103 0.0; -39.426519936391294 6.557377763092614 0.0; -18.156374774247162 3.2082318536838357 0.0; -29.47629977846595 3.8230093661229887 0.0; -40.60536760127681 12.124803080482621 0.0; -19.164780510234202 4.218258784106304 0.0; -14.175029509792619 5.589466378290819 0.0; -0.053070134285514214 -4.193714080789851 0.0; -5.109581109327653 10.519100950958176 0.0; -1.2463701362934039 13.961981473222227 0.0; 11.146012393915056 31.554229284610628 0.0; -0.10960417471632677 10.902269480096752 0.0; 21.724798051456652 12.601843767482498 0.0; 7.80387832377577 32.24045419340202 0.0; 8.199999999999996 37.39999999999999 0.0]
npts :	42
nout :	13
model :	(x,t) -> (x[1]-t[1])^2 + (x[2]-t[2])^2 - t[3]^2
dim :	3
cluster :	false
noise :	false
solution :	[-25.6, 37.4, 33.8]
description :	type3: test sphere2d with noise and outliers
