name :	sphere2D
data :	[38.7 -18.8 0.0; 38.64473084138174 -18.256493995760618 0.0; 38.481186091374624 -17.73523919119404 0.0; 38.96606129125965 -18.60757581924406 0.0; 37.860210681504356 -16.843059474481375 0.0; 37.4282028278828 -16.508660504764173 0.0; 37.88772418268102 -15.418069243202885 0.0; 37.65885499926236 -17.1811355243141 0.0; 34.81324724413548 -16.05346543063816 0.0; 35.323238162901454 -16.18619177906125 0.0; 34.81093579079439 -16.375927743158996 0.0; 34.34731384712131 -16.664905510268213 0.0; 33.95135306872947 -17.04129429665 0.0; 33.689264136409626 -16.53968470116608 0.0; 33.423824007719865 -17.991719567971934 0.0; 32.16385282684188 -19.776845530633935 0.0; 33.31385282684188 -19.073154469366067 0.0; 32.47382400771986 -19.858280432028067 0.0; 33.63926413640963 -20.110315298833918 0.0; 33.95135306872946 -20.55870570335 0.0; 33.59731384712131 -19.585094489731787 0.0; 34.81093579079439 -21.224072256841005 0.0; 35.323238162901454 -21.41380822093875 0.0; 35.86324724413548 -21.49653456936184 0.0; 36.40885499926236 -21.4688644756859 0.0; 36.937724182681016 -21.331930756797117 0.0; 37.5782028278828 -20.64133949523583 0.0; 37.860210681504356 -20.756940525518626 0.0; 38.21606129125965 -20.34242418075594 0.0; 38.481186091374624 -19.86476080880596 0.0; 38.64473084138174 -19.343506004239384 0.0; 37.75 -19.650000000000002 0.0]
npts :	32
nout :	10
model :	(x,t) -> (x[1]-t[1])^2 + (x[2]-t[2])^2 - t[3]^2
dim :	3
cluster :	false
noise :	false
solution :	[36.0, -18.8, 2.7]
description :	type3: test sphere2d with noise and outliers
