name :	sphere2D
data :	[59.7 45.2 0.0; 59.36644742075095 49.75731655010566 0.0; 58.3728987771331 54.217501810131935 0.0; 56.74052983353549 58.48549467481301 0.0; 54.50413169995318 62.47033028611496 0.0; 51.711369319880376 66.08707879125609 0.0; 38.471765574793295 74.40865547506806 0.0; 44.70543265727221 71.91746368686894 0.0; 40.641577751341885 74.0068355457147 0.0; 42.6668148688596 90.93223971789742 0.0; 31.82331882222747 76.3122305250103 0.0; 37.00686067829528 84.9291181539885 0.0; 14.56476656434364 76.6293456847623 0.0; 18.293843330653733 74.82356489983317 0.0; 27.638315280564814 71.58640926002285 0.0; 10.187815943036078 70.6559688850232 0.0; -0.6745223104058429 69.18297872862527 0.0; 3.626159912164347 64.32973725126269 0.0; 12.854853525098818 49.26877863648698 0.0; -4.384704203328751 46.031326850775464 0.0; -2.15117496750052 52.00556449570274 0.0; 2.9334995213308304 52.33475334888641 0.0; -2.8165004786691696 42.915246651113605 0.0; -2.1511749675005234 38.39443550429727 0.0; -14.884704203328756 18.668673149224553 0.0; 1.1048535250988145 29.881221363513035 0.0; 3.6261599121643435 26.07026274873732 0.0; 6.675477689594153 22.667021271374736 0.0; 10.187815943036075 19.744031114976806 0.0; 14.088315280564807 17.363590739977163 0.0; 18.29384333065372 15.576435100166833 0.0; 22.71476656434362 14.420654315237716 0.0; 27.25686067829528 13.920881846011508 0.0; 40.87331882222746 10.037769474989695 0.0; 36.316814868859595 14.917760282102591 0.0; 40.99157775134187 14.843164454285304 0.0; 31.455432657272226 16.632536313131062 0.0; 48.4217655747933 21.14134452493195 0.0; 51.71136931988037 24.312921208743905 0.0; 54.50413169995317 27.929669713885037 0.0; 56.74052983353548 31.914505325186973 0.0; 58.3728987771331 36.18249818986807 0.0; 59.366447420750944 40.64268344989435 0.0; 59.7 45.199999999999996 0.0]
npts :	44
nout :	13
model :	(x,t) -> (x[1]-t[1])^2 + (x[2]-t[2])^2 - t[3]^2
dim :	3
cluster :	false
noise :	false
solution :	[28.4, 45.2, 31.3]
description :	type3: test sphere2d with noise and outliers
