name :	sphere2D
data :	[21.949999999999996 -6.050000000000001 0.0; 24.451652064959852 2.9150634550737506 0.0; 30.16563028837821 2.76836903325961 0.0; 15.568767090071345 24.151053327977372 0.0; 19.40501033555418 14.759966908001628 0.0; 16.53428510940822 18.00034583354861 0.0; 13.180941687068094 20.738265992539358 0.0; 9.431829901742159 22.902816691019282 0.0; 5.384049779352578 24.437937202883912 0.0; 1.1424366988681887 25.30386871323765 0.0; -3.183153788943267 25.478184050815223 0.0; -7.480691162575592 24.956368539937 0.0; -11.638871461444204 23.751936928237658 0.0; -15.549999999999994 21.896083361801402 0.0; -19.112780603515645 19.43687347316391 0.0; -20.984939125802622 20.98799950667739 0.0; -24.835613301128074 12.977130722837853 0.0; -14.997447034422374 2.6939018052360195 0.0; -28.2183348887608 5.037591369335301 0.0; -28.912771588810248 0.7645506984799315 0.0; -28.91277158881025 -3.5645506984799247 0.0; -28.2183348887608 -7.8375913693352945 0.0; -34.89744703442237 -2.5939018052360154 0.0; -24.83561330112808 -15.777130722837848 0.0; -22.234939125802626 -19.237999506677383 0.0; -19.112780603515642 -22.236873473163907 0.0; -15.550000000000011 -24.696083361801392 0.0; -10.288871461444215 -13.201936928237652 0.0; -7.480691162575599 -27.756368539936997 0.0; -0.3331537889432674 -30.12818405081522 0.0; -10.007563301131807 -35.25386871323765 0.0; 5.38404977935256 -27.237937202883916 0.0; 21.181829901742148 -26.552816691019288 0.0; 13.230941687068086 -13.688265992539359 0.0; 16.534285109408216 -20.800345833548608 0.0; 19.40501033555418 -17.55996690800163 0.0; 21.718767090071346 -13.901053327977369 0.0; 23.415630288378207 -9.918369033259625 0.0; 22.301652064959853 3.134936544926239 0.0; 24.799999999999997 -1.4000000000000066 0.0]
npts :	40
nout :	12
model :	(x,t) -> (x[1]-t[1])^2 + (x[2]-t[2])^2 - t[3]^2
dim :	3
cluster :	false
noise :	false
solution :	[-2.1, -1.4, 26.9]
description :	type3: test sphere2d with noise and outliers
