name :	sphere2D
data :	[82.6 9.7 0.0; 94.88496916226059 7.480587174888575 0.0; 78.40679645348698 26.031449552048148 0.0; 73.41203646958586 32.90614689098254 0.0; 66.86452834978799 38.322716674518304 0.0; 60.72567610931072 30.290815902405704 0.0; 50.828598612043734 43.5331060937184 0.0; 42.34777343554394 42.99953779970255 0.0; 34.266082015944036 40.37363707859806 0.0; 27.09132674751942 35.82039893009926 0.0; 21.27432389068929 29.625920052714843 0.0; 17.180577128388283 22.17942233601059 0.0; 15.06731162543921 13.948796617829924 0.0; 15.067311625439203 5.4512033821700845 0.0; 17.18057712838828 -2.7794223360105814 0.0; 6.824323890689286 -23.875920052714832 0.0; 27.091326747519428 -16.42039893009926 0.0; 34.26608201594403 -20.973637078598056 0.0; 42.19777343554394 -24.54953779970255 0.0; 51.078598612043706 -27.183106093718408 0.0; 58.12567610931072 -30.290815902405708 0.0; 66.86452834978799 -18.922716674518306 0.0; 57.66203646958584 -8.556146890982557 0.0; 78.40679645348698 -6.631449552048149 0.0; 81.5349691622606 1.269412825111404 0.0; 99.14999999999999 9.84999999999999 0.0]
npts :	26
nout :	8
model :	(x,t) -> (x[1]-t[1])^2 + (x[2]-t[2])^2 - t[3]^2
dim :	3
cluster :	false
noise :	false
solution :	[48.7, 9.7, 33.9]
description :	type3: test sphere2d with noise and outliers
