name :	sphere2D
data :	[-11.4 -23.6 0.0; -11.511248137956603 -22.790609686528928 0.0; -11.536741786360533 -22.8412481498937 0.0; -12.352340570344039 -21.40749210716563 0.0; -13.519804886806543 -20.536344344792877 0.0; -13.7896319608421 -20.662747736953033 0.0; -14.604727240094013 -20.606993692428382 0.0; -15.404638836512959 -20.77321723364354 0.0; -16.130040966344602 -21.149090320968675 0.0; -15.42713387211326 -22.306736167021842 0.0; -17.15163390451636 -22.40479673046128 0.0; -17.372057838108994 -23.191500052711262 0.0; -17.372057838108994 -24.00849994728874 0.0; -16.95163390451636 -25.695203269538723 0.0; -16.72713387211326 -25.49326383297816 0.0; -16.130040966344602 -26.050909679031328 0.0; -15.304638836512959 -27.526782766356465 0.0; -14.604727240094014 -26.59300630757162 0.0; -13.789631960842101 -26.53725226304697 0.0; -13.019804886806545 -26.263655655207128 0.0; -12.352340570344037 -25.792507892834372 0.0; -11.836741786360534 -25.158751850106302 0.0; -10.311248137956603 -22.909390313471075 0.0; -12.3 -24.3 0.0]
npts :	24
nout :	7
model :	(x,t) -> (x[1]-t[1])^2 + (x[2]-t[2])^2 - t[3]^2
dim :	3
cluster :	false
noise :	false
solution :	[-14.4, -23.6, 3.0]
description :	type3: test sphere2d with noise and outliers
