name :	sphere2D
data :	[59.2 0.6999999999999993 0.0; 71.19841909963156 -4.294900908366277 0.0; 70.29905811683793 0.12980458324946476 0.0; 68.8179661696633 4.395157500526123 0.0; 66.7815733789927 8.425042519606805 0.0; 64.22621922241873 12.147546246856272 0.0; 61.997504055402906 -0.9037594849259918 0.0; 57.74947537185221 18.411367795711623 0.0; 53.94366332530991 20.840907573385493 0.0; 49.84798272190793 22.741504653206164 0.0; 45.53552107904246 24.079242835258253 0.0; 33.48323437689453 39.43025014999143 0.0; 42.5705737771406 11.181124854082604 0.0; 32.07806781509021 24.52917458486296 0.0; 22.28588536606558 23.082464405593637 0.0; 23.472405029922285 21.859672884220718 0.0; 19.51281646307801 19.68975877388774 0.0; 15.877778617312483 17.01144424329982 0.0; 12.632158829099037 13.87252387870575 0.0; 9.833875260448504 10.32901178837411 0.0; 7.532863347936022 6.444142029504249 0.0; 5.770184703652355 2.287240194977443 0.0; 4.577294369763372 -2.0675137034903353 0.0; 5.975479502537432 -14.242408979414886 0.0; 3.975479502537432 -11.057591020585106 0.0; 2.177294369763372 -4.63248629650966 0.0; 5.770184703652351 -19.887240194977437 0.0; 7.5328633479360185 -24.044142029504243 0.0; 9.833875260448501 -27.929011788374105 0.0; 12.632158829099033 -31.472523878705744 0.0; 19.37777861731248 -36.91144424329981 0.0; 19.512816463078003 -37.28975877388774 0.0; 23.472405029922278 -39.45967288422071 0.0; 27.685885366065573 -41.08246440559364 0.0; 32.07806781509021 -42.129174584862966 0.0; 36.5705737771406 -42.5811248540826 0.0; 41.88323437689453 -35.230250149991434 0.0; 40.735521079042464 -53.87924283525825 0.0; 34.14798272190794 -41.64150465320616 0.0; 60.34366332530992 -49.840907573385486 0.0; 57.74947537185219 -36.011367795711635 0.0; 61.197504055402895 -33.09624051507402 0.0; 70.92621922241874 -27.847546246856293 0.0; 66.7815733789927 -26.025042519606824 0.0; 68.8179661696633 -21.995157500526137 0.0; 83.49905811683793 -8.129804583249475 0.0; 71.19841909963156 -13.305099091633735 0.0; 71.5 -8.80000000000001 0.0]
npts :	48
nout :	14
model :	(x,t) -> (x[1]-t[1])^2 + (x[2]-t[2])^2 - t[3]^2
dim :	3
cluster :	false
noise :	false
solution :	[37.7, -8.8, 33.8]
description :	type3: test sphere2d with noise and outliers
