name :	sphere2D
data :	[-1.9000000000000004 -45.7 0.0; -2.0223287940336316 -43.79463029090086 0.0; -2.387306540718461 -41.92054669974834 0.0; -3.9389403155442766 -35.25852162729733 0.0; -3.8173513085614985 -38.38830847514133 0.0; -4.858937034167447 -36.78815309568088 0.0; -6.096594683543859 -35.33432999600805 0.0; -14.26000195230487 -37.90071091122636 0.0; -9.075950732173176 -32.958372831220345 0.0; -13.118728187476334 -26.325251917064392 0.0; -12.560538959197618 -31.415848989753762 0.0; -14.421961564002649 -30.990991427124698 0.0; -16.322431494182336 -30.807655378609752 0.0; -18.23074308602446 -30.86885121705695 0.0; -20.115561915949083 -31.173574108490833 0.0; -21.94593931087748 -31.71682051145857 0.0; -23.691820524588444 -32.489670335042305 0.0; -25.324538235820327 -33.47943340650536 0.0; -26.817283264893625 -34.6698578435778 0.0; -31.995544779700104 -35.291396909913956 0.0; -27.837512762888426 -42.921529971962826 0.0; -30.224436131746046 -39.23513228714839 0.0; -30.940930630458965 -41.00488755144805 0.0; -27.975231439166873 -40.601736432349554 0.0; -31.669386351980013 -44.745353722287376 0.0; -36.91938635198001 -42.90464627771263 0.0; -31.425231439166872 -48.54826356765045 0.0; -30.940930630458965 -50.39511244855195 0.0; -30.224436131746046 -52.16486771285162 0.0; -29.287512762888426 -53.828470028037174 0.0; -28.145544779700106 -55.35860309008605 0.0; -19.967283264893624 -55.080142156422205 0.0; -18.074538235820334 -54.370566593494644 0.0; -21.341820524588446 -54.4603296649577 0.0; -21.945939310877492 -59.68317948854143 0.0; -19.46556191594909 -62.97642589150917 0.0; -18.230743086024457 -60.531148782943056 0.0; -16.322431494182343 -60.592344621390254 0.0; -10.87196156400265 -66.35900857287531 0.0; -12.560538959197624 -59.98415101024625 0.0; -6.118728187476334 -64.67474808293561 0.0; -1.6259507321731865 -55.99162716877966 0.0; -7.510001952304874 -57.349289088773645 0.0; -6.096594683543858 -56.06567000399195 0.0; -4.90893703416745 -56.16184690431912 0.0; -3.8173513085614985 -53.011691524858676 0.0; -2.988940315544278 -51.291478372702684 0.0; -2.3873065407184626 -49.47945330025166 0.0; -2.0223287940336334 -47.60536970909915 0.0; -1.9000000000000004 -45.70000000000001 0.0]
npts :	50
nout :	15
model :	(x,t) -> (x[1]-t[1])^2 + (x[2]-t[2])^2 - t[3]^2
dim :	3
cluster :	false
noise :	false
solution :	[-16.8, -45.7, 14.9]
description :	type3: test sphere2d with noise and outliers
