name :	sphere2D
data :	[34.1 -0.6 0.0; 30.7933510953804 0.3323524156230914 0.0; 35.2243345549693 2.2002166289756007 0.0; 35.04572562568755 4.239342333667681 0.0; 33.212099058451386 2.785951108827171 0.0; 32.7297539908889 3.52696266038939 0.0; 32.156610515674316 4.200209599164056 0.0; 31.50207963282526 4.794637229029406 0.0; 30.776908721342622 5.300485064736889 0.0; 28.743005067544516 3.0594470988091067 0.0; 29.163240347754122 6.014808185952958 0.0; 28.301239275730318 6.211554305559706 0.0; 27.42115588524442 6.296454891784747 0.0; 26.537441121236995 6.268115879349469 0.0; 29.11460555570143 4.977002594054584 0.0; 28.266981124492975 2.625432112143348 0.0; 24.00848579733824 5.5175352139737015 0.0; 23.25239504515703 5.059188556718997 0.0; 22.56112385719691 4.5079181798196775 0.0; 21.59602288725297 0.5227759276237398 0.0; 21.417192076246298 3.164190818352786 0.0; 20.633314811473305 1.9437977999111518 0.0; 20.651515345626386 1.574246704362984 0.0; 20.427241816761647 0.7189945380394706 0.0; 18.764176790022677 2.092084517866921 0.0; 19.16417679002268 2.3079154821330805 0.0; 20.427241816761647 -1.918994538039469 0.0; 20.651515345626386 -2.7742467043629824 0.0; 20.983314811473306 -3.5937977999111506 0.0; 21.417192076246298 -4.364190818352784 0.0; 21.94602288725297 -5.072775927623739 0.0; 22.56112385719691 -5.707918179819675 0.0; 23.252395045157026 -6.2591885567189935 0.0; 24.008485797338235 -6.7175352139737 0.0; 24.816981124492973 -7.075432112143345 0.0; 25.664605555701428 -7.327002594054583 0.0; 24.187441121236994 -5.018115879349468 0.0; 27.421155885244417 -7.496454891784746 0.0; 31.251239275730317 -7.361554305559706 0.0; 29.16324034775412 -7.214808185952959 0.0; 29.993005067544516 -6.909447098809106 0.0; 32.92690872134262 -5.150485064736889 0.0; 31.50207963282526 -5.994637229029406 0.0; 32.15661051567432 -5.4002095991640555 0.0; 32.729753990888895 -4.7269626603893915 0.0; 33.212099058451386 -3.9859511088271713 0.0; 34.94572562568755 -2.439342333667685 0.0; 30.424334554969303 -2.800216628975602 0.0; 34.043351095380395 -1.4823524156230958 0.0; 34.1 -0.6000000000000016 0.0]
npts :	50
nout :	15
model :	(x,t) -> (x[1]-t[1])^2 + (x[2]-t[2])^2 - t[3]^2
dim :	3
cluster :	false
noise :	false
solution :	[27.2, -0.6, 6.9]
description :	type3: test sphere2d with noise and outliers
