name :	sphere2D
data :	[47.5 -45.5 0.0; 28.452275080472923 -39.48870869645132 0.0; 43.75662320671144 -29.099194661356304 0.0; 39.25323003729152 -21.932085489739876 0.0; 33.26791451026013 -15.946769962708476 0.0; 26.100805338643696 -11.443376793288557 0.0; 18.111291303548683 -8.647724919527072 0.0; 9.700000000000001 -7.700000000000003 0.0; 1.2887086964513177 -8.647724919527072 0.0; -6.700805338643693 -11.443376793288557 0.0; -13.867914510260125 -15.946769962708473 0.0; -17.25323003729152 -3.1320854897398718 0.0; -41.056623206711436 -16.5991946613563 0.0; -18.65227508047293 -19.588708696451313 0.0; -28.099999999999998 -45.49999999999999 0.0; -27.15227508047293 -53.91129130354868 0.0; -24.356623206711443 -61.90080533864369 0.0; -19.853230037291528 -69.06791451026012 0.0; -29.867914510260132 -79.95323003729152 0.0; -2.000805338643704 -91.35662320671143 0.0; 1.2887086964513088 -82.35227508047294 0.0; 9.699999999999992 -83.3 0.0; 13.911291303548676 -66.35227508047294 0.0; 15.700805338643688 -71.75662320671144 0.0; 33.26791451026012 -75.05323003729153 0.0; 39.253230037291516 -69.06791451026012 0.0; 43.75662320671144 -61.90080533864371 0.0; 46.552275080472924 -53.911291303548694 0.0; 37.1 -54.60000000000001 0.0]
npts :	29
nout :	9
model :	(x,t) -> (x[1]-t[1])^2 + (x[2]-t[2])^2 - t[3]^2
dim :	3
cluster :	false
noise :	false
solution :	[9.7, -45.5, 37.8]
description :	type3: test sphere2d with noise and outliers
