name :	cubic
data :	[-5.0 -625.5; -4.62962962962963 -479.6560229639792; -4.2592592592592595 -357.9608037392674; -3.888888888888889 -258.28052126200276; -3.5185185185185186 -178.48135446832296; -3.1481481481481484 -84.40106931166522; -2.7777777777777777 -69.99108367626887; -2.4074074074074074 47.25909200184775; -2.037037037037037 -15.419422852207498; -1.6666666666666667 -3.018518518518521; -1.2962962962962963 240.73508857215356; -0.9259259259259259 2.68254331148707; -0.5555555555555556 0.2503429355281206; -0.18518518518518517 -2.858583549255703; 0.18518518518518517 -194.42507988473335; 0.5555555555555556 -2.5713305898491083; 0.9259259259259259 5.092490982065744; 1.2962962962962963 20.61487070060458; 1.6666666666666667 46.12962962962963; 2.037037037037037 83.77058883300313; 2.4074074074074074 135.6715693745872; 2.7777777777777777 203.96639231824417; 3.1481481481481484 355.753933913909; 3.5185185185185186 131.21629301580407; 3.888888888888889 528.5521262002742; 4.2592592592592595 683.760529390845; 4.62962962962963 866.0318803027996; 5.0 1077.5]
npts :	28
nout :	6
model :	(x,t) -> t[1]*x[1]^3 + t[2]*x[1]^2 + t[3]*x[1] + t[4] 
dim :	4
cluster :	false
noise :	true
solution :	[7.0, 9.2, -4.7, -4.0]
description :	type: cubic model with noise and outliers
