name :	cubic
data :	[-5.0 753.0; -4.6875 626.8172607421875; -4.375 515.4208984375; -4.0625 417.9136962890625; -3.75 181.07551153602063; -3.4375 195.1793373782238; -3.125 199.7548828125; -2.8125 148.8321533203125; -2.5 107.3125; -2.1875 639.8634021768482; -1.875 48.8935546875; -1.5625 30.1998291015625; -1.25 17.3203125; -0.9375 9.3577880859375; -0.625 5.4150390625; -0.3125 4.5948486328125; 0.0 125.65608088181287; 0.3125 8.7332763671875; 0.625 11.8974609375; 0.9375 -49.99389999476249; 1.25 -89.42329212913961; 1.5625 15.0032958984375; 1.875 10.9189453125; 2.1875 2.779418945312493; 2.5 -10.3125; 2.8125 -29.254028320312514; 3.125 -54.9423828125; 3.4375 -88.27478027343753; 3.75 -130.1484375; 4.0625 -181.4605712890625; 4.375 -249.6331560290195; 4.6875 -315.98913574218756; 5.0 -401.0]
npts :	33
nout :	7
model :	(x,t) -> t[1]*x[1]^3 + t[2]*x[1]^2 + t[3]*x[1] + t[4] 
dim :	4
cluster :	false
noise :	true
solution :	[-4.9, 6.8, 7.1, 6.0]
description :	type: cubic model with noise and outliers
