name :	cubic
data :	[-5.0 857.7; -4.821428571428571 764.2352359693876; -4.642857142857143 677.7012755102044; -4.464285714285714 859.8477527013328; -4.285714285714286 524.373469387755; -4.107142857142857 457.0534757653061; -3.9285714285714284 395.6119897959183; -3.75 339.7859375; -3.5714285714285716 289.3122448979592; -3.392857142857143 243.9278380102041; -3.2142857142857144 203.36964285714288; -3.0357142857142856 167.37458545918366; -2.857142857142857 138.0195761872334; -2.6785714285714284 108.02158801020407; -2.5 84.1375; -2.3214285714285716 122.93727345144488; -2.142857142857143 46.63877551020406; -1.9642857142857142 32.49799107142857; -1.7857142857142858 21.078826530612247; -1.6071428571428572 12.118207908163264; -1.4285714285714286 -328.3729694794204; -1.25 -107.29067771938954; -1.0714285714285714 -2.643112244897962; -0.8928571428571429 -4.4002869897959185; -0.7142857142857143 456.73245003812457; -0.5357142857142857 -4.748182397959184; -0.35714285714285715 -3.8650510204081634; -0.17857142857142858 -2.6279655612244897; 0.0 -1.3; 0.17857142857142858 127.25740736037532; 0.35714285714285715 0.5762755102040817; 0.5357142857142857 0.5984375000000004; 0.7142857142857143 -88.3188136459453; 0.8928571428571429 -2.504559948979593; 1.0714285714285714 -6.1558673469387735; 1.25 -62.166004899128765; 1.4285714285714286 -18.973469387755106; 1.6071428571428572 -28.665911989795923; 1.7857142857142858 -40.89821428571429; 1.9642857142857142 -55.93345025510203; 2.142857142857143 -74.03469387755099; 2.3214285714285716 -95.4650191326531; 2.5 -120.4875; 2.6785714285714284 -149.36521045918366; 2.857142857142857 -253.63679876232675; 3.0357142857142856 -219.73861607142857; 3.2142857142857144 -261.7604591836735; 3.392857142857143 -308.6898278061224; 3.5714285714285716 -360.7897959183674; 3.75 -527.7218840784991; 3.9285714285714284 -369.1934213142839; 4.107142857142857 -550.7440369897959; 4.285714285714286 -626.1571428571426; 4.464285714285714 -708.056218112245; 4.642857142857143 -796.7043367346942; 4.821428571428571 -892.3645727040815; 5.0 -995.3]
npts :	57
nout :	12
model :	(x,t) -> t[1]*x[1]^3 + t[2]*x[1]^2 + t[3]*x[1] + t[4] 
dim :	4
cluster :	false
noise :	true
solution :	[-7.7, -2.7, 7.2, -1.3]
description :	type: cubic model with noise and outliers
