name :	cubic
data :	[-5.0 889.8; -4.75 918.1882467464031; -4.5 626.5499999999998; -4.25 516.76875; -4.0 420.4; -3.75 336.58124999999995; -3.5 264.45; -3.25 203.14374999999998; -3.0 222.2946403305215; -2.75 109.55624999999998; -2.5 24.566277964252706; -2.25 48.91874999999999; -2.0 28.799999999999994; -1.75 14.331249999999999; -1.5 4.649999999999997; -1.25 -1.10625; -1.0 -3.8000000000000007; -0.75 -4.29375; -0.5 438.8987127272408; -0.25 -2.13125; 0.0 -1.2; 0.25 -286.2475696174891; 0.5 254.57112025913233; 0.75 -9.35625; 1.0 -18.599999999999998; 1.25 -32.54375; 1.5 -52.05; 1.75 -77.98125; 2.0 -418.1087894622321; 2.25 -152.56874999999997; 2.5 -202.95; 2.75 -263.20624999999995; 3.0 -334.2; 3.25 -416.79374999999993; 3.5 -511.85; 3.75 -620.23125; 4.0 -742.8; 4.25 -934.5590391227544; 4.5 -1147.092300245568; 4.75 -1204.25625; 5.0 -1392.2]
npts :	41
nout :	9
model :	(x,t) -> t[1]*x[1]^3 + t[2]*x[1]^2 + t[3]*x[1] + t[4] 
dim :	4
cluster :	false
noise :	true
solution :	[-9.2, -10.0, 1.8, -1.2]
description :	type: cubic model with noise and outliers
