name :	cubic
data :	[-5.0 -1311.7; -4.583333333333333 -1023.340625; -4.166666666666667 -780.6583333333335; -3.75 -579.746875; -3.3333333333333335 -569.245107186156; -2.9166666666666665 -287.61145833333325; -2.5 -188.575; -2.0833333333333335 -115.68437500000002; -1.6666666666666667 -65.03333333333335; -1.25 -32.715625; -0.8333333333333334 -14.825000000000003; -0.4166666666666667 15.310877614506152; 0.0 -6.7; 0.4166666666666667 -8.653125; 0.8333333333333334 -135.30171718905598; 1.25 -5.059375; 1.6666666666666667 8.300000000000011; 2.0833333333333335 -85.39242155402887; 2.5 77.675; 2.9166666666666665 141.50312499999998; 3.3333333333333335 229.96666666666675; 3.75 346.971875; 4.166666666666667 496.425; 4.583333333333333 1046.4538872983608; 5.0 908.3]
npts :	25
nout :	5
model :	(x,t) -> t[1]*x[1]^3 + t[2]*x[1]^2 + t[3]*x[1] + t[4] 
dim :	4
cluster :	false
noise :	true
solution :	[9.0, -7.8, -3.0, -6.7]
description :	type: cubic model with noise and outliers
