name :	cubic
data :	[-5.0 324.7054473436168; -4.821428571428571 526.2359329446062; -4.642857142857143 469.7486880466474; -4.464285714285714 417.4742711370263; -4.285714285714286 369.24868804664715; -4.107142857142857 324.90794460641393; -3.9285714285714284 284.2880466472303; -3.75 247.225; -3.5714285714285716 213.55481049562684; -3.392857142857143 183.11348396501455; -3.2142857142857144 155.73702623906706; -3.0357142857142856 131.26144314868802; -2.857142857142857 109.52274052478134; -2.6785714285714284 300.7892722169222; -2.5 73.6; -2.3214285714285716 59.08797376093296; -2.142857142857143 46.65685131195334; -1.9642857142857142 36.14263848396501; -1.7857142857142858 27.381341107871727; -1.6071428571428572 167.89620287930418; -1.4285714285714286 14.461516034985424; -1.25 9.975; -1.0714285714285714 6.58542274052478; -0.8928571428571429 4.128790087463557; -0.7142857142857143 2.4411078717201167; -0.5357142857142857 1.3583819241982504; -0.35714285714285715 0.7166180758017493; -0.17857142857142858 0.35182215743440237; 0.0 -90.81258257503978; 0.17857142857142858 -0.20284256559766764; 0.35714285714285715 -0.7206997084548106; 0.5357142857142857 -1.617565597667638; 0.7142857142857143 -3.0574344023323614; 0.8928571428571429 63.82462586375396; 1.0714285714285714 -8.22215743440233; 1.25 -12.275; 1.4285714285714286 -17.526822157434403; 1.6071428571428572 -24.14161807580175; 1.7857142857142858 6.582937532383809; 1.9642857142857142 -42.11610787172011; 2.142857142857143 -53.80379008746355; 2.3214285714285716 -67.5104227405248; 2.5 -21.449160154834722; 2.6785714285714284 -101.63651603498542; 2.857142857142857 -122.38396501457729; 3.0357142857142856 30.52042803407872; 3.2142857142857144 -172.06763848396503; 3.392857142857143 -151.033611663515; 3.5714285714285716 -419.18499135789887; 3.75 -269.525; 3.9285714285714284 -322.4084431285264; 4.107142857142857 -351.69774052478124; 4.285714285714286 -398.43644314868794; 4.464285714285714 -449.1620262390671; 4.642857142857143 -504.0384839650147; 4.821428571428571 -615.4451526930214; 5.0 -626.9]
npts :	57
nout :	12
model :	(x,t) -> t[1]*x[1]^3 + t[2]*x[1]^2 + t[3]*x[1] + t[4] 
dim :	4
cluster :	false
noise :	true
solution :	[-4.8, -0.8, -1.4, 0.1]
description :	type: cubic model with noise and outliers
