name :	cubic
data :	[-5.0 799.1; -4.666666666666667 657.7592592592596; -4.333333333333333 534.1518518518517; -4.0 427.09999999999997; -3.6666666666666665 551.9747828194136; -3.3333333333333335 257.9518518518519; -3.0 193.5; -2.6666666666666665 109.38456199302847; -2.3333333333333335 -137.7520688488476; -2.0 66.5; -1.6666666666666667 -71.55024790795946; -1.3333333333333333 25.351851851851848; -1.0 14.299999999999999; -0.6666666666666666 252.57406274462866; -0.3333333333333333 5.351851851851851; 0.0 5.1; 0.3333333333333333 6.092592592592592; 0.6666666666666666 292.34603893130355; 1.0 7.1; 1.3333333333333333 4.759259259259259; 1.6666666666666667 -1.048148148148151; 2.0 -11.500000000000002; 2.3333333333333335 -27.774074074074086; 2.6666666666666665 -51.048148148148144; 3.0 -82.5; 3.3333333333333335 434.7684688158579; 3.6666666666666665 -174.64814814814815; 4.0 -237.7; 4.333333333333333 -313.6407407407406; 4.666666666666667 -403.64814814814827; 5.0 -508.9]
npts :	31
nout :	7
model :	(x,t) -> t[1]*x[1]^3 + t[2]*x[1]^2 + t[3]*x[1] + t[4] 
dim :	4
cluster :	false
noise :	true
solution :	[-5.3, 5.6, 1.7, 5.1]
description :	type: cubic model with noise and outliers
