name :	cubic
data :	[-5.0 102.2; -4.705882352941177 78.22025239161407; -4.411764705882353 306.8243473570588; -4.117647058823529 42.341970282922816; -3.823529411764706 29.71068593527375; -3.5294117647058822 20.12947282719315; -3.235294117647059 13.231956035009151; -2.9411764705882355 8.651760635049857; -2.6470588235294117 -86.17797246258715; -2.3529411764705883 4.977834317117843; -2.0588235294117645 204.31275855410388; -1.7647058823529411 6.176694484021983; -1.4705882352941178 7.687482190107872; -1.1764705882352942 9.317341746387134; -0.8823529411764706 10.699898229187868; -0.5882352941176471 11.468776714838183; -0.29411764705882354 11.257602279666191; 0.0 -183.76473895722123; 0.29411764705882354 6.429594952167717; 0.5882352941176471 1.0800122124974543; 0.8823529411764706 -6.715123142682678; 1.1764705882352942 -17.322186037044577; 1.4705882352941178 -31.10755139426013; 1.7647058823529411 -48.43759413800122; 2.0588235294117645 -69.67868919193974; 2.3529411764705883 -141.2066380601527; 2.6470588235294117 -362.5282058871178; 2.9411764705882355 -160.5320374516589; 3.235294117647059 -201.0810909831061; 3.5294117647058822 -65.34385220844996; 3.823529411764706 -299.774353755343; 4.117647058823529 -358.6513128434764; 4.411764705882353 -424.3703236311827; 4.705882352941177 -497.2977610421331; 5.0 -577.8]
npts :	35
nout :	7
model :	(x,t) -> t[1]*x[1]^3 + t[2]*x[1]^2 + t[3]*x[1] + t[4] 
dim :	4
cluster :	false
noise :	true
solution :	[-2.4, -9.9, -8.0, 9.7]
description :	type: cubic model with noise and outliers
