name :	cubic
data :	[-5.0 -963.0756931994616; -4.705882352941177 -670.0132098514147; -4.411764705882353 -545.8205577040504; -4.117647058823529 -438.0618562996131; -3.823529411764706 -345.5769183798087; -3.5294117647058822 -267.2055566863423; -3.235294117647059 15.444434922748286; -2.9411764705882355 -148.16281294524734; -2.6470588235294117 -105.1710563810299; -2.3529411764705883 287.7282619631284; -2.0588235294117645 -46.44583757378382; -1.7647058823529411 -28.392000814166494; -1.4705882352941178 -365.3981515538016; -1.1764705882352942 -9.100936291471607; -0.8823529411764706 273.11891898310745; -0.5882352941176471 -4.497435375534296; -0.29411764705882354 -4.803053124363933; 0.0 -5.3; 0.29411764705882354 -4.828088744148178; 0.5882352941176471 -2.227132098514146; 0.8823529411764706 3.6630571951964166; 1.1764705882352942 14.002666395277835; 1.4705882352941178 29.95188276002443; 1.7647058823529411 52.6708935477305; 2.0588235294117645 83.31988601669039; 2.3529411764705883 123.05904742519844; 2.6470588235294117 173.04856503154895; 2.9411764705882355 234.44862609403626; 3.235294117647059 308.41941787095465; 3.5294117647058822 507.66164972545016; 3.823529411764706 498.7139426012619; 4.117647058823529 725.5050991191424; 4.411764705882353 753.2136372888257; 4.705882352941177 907.4408915123144; 5.0 1081.2]
npts :	35
nout :	7
model :	(x,t) -> t[1]*x[1]^3 + t[2]*x[1]^2 + t[3]*x[1] + t[4] 
dim :	4
cluster :	false
noise :	true
solution :	[7.6, 5.6, -0.7, -5.3]
description :	type: cubic model with noise and outliers
