name :	cubic
data :	[-5.0 -544.0; -4.565217391304348 -410.0195611079148; -4.130434782608695 -299.64231116955693; -3.6956521739130435 -210.64913290046846; -3.260869565217391 199.01767622792917; -2.8260869565217392 -87.93852223226763; -2.391304347826087 -49.78285526423933; -1.9565217391304348 -24.13479082764856; -1.5217391304347827 -8.775211638037316; -1.0869565217391304 -1.485000410947646; -0.6521739130434783 -0.04503986192159104; -0.21739130434782608 -2.236212706501192; 0.21739130434782608 322.467091850402; 0.6521739130434783 243.59119848201976; 1.0869565217391304 316.7869931438529; 1.5217391304347827 -2.929892331716939; 1.9565217391304348 10.010027122544585; 2.391304347826087 32.63351688994821; 2.8260869565217392 67.15969425495193; 3.260869565217391 115.80767650201365; 3.6956521739130435 180.7965809155913; 4.130434782608695 567.1687230713842; 4.565217391304348 368.6736253801265; 5.0 496.0]
npts :	24
nout :	5
model :	(x,t) -> t[1]*x[1]^3 + t[2]*x[1]^2 + t[3]*x[1] + t[4] 
dim :	4
cluster :	false
noise :	true
solution :	[4.5, -0.8, -8.5, -4.0]
description :	type: cubic model with noise and outliers
