name :	cubic
data :	[-5.0 -165.9367779468807; -4.75 -283.50625; -4.5 -238.82500000000002; -4.25 -199.15625; -4.0 -164.20000000000002; -3.75 -133.65625; -3.5 332.2997890237681; -3.25 -84.60625000000002; -3.0 -65.5; -2.75 -49.606249999999996; -2.5 -36.625; -2.25 -26.25625; -2.0 -18.200000000000003; -1.75 -12.156250000000002; -1.5 -10.228914407684305; -1.25 -4.90625; -1.0 -3.1; -0.75 -93.1230553306901; -0.5 -1.625; -0.25 -1.35625; 0.0 -1.0; 0.25 -145.12364374869708; 0.5 1.1749999999999998; 0.75 -30.0002616196318; 1.0 7.300000000000001; 1.25 41.25730007231245; 1.5 19.775000000000002; 1.75 29.143750000000004; 2.0 41.0; 2.25 55.643750000000004; 2.5 270.9198446152898; 2.75 94.49375; 3.0 119.30000000000001; 3.25 148.09375; 3.5 181.175; 3.75 218.84375; 4.0 261.4; 4.25 309.14375; 4.5 362.375; 4.75 564.4679938654501; 5.0 486.5]
npts :	41
nout :	9
model :	(x,t) -> t[1]*x[1]^3 + t[2]*x[1]^2 + t[3]*x[1] + t[4] 
dim :	4
cluster :	false
noise :	true
solution :	[3.2, 3.1, 2.0, -1.0]
description :	type: cubic model with noise and outliers
