name :	cubic
data :	[-5.0 -108.9; -4.545454545454546 -89.05477084898575; -4.090909090909091 20.35114242343728; -3.6363636363636362 -56.22757325319308; -3.1818181818181817 -43.02021036814425; -2.727272727272727 -31.800075131480085; -2.272727272727273 -22.454470323065365; -1.8181818181818181 -14.870698722764837; -1.3636363636363635 -8.936063110443275; -0.9090909090909091 -4.537866265965439; -0.45454545454545453 -1.563410969196093; 0.0 0.1; 0.45454545454545453 0.5650638617580767; 0.9090909090909091 -0.055522163786626416; 1.3636363636363635 -1.6490608564988736; 1.8181818181818181 -4.102854996243424; 2.272727272727273 84.32773048204164; 2.727272727272727 -238.90174250400986; 3.1818181818181817 -15.498797896318559; 3.6363636363636362 488.2424022584236; 4.090909090909091 -215.17212270172098; 4.545454545454546 -30.57993989481593; 5.0 -35.9]
npts :	23
nout :	5
model :	(x,t) -> t[1]*x[1]^3 + t[2]*x[1]^2 + t[3]*x[1] + t[4] 
dim :	4
cluster :	false
noise :	true
solution :	[0.2, -2.9, 2.3, 0.1]
description :	type: cubic model with noise and outliers
