name :	cubic
data :	[-5.0 905.1; -4.8076923076923075 813.3687049244883; -4.615384615384615 742.6270330649272; -4.423076923076923 669.5929303084363; -4.230769230769231 540.9734638142922; -4.038461538461538 468.72027765134277; -3.8461538461538463 403.295721438325; -3.6538461538461537 344.3584205735093; -3.4615384615384617 216.2680332227556; -3.269230769230769 244.58008648156573; -3.076923076923077 154.42252198351093; -2.8846153846153846 296.16043568752764; -2.6923076923076925 116.37835184547615; -2.5 107.85; -2.3076923076923075 84.76499772416929; -2.1153846153846154 65.43625398270369; -1.9230769230769231 49.522394173873465; -1.7307692307692308 36.68204369594903; -1.5384615384615385 26.573827947200733; -1.3461538461538463 -6.7038525674423255; -1.1538461538461537 13.188302230314063; -0.9615384615384616 9.228243058716432; -0.7692307692307693 6.634820209376423; -0.5769230769230769 5.066659080564406; -0.38461538461538464 4.182385070550751; -0.19230769230769232 3.640623577605826; 0.0 3.1; 0.19230769230769232 2.2191397360036413; 0.38461538461538464 0.6566681838871191; 0.5769230769230769 -1.9287892580791977; 0.7692307692307693 -5.878607191624944; 0.9615384615384616 -11.534160218479746; 1.1538461538461537 -19.23682294037323; 1.3461538461538463 -29.32796995903505; 1.5384615384615385 -42.14897587619481; 1.7307692307692308 -58.04121529358216; 1.9230769230769231 -77.34606281292672; 2.1153846153846154 -198.5688722902711; 2.3076923076923075 -60.88315191533732; 2.5 -159.15; 2.6923076923076925 -195.51902594446977; 2.8846153846153846 -237.00753299954485; 3.076923076923077 -283.9568957669549; 3.269230769230769 -336.7084888484296; 3.4615384615384617 -395.6036868456987; 3.6538461538461537 -460.98386436049145; 3.8461538461538463 -504.10922509167847; 4.038461538461538 -612.5646563495676; 4.230769230769231 -699.4480200273099; 4.423076923076923 -794.1818616294948; 4.615384615384615 -897.1075557578514; 4.8076923076923075 -1008.56647701411; 5.0 -1128.9]
npts :	53
nout :	11
model :	(x,t) -> t[1]*x[1]^3 + t[2]*x[1]^2 + t[3]*x[1] + t[4] 
dim :	4
cluster :	false
noise :	true
solution :	[-8.0, -4.6, -3.4, 3.1]
description :	type: cubic model with noise and outliers
