name :	cubic
data :	[-5.0 -1061.3; -4.642857142857143 -861.0310495626825; -4.285714285714286 -687.2708454810494; -3.9285714285714284 -810.238752103812; -3.5714285714285716 -411.84227405247816; -3.2142857142857144 -306.4567055393586; -2.857142857142857 -220.14548104956268; -2.5 -151.05; -2.142857142857143 -97.31166180758017; -1.7857142857142858 -57.07186588921282; -1.4285714285714286 -28.472011661807574; -1.0714285714285714 -9.653498542274054; -0.7142857142857143 1.2422740524781348; -0.35714285714285715 274.10440476518784; 0.0 168.87351968784088; 0.35714285714285715 4.979154518950438; 0.7142857142857143 2.7699708454810503; 1.0714285714285714 1.9310495626822162; 1.4285714285714286 4.320991253644319; 1.7857142857142858 11.79839650145773; 2.142857142857143 -198.53486132985307; 2.5 -204.78245701139957; 2.857142857142857 83.34139941690964; 3.2142857142857144 129.7546647230321; 3.5714285714285716 190.54839650145774; 3.9285714285714284 267.58119533527696; 4.285714285714286 362.7116618075801; 4.642857142857143 477.7983965014579; 5.0 626.9642879232753]
npts :	29
nout :	6
model :	(x,t) -> t[1]*x[1]^3 + t[2]*x[1]^2 + t[3]*x[1] + t[4] 
dim :	4
cluster :	false
noise :	true
solution :	[6.8, -9.2, -2.4, 6.7]
description :	type: cubic model with noise and outliers
