name :	cubic
data :	[-5.0 -1139.808616709558; -4.5 -894.9413353940154; -4.0 -476.5828053656237; -3.5 -237.48749999999998; -3.0 -326.20497354412737; -2.5 -54.1125; -2.0 -9.899999999999999; -1.5 11.7625; -1.0 17.7; -0.5 14.737499999999999; 0.0 9.7; 0.5 9.4125; 1.0 20.700000000000003; 1.5 50.3875; 2.0 105.3; 2.5 192.2625; 3.0 318.09999999999997; 3.5 489.63749999999993; 4.0 713.7; 4.5 997.1125; 5.0 1346.7]
npts :	21
nout :	4
model :	(x,t) -> t[1]*x[1]^3 + t[2]*x[1]^2 + t[3]*x[1] + t[4] 
dim :	4
cluster :	false
noise :	true
solution :	[9.1, 9.5, -7.6, 9.7]
description :	type: cubic model with noise and outliers
