name :	cubic
data :	[-5.0 -886.7; -4.743589743589744 -753.7175491832297; -4.487179487179487 -634.5721488899003; -4.230769230769231 -528.5051888939464; -3.9743589743589745 -434.7580589693016; -3.717948717948718 -352.5721488899004; -3.4615384615384617 -281.1888484296768; -3.2051282051282053 -219.84954736256515; -2.948717948717949 -167.79563546249938; -2.6923076923076925 89.44937846787779; -2.4358974358974357 262.06735770088795; -2.1794871794871793 -303.3958220283296; -1.9230769230769231 -37.26167501137914; -1.6666666666666667 -20.25555555555556; -1.4102564102564104 -7.983163910382849; -1.1538461538461537 0.3141101502048276; -0.8974358974358975 5.394876852273302; -0.6410256410256411 8.017746421888434; -0.38461538461538464 8.941329085116068; -0.1282051282051282 8.924235068022051; 0.1282051282051282 8.725074596672231; 0.38461538461538464 9.102457897132455; 0.6410256410256411 10.814995195468569; 0.8974358974358975 14.621296717746425; 1.1538461538461537 21.27997269003186; 1.4102564102564104 31.54963333839074; 1.6666666666666667 -25.021081282807643; 1.9230769230769231 65.95634956759217; 2.1794871794871793 91.61062560056641; 2.4358974358974357 123.91032721387748; 2.6923076923076925 86.75526046807913; 2.948717948717949 211.48044808577356; 3.2051282051282053 4.024481926557598; 3.4615384615384617 334.73559399180704; 3.717948717948718 505.020251997729; 3.9743589743589745 499.7446467405048; 4.230769230769231 599.8034137460173; 4.487179487179487 712.5764881403934; 4.743589743589744 838.822480149699; 5.0 1119.1891947342024]
npts :	40
nout :	8
model :	(x,t) -> t[1]*x[1]^3 + t[2]*x[1]^2 + t[3]*x[1] + t[4] 
dim :	4
cluster :	false
noise :	true
solution :	[7.5, 1.5, -0.9, 8.8]
description :	type: cubic model with noise and outliers
