name :	cubic
data :	[-5.0 -378.2; -4.666666666666667 -316.44814814814816; -4.333333333333333 -262.1851851851851; -4.0 -214.89999999999998; -3.6666666666666665 -218.7380002428557; -3.3333333333333335 -139.21851851851852; -3.0 -153.58091252325247; -2.6666666666666665 -85.31481481481481; -2.3333333333333335 -65.25185185185187; -2.0 -49.1; -1.6666666666666667 -22.0410887217609; -1.3333333333333333 -99.59043292675447; -1.0 -108.43435546549364; -0.6666666666666666 -13.381481481481481; -0.3333333333333333 -9.118518518518519; 0.0 -5.7; 0.3333333333333333 -2.614814814814815; 0.6666666666666666 0.6481481481481479; 1.0 4.6000000000000005; 1.3333333333333333 9.75185185185185; 1.6666666666666667 16.614814814814817; 2.0 25.7; 2.3333333333333335 37.51851851851852; 2.6666666666666665 52.581481481481475; 3.0 71.39999999999999; 3.3333333333333335 94.48518518518519; 3.6666666666666665 84.57985235221246; 4.0 155.5; 4.333333333333333 194.4518518518518; 4.666666666666667 558.9008756195277; 5.0 291.8]
npts :	31
nout :	7
model :	(x,t) -> t[1]*x[1]^3 + t[2]*x[1]^2 + t[3]*x[1] + t[4] 
dim :	4
cluster :	false
noise :	true
solution :	[2.3, -1.5, 9.5, -5.7]
description :	type: cubic model with noise and outliers
