name :	cubic
data :	[-5.0 -450.2; -4.795918367346939 -390.74980492821874; -4.591836734693878 -336.5659529617762; -4.387755102040816 -143.30632769383635; -4.183673469387755 -243.03849416484627; -3.979591836734694 -203.2154952443285; -3.7755102040816326 -167.7000552490884; -3.5714285714285716 -136.25247813411085; -3.36734693877551 -108.6330678543804; -3.163265306122449 -84.60212836488202; -2.9591836734693877 -63.91996362060024; -2.7551020408163267 -437.4708027952547; -2.5510204081632653 -31.6431741876259; -2.3469387755102042 -19.569157408902758; -2.142857142857143 -9.885131195335266; -1.9387755102040816 -2.351399501908216; -1.7346938775510203 3.2717337163936797; -1.530612244897959 7.2239645045856795; -1.3265306122448979 9.744988907683023; -1.1224489795918366 11.074502970700983; -0.9183673469387755 11.452202738654812; -0.7142857142857143 11.117784256559766; -0.5102040816326531 34.65368440399829; -0.30612244897959184 9.271376722284081; -0.10204081632653061 8.238779760133959; 0.10204081632653061 7.452848727995988; 0.30612244897959184 7.15327967088543; 0.5102040816326531 7.579768633817542; 0.7142857142857143 -37.10037710668212; 0.9183673469387755 -131.30661905290216; 1.1224489795918366 15.612544093022464; 1.3265306122448979 21.340225586277825; 1.530612244897959 28.992445324652138; 1.7346938775510203 38.808899353160676; 1.9387755102040816 -98.11996790712809; 2.142857142857143 65.8932944606414; 2.3469387755102042 83.64062762964413; 2.5510204081632653 215.25973877342884; 2.7551020408163267 128.74404542325055; 2.9591836734693877 156.57952213788474; 3.163265306122449 165.82510961592513; 3.36734693877551 224.01649142789142; 3.5714285714285716 264.09737609329454; 3.7755102040816326 615.6250519253595; 3.979591836734694 358.1824256899762; 4.183673469387755 412.6659827112853; 4.387755102040816 472.42982260792695; 4.591836734693878 537.7136414249165; 4.795918367346939 625.2028765757467; 5.0 685.8]
npts :	50
nout :	10
model :	(x,t) -> t[1]*x[1]^3 + t[2]*x[1]^2 + t[3]*x[1] + t[4] 
dim :	4
cluster :	false
noise :	true
solution :	[4.7, 4.4, -3.9, 7.8]
description :	type: cubic model with noise and outliers
