name :	cubic
data :	[-5.0 420.4; -4.72972972972973 342.14730025862235; -4.45945945945946 398.11243121962224; -4.1891891891891895 214.63919609894782; -3.918918918918919 282.3829446701845; -3.6486486486486487 121.52984423430004; -3.3783783783783785 86.27558486170616; -3.108108108108108 57.702074901782716; -2.8378378378378377 35.16966813416777; -2.5675675675675675 120.31917780449537; -2.2972972972972974 5.669579294414945; -2.027027027027027 -2.5773952184470716; -1.7567567567567568 -7.341851420448933; -1.4864864864864864 -9.263435531952695; -1.2162162162162162 -8.981793773320435; -0.9459459459459459 391.61226182672664; -0.6756756756756757 -4.367417527096125; -0.40540540540540543 -141.4341326135179; -0.13513513513513514 1.3841075553274238; 0.13513513513513514 3.0871853592087337; 0.40540540540540543 3.1556117110536395; 0.6756756756756757 0.9497403905000694; 0.9459459459459459 -4.170074822814048; 1.2162162162162162 -12.843480149250784; 1.4864864864864864 -25.7101218091722; 1.7567567567567568 -43.40964602294041; 2.027027027027027 -66.58169901091745; 2.2972972972972974 -95.86592699346534; 2.5675675675675675 -131.90197619094624; 2.8378378378378377 -531.1767143753619; 3.108108108108108 223.00739464217818; 3.3783783783783785 -280.39246993693956; 3.6486486486486487 -356.35730953744104; 3.918918918918919 -435.7471581150179; 4.1891891891891895 -525.7267052297002; 4.45945945945946 -626.93559710185; 4.72972972972973 -740.013479951829; 5.0 -865.6]
npts :	38
nout :	8
model :	(x,t) -> t[1]*x[1]^3 + t[2]*x[1]^2 + t[3]*x[1] + t[4] 
dim :	4
cluster :	false
noise :	true
solution :	[-5.4, -9.0, 6.4, 2.4]
description :	type: cubic model with noise and outliers
