name :	cubic
data :	[-5.0 1139.2; -4.705882352941177 944.1418888662732; -4.411764705882353 772.6070832485245; -4.117647058823529 623.0842865866068; -3.823529411764706 324.43660364909636; -3.5294117647058822 384.02953388968047; -3.235294117647059 285.1226307972857; -2.9411764705882355 214.88725829432127; -2.6470588235294117 152.7550580093629; -2.3529411764705883 169.44699849148816; -2.0588235294117645 65.81204966415632; -1.7647058823529411 37.9786484836149; -1.4705882352941178 18.555587217586005; -1.1764705882352942 -229.61441985419393; -0.8823529411764706 -1.1047018115204557; -0.5882352941176471 -4.364522694891105; -0.29411764705882354 -5.259189904335436; 0.0 -5.3; 0.29411764705882354 -5.9982495420313455; 0.5882352941176471 79.19040846466667; 0.8823529411764706 -15.412253205780583; 1.1764705882352942 -27.15060044779157; 1.4705882352941178 -45.591573376755555; 1.7647058823529411 -72.24646855281904; 2.0588235294117645 -108.62658253612861; 2.3529411764705883 -156.24321188683086; 2.6470588235294117 -216.60765316507226; 2.9411764705882355 -738.6082972862544; 3.235294117647059 -436.7054739109975; 3.5294117647058822 -489.30081416649705; 3.823529411764706 -615.7694687563608; 4.117647058823529 -762.542418074496; 4.411764705882353 -931.1309586810505; 4.705882352941177 -1123.0463871361694; 5.0 -1339.8]
npts :	35
nout :	7
model :	(x,t) -> t[1]*x[1]^3 + t[2]*x[1]^2 + t[3]*x[1] + t[4] 
dim :	4
cluster :	false
noise :	true
solution :	[-9.9, -3.8, -0.4, -5.3]
description :	type: cubic model with noise and outliers
