name :	cubic
data :	[-5.0 86.5; -4.761904761904762 64.53244789979482; -4.523809523809524 45.5532339920095; -4.285714285714286 29.376093294460624; -4.0476190476190474 15.814760824964878; -3.8095238095238093 4.682971601338934; -3.5714285714285716 -4.205539358600575; -3.3333333333333335 -11.037037037037038; -3.0952380952380953 -15.997786416153755; -2.857142857142857 -19.27405247813411; -2.619047619047619 -21.052100205161437; -2.380952380952381 -21.51819457941907; -2.142857142857143 -20.85860058309038; -1.9047619047619047 -19.25958319835871; -1.6666666666666667 -16.90740740740741; -1.4285714285714286 -13.988338192419825; -1.1904761904761905 -10.68864053557931; -0.9523809523809523 -7.194579419069214; -0.7142857142857143 -264.9266024542526; -0.47619047619047616 -0.36842673577367435; -0.23809523809523808 2.591134866645071; 0.0 5.0; 0.23809523809523808 6.6719036821077635; 0.47619047619047616 105.41118868773151; 0.7142857142857143 239.66828022684132; 0.9523809523809523 5.403196199114566; 1.1904761904761905 2.2646042544001723; 1.4285714285714286 81.33108623286282; 1.6666666666666667 -9.203703703703706; 1.9047619047619047 -17.905949681459887; 2.142857142857143 -28.835276967930028; 2.380952380952381 -42.17795054529749; 2.619047619047619 -58.12023539574559; 2.857142857142857 -76.84839650145773; 3.0952380952380953 -426.0292172952142; 3.3333333333333335 -123.40740740740742; 3.5714285714285716 -162.47701050245132; 3.8095238095238093 -183.3451031206133; 4.0476190476190474 -253.90231458845523; 4.285714285714286 -258.1516034985422; 4.523809523809524 -33.28225477888026; 4.761904761904762 -349.317028398661; 5.0 -61.67147704435121]
npts :	43
nout :	9
model :	(x,t) -> t[1]*x[1]^3 + t[2]*x[1]^2 + t[3]*x[1] + t[4] 
dim :	4
cluster :	false
noise :	true
solution :	[-2.3, -6.5, 8.7, 5.0]
description :	type: cubic model with noise and outliers
