name :	sphere3D
data :	[29.261958662342956 15.787772573741709 43.76726708863808 0.0; 35.13843110067531 21.62350951701471 40.761313365114 0.0; 31.36091240865816 45.00665575425274 -4.5063734996076406 0.0; 40.74914373170271 31.486160001412625 39.09488973903031 0.0; -7.607018545537535 76.4763068984775 17.623026028544373 0.0; 34.779249692460674 46.459348306876905 32.03601927109832 0.0; 81.78525295372407 75.54501836541753 29.686254388501915 0.0; 15.614587742665634 54.01703171931301 20.872108016849 0.0; -16.30235259825921 5.318489030459155 53.70151428852553 0.0; -3.6537306723135736 45.1698040136681 11.588096613007048 0.0; -14.0215368087737 34.96086367219067 4.84431534176507 0.0; -18.878638234671318 25.606684383822454 -2.828870816539361 0.0; -18.71547533714965 10.124754811406376 -6.684011697836748 0.0; 17.38555243434653 40.050114671965225 1.9164078543528582 0.0; 29.097880729772193 -15.3981592501821 -27.514870625120835 0.0; 5.814551604811307 -18.57434052395136 -27.103508544229324 0.0; 16.065044640194483 -20.208968106274817 -32.94573628276121 0.0; 27.680092947747053 -18.31530926473311 -37.806730261324425 0.0; 34.19791379659829 -11.730171567497434 -41.36206695885094 0.0; 37.878292176977816 -4.892655776677722 -45.271491486593504 0.0; 41.2720715546136 2.000738128453838 -47.13222323853346 0.0; 84.00180496465191 28.147656035194128 -42.95138407214875 0.0; 34.69961477524337 14.101152757702813 -51.997306371835876 0.0; 29.98822973960778 18.040802147343783 -52.235412934197626 0.0]
npts :	24
nout :	7
model :	(x,t) -> (x[1]-t[1])^2 + (x[2]-t[2])^2 +(x[3]-t[3])^2 - t[4]^2
dim :	4
cluster :	false
noise :	true
solution :	[28.7, 17.2, -5.3, 47.7]
description :	[[28.7, 17.2, -5.3, 47.7], [28.7, 17.2, -5.3, 47.7]]
