name :	sphere3D
data :	[-0.9403976478844673 44.34536194519234 47.69675804495455 0.0; -1.1453290376900247 45.05317422729861 46.84335356585887 0.0; 1.2884710618781674 47.115592084622165 44.670543192366935 0.0; -2.8470802695587367 55.49513414007978 41.90945734073489 0.0; 2.923883803369602 47.60787360002898 44.60273679976405 0.0; 3.5977440962117084 50.337386412643625 45.72290549092761 0.0; 0.10045284670262444 50.227440590879226 48.037193622843716 0.0; -0.6993795225446744 50.52362241269046 47.57511148941742 0.0; 3.2710776587215245 41.708037444952865 52.40929485521016 0.0; -2.3643332227412355 51.46503209937484 43.49017026407765 0.0; -5.766718431327407 54.13135457128152 43.29832727221201 0.0; -4.592200099713146 53.2636918965146 40.02593091820212 0.0; -8.785435901205195 52.471055302521115 50.82533624572896 0.0; -5.274217727596897 52.29776944551976 42.21926586749418 0.0; -8.417245330681373 49.916412558859165 40.15086535609758 0.0; -8.948746033972604 47.652793140256406 38.2852376958768 0.0; -1.3168276861128287 38.865665962441646 31.763163080460206 0.0; -10.409276823365119 45.810137496753626 38.40017094562781 0.0; -5.519988787257139 54.20580942536187 36.0353054437944 0.0; -10.346999218711037 42.73086637931167 36.415083621385406 0.0; -8.227969076378796 39.364662818924394 33.857958520603255 0.0; -5.341601050612669 34.29203636044221 42.734289768205954 0.0; -5.851043470843569 40.40564600841395 34.35350629039964 0.0; -7.3204663237421155 43.16568319006424 31.685761279479138 0.0; -2.9056925860566523 37.92348885118568 30.910370318243718 0.0; -7.986523351081473 29.348539839493792 24.271580626490998 0.0; -9.633270393494609 49.17704493353076 19.032660150361338 0.0; 0.3699752319635575 39.217959151373385 30.09949263140707 0.0; 2.8965834976922 41.15311496962686 28.633548841419113 0.0; 2.883690134005543 42.98106077873047 29.810158511600633 0.0; 0.29026644186336914 42.377521198537984 28.520813743590114 0.0; -0.4701557663281013 43.86203095354825 29.004217811920864 0.0; 0.3874843034057056 44.35386362558648 27.866560500866523 0.0; -1.0062541801195095 58.01141872248683 32.5089773176139 0.0; -0.843237537383715 46.10129383495958 27.294792977667687 0.0]
npts :	35
nout :	10
model :	(x,t) -> (x[1]-t[1])^2 + (x[2]-t[2])^2 +(x[3]-t[3])^2 - t[4]^2
dim :	4
cluster :	false
noise :	true
solution :	[-0.8, 45.4, 37.7, 9.6]
description :	[[-0.8, 45.4, 37.7, 9.6], [-0.8, 45.4, 37.7, 9.6]]
