name :	sphere3D
data :	[31.21428858120634 12.079480564579706 -23.586561084702748 0.0; 31.841753408022416 11.509562559570485 -22.323306845561596 0.0; 33.94753103717514 15.577351354529997 -23.36527555522774 0.0; 36.62814727319681 20.352681488454888 -23.921275878156433 0.0; 24.584371865724034 7.540085577491476 -4.441241540986276 0.0; 33.61663058365073 25.879250780487286 -27.866416947110825 0.0; 36.05390775438465 45.20063474976962 -37.608042665201495 0.0; 23.43641333471795 30.964870228751963 -32.53769791489835 0.0; -9.737097488275325 29.671823073724504 -35.31639350113508 0.0; 9.913427387126031 26.74383015456112 -40.10973295297755 0.0; 8.390346410132208 19.264340422242842 -41.73214504860334 0.0; 4.483958063994972 15.890411656376587 -48.285674182482666 0.0; 4.791709725316693 8.014134729032667 -49.51419534124769 0.0; 6.8823636342466195 3.027506800449433 -52.33351093329686 0.0; 24.273217532019437 -5.910460026542198 -35.402447757965604 0.0; 16.854405152388146 -6.389169043195434 -58.47841377800168 0.0; 23.35471568772438 -7.460601310213367 -62.21923744713699 0.0; 45.55233607887823 16.38690989266282 -83.74269148732095 0.0; 27.055998724884088 -11.776358904470552 -54.16304746890445 0.0; 34.43790064887664 -0.7026661715154308 -68.59837082276883 0.0; 25.091505805216624 16.88053374287977 -57.13251265207545 0.0; 34.966203524226636 9.297422433168428 -70.92452553066498 0.0; 32.634119304204795 12.731468997814456 -72.16176172220565 0.0; 30.618442906093176 10.924870422726809 -72.23859721724915 0.0]
npts :	24
nout :	7
model :	(x,t) -> (x[1]-t[1])^2 + (x[2]-t[2])^2 +(x[3]-t[3])^2 - t[4]^2
dim :	4
cluster :	false
noise :	true
solution :	[29.4, 11.9, -47.8, 24.7]
description :	[[29.4, 11.9, -47.8, 24.7], [29.4, 11.9, -47.8, 24.7]]
