name :	sphere3D
data :	[12.63238784289473 -47.976843952054324 -2.786115290338673 0.0; 31.488908095507828 -29.951086001210502 14.529509191257846 0.0; 57.35315558195003 -16.782540140005416 6.3610423549441535 0.0; 36.108123863828546 -21.951692465732236 12.120685685271475 0.0; 33.33174497985661 -19.728507416327528 11.416648893052471 0.0; 12.715511187360587 -19.775575185995606 20.22238404247642 0.0; 26.880859534259216 -15.811254310478777 6.187346445442932 0.0; 22.809496034920144 -13.388658933430987 7.307681591637247 0.0; 42.493048920488285 -31.554673035818013 0.23089894596481209 0.0; 14.85720777725518 -18.65579681976012 1.677333554451951 0.0; 9.380101524497087 -21.843117204198055 -4.967981084256084 0.0; 7.785902208475999 -28.559813033329235 -6.615680981670185 0.0; 24.535212979718704 -49.84774879100169 -30.453205646367252 0.0; 9.481588904409508 -39.7635087367976 -12.08513115669924 0.0; 13.486326656006373 -44.530230464206575 -15.329100015658423 0.0; 18.575615513437956 -44.95084781747296 -17.57384956424944 0.0; 21.703342177705423 -46.62659758076729 -21.17273357427092 0.0; 28.551435154946514 -46.4969114853596 -21.58635124837745 0.0; 34.804590623205904 -36.71340017555314 -31.708075093928045 0.0; 41.112255516203284 -52.835519731406634 -16.057112784920072 0.0; 35.33209035174643 -36.881393552466335 -27.802392054491367 0.0; 32.50801790723284 -32.567568510338155 -28.98919137829267 0.0; 30.97746373682401 -32.07898902997639 -28.134499783592172 0.0; 28.383132428509757 -30.757414396031123 -30.106467353279445 0.0]
npts :	24
nout :	7
model :	(x,t) -> (x[1]-t[1])^2 + (x[2]-t[2])^2 +(x[3]-t[3])^2 - t[4]^2
dim :	4
cluster :	false
noise :	true
solution :	[29.1, -30.2, -8.3, 21.9]
description :	[[29.1, -30.2, -8.3, 21.9], [29.1, -30.2, -8.3, 21.9]]
