name :	sphere3D
data :	[24.518531450866174 14.529691490509483 35.360649897882354 0.0; -17.03651403981725 0.5775525643517909 67.75946512079595 0.0; 46.410202170962826 24.330204140447286 50.60788046483807 0.0; 37.883402204243176 27.89349797059961 31.26912696072501 0.0; 38.48966884497639 37.67855323491482 28.685331342055523 0.0; 82.60097853655846 58.34127734816761 48.11800350825236 0.0; 22.278458283640155 50.80743253192549 19.50649145246734 0.0; 11.338385541469645 54.396653126762 14.867551241238447 0.0; 1.595325183853529 50.81312778257937 10.607758292292246 0.0; -10.202718002824712 45.90638661488676 0.42852544045758023 0.0; -23.95340639832839 48.63661825318385 -6.505652624239017 0.0; -24.405947561526805 22.038873993026833 -8.907901765056419 0.0; -23.153563502041916 7.767066291698727 -17.854562164329018 0.0; -18.280199279565533 -4.217310870827634 -23.327853035584162 0.0; -10.621669158926696 -14.30530079992982 -30.366812843346548 0.0; 0.5865484125002824 -20.486269331977823 -37.44861880020106 0.0; 37.622177977380254 22.192408833791564 -90.90506644997217 0.0; 21.765871695449064 -19.332514934175773 -45.87967488763055 0.0; 64.91916236795204 -32.84933918200691 3.088578226231199 0.0; 37.81248938163265 -7.67048816160096 -54.760722681989876 0.0; 71.83128757605675 48.42660259046562 -1.7395915258397423 0.0; 37.86185656006096 8.20741574818798 -61.6358884486736 0.0; 32.30843137268421 13.158670760525984 -61.05903735608006 0.0; 25.056074923422493 15.559242834987582 -61.05414264110672 0.0]
npts :	24
nout :	7
model :	(x,t) -> (x[1]-t[1])^2 + (x[2]-t[2])^2 +(x[3]-t[3])^2 - t[4]^2
dim :	4
cluster :	false
noise :	true
solution :	[25.4, 15.0, -13.6, 49.0]
description :	[[25.4, 15.0, -13.6, 49.0], [25.4, 15.0, -13.6, 49.0]]
