name :	cubic
data :	[-5.0 601.4206207404033; -4.72972972972973 492.2062978282448; -4.45945945945946 402.1458516300105; -4.1891891891891895 325.51498358333447; -3.918918918918919 110.1363048845005; -3.6486486486486487 187.48850087726697; -3.3783783783783785 142.411241472336; -3.108108108108108 100.09651096894572; -2.8378378378378377 480.8499237481182; -2.5675675675675675 30.777387372177067; -2.2972972972972974 18.014028884379933; -2.027027027027027 133.6543376763175; -1.7567567567567568 225.8372981029732; -1.4864864864864864 145.694372297563; -1.2162162162162162 -14.448201863929524; -0.9459459459459459 -16.449492920556942; -0.6756756756756757 -18.134932084664737; -0.40540540540540543 -9.857885901822375; -0.13513513513513514 -14.56988930647084; 0.13513513513513514 -11.39298692993518; 0.40540540540540543 -13.196199513531434; 0.6756756756756757 -3.8972776125827537; 0.9459459459459459 -17.02665966961609; 1.2162162162162162 -28.62430255026915; 1.4864864864864864 82.55804942422881; 1.7567567567567568 -237.0212162794021; 2.027027027027027 -81.54770486793998; 2.2972972972972974 -66.06830995198082; 2.5675675675675675 -152.04644267844833; 2.8378378378378377 -191.62316161332623; 3.108108108108108 -241.32199603684145; 3.3783783783783785 -311.20309550265756; 3.6486486486486487 -384.36335449931687; 3.918918918918919 -474.7454894685623; 4.1891891891891895 -572.7505691834488; 4.45945945945946 -682.1927175713323; 4.72972972972973 -816.9077042516233; 5.0 -952.5437995939996]
npts :	38
nout :	8
model :	(x,t) -> t[1]*x[1]^3 + t[2]*x[1]^2 + t[3]*x[1] + t[4] 
dim :	4
cluster :	false
noise :	true
solution :	[-6.5, -6.7, 7.4, 3.4]
description :	type: cubic model with noise and outliers
