name :	cubic
data :	[-5.0 736.8720827202787; -4.814814814814815 663.5313352274652; -4.62962962962963 591.6782265404019; -4.444444444444445 516.0229297485085; -4.2592592592592595 456.73435746490014; -4.074074074074074 407.03644964151454; -3.888888888888889 345.7522669805477; -3.7037037037037037 298.36841847743415; -3.5185185185185186 262.0801621914968; -3.3333333333333335 220.30270849669242; -3.1481481481481484 187.90911166096413; -2.962962962962963 148.25255989555086; -2.7777777777777777 119.74023618684797; -2.5925925925925926 96.32837459131936; -2.4074074074074074 75.50271470129637; -2.2222222222222223 57.54421554194229; -2.037037037037037 52.07202381410996; -1.8518518518518519 33.14091758768366; -1.6666666666666667 22.349640911898856; -1.4814814814814814 189.3119528887699; -1.2962962962962963 13.446033252378644; -1.1111111111111112 -1.4840080717381205; -0.9259259259259259 -5.737856379984979; -0.7407407407407407 -1.4925920195664588; -0.5555555555555556 316.0926846918862; -0.37037037037037035 -12.634501264938907; -0.18518518518518517 -13.897348265536245; 0.0 -19.955628159019827; 0.18518518518518517 -184.0894549182147; 0.37037037037037035 -20.96948832867063; 0.5555555555555556 39.245149144673015; 0.7407407407407407 -15.287540070579599; 0.9259259259259259 -147.06917438468278; 1.1111111111111112 -34.59106528604757; 1.2962962962962963 -37.16150356734663; 1.4814814814814814 -41.78097529459272; 1.6666666666666667 -55.74911231603829; 1.8518518518518519 -234.41286856933795; 2.037037037037037 -84.24739089492616; 2.2222222222222223 -106.02471815366869; 2.4074074074074074 -115.37144383538214; 2.5925925925925926 -147.2375245665188; 2.7777777777777777 -174.00696770493016; 2.962962962962963 -538.4759756315455; 3.1481481481481484 -240.8347785304065; 3.3333333333333335 -278.21202178472936; 3.5185185185185186 -437.4978628021542; 3.7037037037037037 -363.76400345328364; 3.888888888888889 -414.0681878499719; 4.074074074074074 -725.5605399745564; 4.2592592592592595 -528.7638442772875; 4.444444444444445 -602.2288073453644; 4.62962962962963 -762.174523054827; 4.814814814814815 -743.8757183307729; 5.0 -825.0415034635748]
npts :	55
nout :	11
model :	(x,t) -> t[1]*x[1]^3 + t[2]*x[1]^2 + t[3]*x[1] + t[4] 
dim :	4
cluster :	false
noise :	true
solution :	[-6.0, -1.3, -7.3, 1.2]
description :	type: cubic model with noise and outliers
