name :	cubic
data :	[-5.0 -133.22677283178837; -4.722222222222222 -117.11188896798247; -4.444444444444445 -81.44987427523425; -4.166666666666667 -222.8933627511413; -3.888888888888889 -46.40537360551606; -3.611111111111111 -32.10762212459747; -3.3333333333333335 -19.445873633268423; -3.0555555555555554 -235.06782483078985; -2.7777777777777777 -194.1278900744855; -2.5 -133.14822204253315; -2.2222222222222223 1.2521587985929017; -1.9444444444444444 5.8754164878646105; -1.6666666666666667 8.435041259543887; -1.3888888888888888 13.068217707777865; -1.1111111111111112 13.538304126043005; -0.8333333333333334 16.812142608564095; -0.5555555555555556 11.300726832018167; -0.2777777777777778 22.00462188522936; 0.0 348.9361985577606; 0.2777777777777778 15.146161043075843; 0.5555555555555556 21.88679380347277; 0.8333333333333334 23.13172773102893; 1.1111111111111112 19.560957448416133; 1.3888888888888888 23.834637714249837; 1.6666666666666667 35.866978221948564; 1.9444444444444444 39.50131703385944; 2.2222222222222223 48.06493870369043; 2.5 57.81292581640759; 2.7777777777777777 68.97497432613687; 3.0555555555555554 91.57495030792656; 3.3333333333333335 106.97288121583942; 3.611111111111111 80.8022436669534; 3.888888888888889 154.11980926209574; 4.166666666666667 185.84913798138274; 4.444444444444445 211.6924943953843; 4.722222222222222 -106.4428296571102; 5.0 277.6253956525129]
npts :	37
nout :	7
model :	(x,t) -> t[1]*x[1]^3 + t[2]*x[1]^2 + t[3]*x[1] + t[4] 
dim :	4
cluster :	false
noise :	true
solution :	[1.6, 2.2, 2.0, 3.9]
description :	type: cubic model with noise and outliers
