name :	cubic
data :	[-5.0 -550.8272747829071; -4.583333333333333 -436.0217631634178; -4.166666666666667 -172.39063577313954; -3.75 -385.85819680407997; -3.3333333333333335 -183.94023950393535; -2.9166666666666665 -118.07428834925409; -2.5 -77.98137497030248; -2.0833333333333335 -52.438717367095066; -1.6666666666666667 -24.10299238319953; -1.25 -9.459926727451615; -0.8333333333333334 3.115904597583878; -0.4166666666666667 17.509181134251484; 0.0 18.559755956246747; 0.4166666666666667 18.134103211107703; 0.8333333333333334 21.962113187752973; 1.25 44.476985441786596; 1.6666666666666667 27.1964514550286; 2.0833333333333335 34.88326791057813; 2.5 -8.782088579299774; 2.9166666666666665 67.767062956389; 3.3333333333333335 92.37957424718624; 3.75 300.20620500070174; 4.166666666666667 184.73683373676084; 4.583333333333333 245.2579972258404; 5.0 306.5100413602018]
npts :	25
nout :	5
model :	(x,t) -> t[1]*x[1]^3 + t[2]*x[1]^2 + t[3]*x[1] + t[4] 
dim :	4
cluster :	false
noise :	true
solution :	[3.2, -5.5, 6.2, 5.5]
description :	type: cubic model with noise and outliers
