name :	cubic
data :	[-5.0 -593.8011252429271; -4.8076923076923075 -523.597351603765; -4.615384615384615 -466.5243048235757; -4.423076923076923 -401.09636440189064; -4.230769230769231 -375.76637666968327; -4.038461538461538 -325.74871376856345; -3.8461538461538463 -485.12303350005277; -3.6538461538461537 -243.48758336191415; -3.4615384615384617 -215.5981743494334; -3.269230769230769 -176.31555738370156; -3.076923076923077 -157.96007340074692; -2.8846153846153846 -122.96780314532859; -2.6923076923076925 -99.7544489308939; -2.5 -82.39281176439526; -2.3076923076923075 -61.0797883655264; -2.1153846153846154 -47.033251640639435; -1.9230769230769231 -8.216056902129239; -1.7307692307692308 -24.539824798243124; -1.5384615384615385 -21.47670065252369; -1.3461538461538463 -6.257644081621997; -1.1538461538461537 -4.060599141076102; -0.9615384615384616 5.276733034998735; -0.7692307692307693 0.28241670243090233; -0.5769230769230769 239.06494156596318; -0.38461538461538464 13.373135631957584; -0.19230769230769232 10.499713353246623; 0.0 18.52888881058846; 0.19230769230769232 15.137415972578262; 0.38461538461538464 16.76534029110132; 0.5769230769230769 10.58331315315995; 0.7692307692307693 12.560935523455388; 0.9615384615384616 7.455815922149474; 1.1538461538461537 -203.37419397882456; 1.3461538461538463 10.637521610437723; 1.5384615384615385 -275.01874980120544; 1.7307692307692308 15.755140737208302; 1.9230769230769231 16.590301883474; 2.1153846153846154 33.29852817038991; 2.3076923076923075 28.210963119269163; 2.5 36.363808453193045; 2.6923076923076925 47.14353152029708; 2.8846153846153846 198.06497828279083; 3.076923076923077 -333.1808656858427; 3.269230769230769 78.14341884518231; 3.4615384615384617 332.52829313416663; 3.6538461538461537 113.9291460238353; 3.8461538461538463 137.9566359790654; 4.038461538461538 164.18208600708988; 4.230769230769231 189.1161532394223; 4.423076923076923 213.0150661943863; 4.615384615384615 253.8032530571888; 4.8076923076923075 243.96079012424704; 5.0 320.89580738667206]
npts :	53
nout :	11
model :	(x,t) -> t[1]*x[1]^3 + t[2]*x[1]^2 + t[3]*x[1] + t[4] 
dim :	4
cluster :	false
noise :	true
solution :	[3.6, -5.8, 1.4, -2.2]
description :	type: cubic model with noise and outliers
