name :	cubic
data :	[-5.0 553.3844252051194; -4.615384615384615 450.84597101430666; -4.230769230769231 371.35093959408175; -3.8461538461538463 50.00049362351808; -3.4615384615384617 226.80645237138287; -3.076923076923077 174.74114666462577; -2.6923076923076925 129.38021354240306; -2.3076923076923075 82.98330222829593; -1.9230769230769231 59.45726476773743; -1.5384615384615385 38.407193522908614; -1.1538461538461537 28.752746908673217; -0.7692307692307693 19.848379524455588; -0.38461538461538464 11.344332270033876; 0.0 89.61107761610906; 0.38461538461538464 -0.33079714167592567; 0.7692307692307693 -244.30133230564147; 1.1538461538461537 12.4098077402824; 1.5384615384615385 6.462250063202859; 1.9230769230769231 14.312433332124685; 2.3076923076923075 7.721908383659024; 2.6923076923076925 11.0993861054864; 3.076923076923077 -65.74202356365663; 3.4615384615384617 -12.826932015536451; 3.8461538461538463 288.8805838439147; 4.230769230769231 -58.47238634057719; 4.615384615384615 -85.28703670017421; 5.0 -126.17622804653882]
npts :	27
nout :	5
model :	(x,t) -> t[1]*x[1]^3 + t[2]*x[1]^2 + t[3]*x[1] + t[4] 
dim :	4
cluster :	false
noise :	true
solution :	[-2.6, 8.4, -2.9, -7.9]
description :	type: cubic model with noise and outliers
