name :	cubic
data :	[-5.0 345.8232219146436; -4.777777777777778 296.58408792928026; -4.555555555555555 241.67782741758222; -4.333333333333333 324.1976754121167; -4.111111111111111 169.56213776763363; -3.888888888888889 58.89449371030163; -3.6666666666666665 91.73483568272314; -3.4444444444444446 76.632389403617; -3.2222222222222223 249.54453162272114; -3.0 28.051644610453323; -2.7777777777777777 -207.12593815860836; -2.5555555555555554 8.602417935718425; -2.3333333333333335 -2.4108150491852935; -2.111111111111111 -16.375126289062674; -1.8888888888888888 -14.424398556787398; -1.6666666666666667 -20.265883285942326; -1.4444444444444444 -25.36512805712784; -1.2222222222222223 -19.85152862708884; -1.0 -24.993554375447737; -0.7777777777777778 -61.58991993954188; -0.5555555555555556 35.6233649296113; -0.3333333333333333 -18.71339138684337; -0.1111111111111111 -23.24197661194525; 0.1111111111111111 -27.436239260655963; 0.3333333333333333 -19.74620503360525; 0.5555555555555556 -24.123967165285435; 0.7777777777777778 -34.19917800087829; 1.0 -33.27149887062954; 1.2222222222222223 -45.1274911068822; 1.4444444444444444 -359.5537249354035; 1.6666666666666667 -65.7354980247978; 1.8888888888888888 -70.33430445411672; 2.111111111111111 -97.14052528192433; 2.3333333333333335 -115.55194186229983; 2.5555555555555554 -148.27196646558252; 2.7777777777777777 -175.57944141171902; 3.0 -205.14269650239788; 3.2222222222222223 -251.43394091938802; 3.4444444444444446 -282.59524365735933; 3.6666666666666665 -331.5427007508055; 3.888888888888889 -542.9566690224665; 4.111111111111111 -458.75877336304876; 4.333333333333333 -516.2107979440382; 4.555555555555555 -590.4779600759465; 4.777777777777778 -680.237859761556; 5.0 -757.4169334264993]
npts :	46
nout :	9
model :	(x,t) -> t[1]*x[1]^3 + t[2]*x[1]^2 + t[3]*x[1] + t[4] 
dim :	4
cluster :	false
noise :	true
solution :	[-4.5, -7.3, 1.1, -8.2]
description :	type: cubic model with noise and outliers
