name :	cubic
data :	[-5.0 -105.80764096017313; -4.75 -75.4549827578912; -4.5 -52.531793752002045; -4.25 -34.1765742157214; -4.0 -16.490963734968716; -3.75 -3.1213954145408316; -3.5 -5.708090747981853; -3.25 14.690926402910776; -3.0 13.884773049434095; -2.75 21.092110912299724; -2.5 18.74481667040392; -2.25 27.24393809334211; -2.0 18.72023979641976; -1.75 21.052046543344524; -1.5 27.225680572644485; -1.25 24.06201092638448; -1.0 -270.2519033177865; -0.75 20.858431970603398; -0.5 23.583659889720977; -0.25 20.105270862782206; 0.0 17.408006593933777; 0.25 557.297696231393; 0.5 34.3874083401004; 0.75 32.47490160043236; 1.0 -58.736158970622654; 1.25 47.69811487835565; 1.5 -175.04516039505643; 1.75 69.39545333571508; 2.0 90.73951255473071; 2.25 103.34522302205268; 2.5 134.72621509127592; 2.75 158.4275495554638; 3.0 183.98466568127733; 3.25 213.06989008723133; 3.5 252.47477789450025; 3.75 299.67400213154536; 4.0 340.51451916591; 4.25 729.5093627498812; 4.5 379.7327523610277; 4.75 509.48857685352306; 5.0 582.6936230070456]
npts :	41
nout :	8
model :	(x,t) -> t[1]*x[1]^3 + t[2]*x[1]^2 + t[3]*x[1] + t[4] 
dim :	4
cluster :	false
noise :	true
solution :	[2.4, 8.5, 6.9, 9.0]
description :	type: cubic model with noise and outliers
