name :	cubic
data :	[-5.0 -994.5630168216869; -4.743589743589744 -836.6130888907292; -4.487179487179487 -714.4306820636676; -4.230769230769231 -586.447720298571; -3.9743589743589745 -646.1305083941927; -3.717948717948718 -554.5610904040049; -3.4615384615384617 -222.3674053489751; -3.2051282051282053 -245.13316843225783; -2.948717948717949 12.095654348019451; -2.6923076923076925 -160.84712030541172; -2.4358974358974357 -180.21180415153134; -2.1794871794871793 -90.49484689202083; -1.9230769230769231 -60.95744443145754; -1.6666666666666667 -46.46162277405102; -1.4102564102564104 -34.29456523854714; -1.1538461538461537 -29.64196719276113; -0.8974358974358975 -23.59348354578709; -0.6410256410256411 -13.256546689315805; -0.38461538461538464 -21.813326699475944; -0.1282051282051282 -21.67637584308016; 0.1282051282051282 -21.327325257262533; 0.38461538461538464 -16.526543812071804; 0.6410256410256411 -19.614406201145865; 0.8974358974358975 1.9375380142649163; 1.1538461538461537 14.877406528150777; 1.4102564102564104 30.78870522122818; 1.6666666666666667 63.924754275020746; 1.9230769230769231 97.69215727699154; 2.1794871794871793 195.07451522227183; 2.4358974358974357 183.9050797057854; 2.6923076923076925 235.36899584351286; 2.948717948717949 302.63913602437907; 3.2051282051282053 383.89072440358154; 3.4615384615384617 486.5034372090715; 3.717948717948718 597.01809449184; 3.9743589743589745 713.6575023586953; 4.230769230769231 854.945216191833; 4.487179487179487 1007.5717984035549; 4.743589743589744 1177.2451194450093; 5.0 1357.7102358569898]
npts :	40
nout :	8
model :	(x,t) -> t[1]*x[1]^3 + t[2]*x[1]^2 + t[3]*x[1] + t[4] 
dim :	4
cluster :	false
noise :	true
solution :	[9.1, 8.1, 7.3, -2.5]
description :	type: cubic model with noise and outliers
