name :	cubic
data :	[-5.0 -655.7377751470627; -4.714285714285714 -556.1855785175646; -4.428571428571429 -462.3132754912216; -4.142857142857143 -382.97807295526866; -3.857142857142857 -313.2619418941839; -3.5714285714285716 -247.8894982452873; -3.2857142857142856 -195.77388801410632; -3.0 -150.60056359195303; -2.7142857142857144 113.42322260391708; -2.4285714285714284 -93.82332818087251; -2.142857142857143 -63.229976869482094; -1.8571428571428572 -47.465294036768746; -1.5714285714285714 -30.489289841879476; -1.2857142857142858 -179.8063001969202; -1.0 -22.012663722767222; -0.7142857142857143 -13.281567472250092; -0.42857142857142855 -20.832160623249326; -0.14285714285714285 -18.625332551288057; 0.14285714285714285 -73.74062917936985; 0.42857142857142855 -13.309237947385808; 0.7142857142857143 -7.99017828094806; 1.0 -13.421076922835336; 1.2857142857142858 243.4124238759856; 1.5714285714285714 3.6985009530676116; 1.8571428571428572 20.436033412509254; 2.142857142857143 38.85066282462719; 2.4285714285714284 -287.5399169801021; 2.7142857142857144 85.14320759517338; 3.0 238.04040879698502; 3.2857142857142856 163.83296126066563; 3.5714285714285716 210.01486648503726; 3.857142857142857 272.9439684785611; 4.142857142857143 337.12813067687176; 4.428571428571429 477.22182203232853; 4.714285714285714 512.2576798033068; 5.0 607.9713192122258]
npts :	36
nout :	7
model :	(x,t) -> t[1]*x[1]^3 + t[2]*x[1]^2 + t[3]*x[1] + t[4] 
dim :	4
cluster :	false
noise :	true
solution :	[5.1, -0.2, -0.5, -2.3]
description :	type: cubic model with noise and outliers
