name :	cubic
data :	[-5.0 596.4272107147281; -4.722222222222222 493.1468648270321; -4.444444444444445 404.0948855150354; -4.166666666666667 334.5774279407272; -3.888888888888889 282.9065537688419; -3.611111111111111 209.4139522827458; -3.3333333333333335 160.64411675146602; -3.0555555555555554 123.29731181551305; -2.7777777777777777 -21.67621648354381; -2.5 174.30942888283096; -2.2222222222222223 37.918849658520564; -1.9444444444444444 27.82768014144131; -1.6666666666666667 18.03882930551505; -1.3888888888888888 7.796414935373626; -1.1111111111111112 10.519041526881995; -0.8333333333333334 4.82897087833596; -0.5555555555555556 0.0885351001907626; -0.2777777777777778 2.6851325480134456; 0.0 8.30030445901869; 0.2777777777777778 7.430238521087869; 0.5555555555555556 3.527858505173713; 0.8333333333333334 -5.346663828004907; 1.1111111111111112 -14.913472770473327; 1.3888888888888888 -21.27808925962854; 1.6666666666666667 224.46897786133434; 1.9444444444444444 -44.594118889385484; 2.2222222222222223 -80.1326483441976; 2.5 -22.33839484935352; 2.7777777777777777 -156.4480467955025; 3.0555555555555554 -207.3501722086816; 3.3333333333333335 -267.66012342839065; 3.611111111111111 -329.7659029813374; 3.888888888888889 -407.84159938788156; 4.166666666666667 -501.4586319369147; 4.444444444444445 -619.2880988272076; 4.722222222222222 -722.2958584483731; 5.0 -845.0786634906711]
npts :	37
nout :	7
model :	(x,t) -> t[1]*x[1]^3 + t[2]*x[1]^2 + t[3]*x[1] + t[4] 
dim :	4
cluster :	false
noise :	true
solution :	[-5.8, -5.2, 0.8, -9.2]
description :	type: cubic model with noise and outliers
