name :	cubic
data :	[-5.0 -290.4663656313607; -4.782608695652174 -249.0118434202259; -4.565217391304348 -210.16555425082538; -4.3478260869565215 -179.9207626589489; -4.130434782608695 -153.99095983591934; -3.9130434782608696 -129.47028747450332; -3.6956521739130435 71.41246850870792; -3.4782608695652173 -85.22518770303088; -3.260869565217391 -74.65062107849889; -3.0434782608695654 166.09865041601884; -2.8260869565217392 -40.15495008665988; -2.608695652173913 -40.02802047068188; -2.391304347826087 -35.70932009932413; -2.1739130434782608 -23.87308580537481; -1.9565217391304348 -27.38470936881813; -1.7391304347826086 5.914289887918432; -1.5217391304347827 -12.375427513819254; -1.3043478260869565 -11.80898150855209; -1.0869565217391304 -25.731744717466018; -0.8695652173913043 -21.109268808773663; -0.6521739130434783 -20.656566704500005; -0.43478260869565216 -18.05872165930391; -0.21739130434782608 -14.573903350638304; 0.0 -19.804671740461075; 0.21739130434782608 -105.6223082814899; 0.43478260869565216 -20.064397348428407; 0.6521739130434783 -13.820355504894014; 0.8695652173913043 -10.326823327962735; 1.0869565217391304 45.36657150154011; 1.3043478260869565 18.564656604089535; 1.5217391304347827 12.300293790961463; 1.7391304347826086 192.32417720859246; 1.9565217391304348 33.42903283456485; 2.1739130434782608 61.99067839517257; 2.391304347826087 81.1727000099683; 2.608695652173913 99.82932835431772; 2.8260869565217392 18.2498763687651; 3.0434782608695654 148.85804373866; 3.260869565217391 188.11137649685432; 3.4782608695652173 217.5435594168932; 3.6956521739130435 268.49153625256616; 3.9130434782608696 310.3117661762219; 4.130434782608695 367.80609941508317; 4.3478260869565215 412.1872484440614; 4.565217391304348 570.4895088258871; 4.782608695652174 536.3735829328381; 5.0 607.6921770242525]
npts :	47
nout :	9
model :	(x,t) -> t[1]*x[1]^3 + t[2]*x[1]^2 + t[3]*x[1] + t[4] 
dim :	4
cluster :	false
noise :	true
solution :	[3.5, 7.4, 2.2, -6.7]
description :	type: cubic model with noise and outliers
