name :	cubic
data :	[-5.0 1111.0206868045907; -4.818181818181818 981.5214500747368; -4.636363636363637 873.5848236296122; -4.454545454545454 771.9925253763877; -4.2727272727272725 580.5774410443705; -4.090909090909091 595.0882108354566; -3.909090909090909 519.0528223907454; -3.727272727272727 452.0984560250791; -3.5454545454545454 391.7454254233423; -3.3636363636363638 334.6680095763789; -3.1818181818181817 281.30761136576945; -3.0 236.17403244337294; -2.8181818181818183 195.95196086018768; -2.6363636363636362 628.7860563085803; -2.4545454545454546 129.75928486890305; -2.272727272727273 303.97272607145976; -2.090909090909091 72.12855805772924; -1.9090909090909092 56.489401077298595; -1.7272727272727273 -16.878288720270206; -1.5454545454545454 35.281878126682024; -1.3636363636363635 15.822068168795624; -1.1818181818181819 8.3411698505085; -1.0 9.603777496388524; -0.8181818181818182 -4.520370311215693; -0.6363636363636364 2.141069917009009; -0.45454545454545453 -5.769406341273929; -0.2727272727272727 -10.715365658781627; -0.09090909090909091 -11.85700578107611; 0.09090909090909091 -18.780917599006912; 0.2727272727272727 -11.119594177861321; 0.45454545454545453 -82.39968591480414; 0.6363636363636364 -17.698565522974224; 0.8181818181818182 -49.973684762459214; 1.0 -29.183965528939815; 1.1818181818181819 -137.57021134648704; 1.3636363636363635 -52.99030978327252; 1.5454545454545454 -65.93244319496482; 1.7272727272727273 -80.15793938478045; 1.9090909090909092 -105.40460528880796; 2.090909090909091 -125.35297262967407; 2.272727272727273 -165.85158095683755; 2.4545454545454546 194.8977814936781; 2.6363636363636362 -237.85771650399238; 2.8181818181818183 -272.41851160482287; 3.0 -321.42717619359547; 3.1818181818181817 -210.77581512366694; 3.3636363636363638 -444.5661039449358; 3.5454545454545454 -473.5847568563506; 3.727272727272727 -574.4641652853086; 3.909090909090909 -662.5071253400339; 4.090909090909091 -1110.9973904720835; 4.2727272727272725 -844.7912654068974; 4.454545454545454 -951.5838671320766; 4.636363636363637 -1060.5630054932635; 4.818181818181818 -1182.8783557423064; 5.0 -1319.5037689618102]
npts :	56
nout :	11
model :	(x,t) -> t[1]*x[1]^3 + t[2]*x[1]^2 + t[3]*x[1] + t[4] 
dim :	4
cluster :	false
noise :	true
solution :	[-9.3, -3.7, -9.3, 2.7]
description :	type: cubic model with noise and outliers
