name :	cubic
data :	[-5.0 -706.7749537434405; -4.655172413793103 -580.9388508875704; -4.310344827586207 -467.96077952193815; -3.9655172413793105 -376.9157209997135; -3.6206896551724137 -298.01854953006983; -3.2758620689655173 -338.682332498128; -2.9310344827586206 -179.0164038288347; -2.586206896551724 -141.94355574825082; -2.2413793103448274 565.8088840974875; -1.896551724137931 -73.23432868821604; -1.5517241379310345 -62.04938310874678; -1.206896551724138 -38.97645928885785; -0.8620689655172413 -223.92570699710708; -0.5172413793103449 -33.081491972713394; -0.1724137931034483 -25.998426547839536; 0.1724137931034483 -13.888794195900005; 0.5172413793103449 -22.29624183421502; 0.8620689655172413 -4.341528803893981; 1.206896551724138 -38.789221039757095; 1.5517241379310345 10.869044951567785; 1.896551724137931 -23.492997057566413; 2.2413793103448274 41.573804349479076; 2.586206896551724 -202.36676117681765; 2.9310344827586206 105.1470728308787; 3.2758620689655173 158.26846765998323; 3.6206896551724137 206.14869337366417; 3.9655172413793105 284.213684356451; 4.310344827586207 365.7722779859663; 4.655172413793103 455.6242494265886; 5.0 563.7604460158573]
npts :	30
nout :	6
model :	(x,t) -> t[1]*x[1]^3 + t[2]*x[1]^2 + t[3]*x[1] + t[4] 
dim :	4
cluster :	false
noise :	true
solution :	[4.7, -1.9, 9.4, -6.5]
description :	type: cubic model with noise and outliers
