name :	cubic
data :	[-5.0 -694.0418130071429; -4.523809523809524 -503.3935060616105; -4.0476190476190474 -356.6983866391923; -3.5714285714285716 -302.1370019328546; -3.0952380952380953 -153.57792807614894; -2.619047619047619 -99.72467966144953; -2.142857142857143 -59.21909283143727; -1.6666666666666667 156.08849316772074; -1.1904761904761905 -21.204422170759027; -0.7142857142857143 -20.412285844538914; -0.23809523809523808 -13.700910808789905; 0.23809523809523808 -19.82724831382647; 0.7142857142857143 -11.70191828314535; 1.1904761904761905 -3.5381798181269613; 1.6666666666666667 22.364890075177385; 2.142857142857143 68.91534455002183; 2.619047619047619 -92.1537987289837; 3.0952380952380953 229.8154766761706; 3.5714285714285716 356.2403648320581; 4.0476190476190474 375.21122948015716; 4.523809523809524 707.5627295523768; 5.0 945.589381231651]
npts :	22
nout :	4
model :	(x,t) -> t[1]*x[1]^3 + t[2]*x[1]^2 + t[3]*x[1] + t[4] 
dim :	4
cluster :	false
noise :	true
solution :	[6.6, 6.0, -1.6, -6.6]
description :	type: cubic model with noise and outliers
