name :	cubic
data :	[-5.0 -1106.5043432699201; -4.5 -793.0947177908168; -4.0 -542.502300580816; -3.5 -354.1378812521858; -3.0 -211.591558873711; -2.5 47.98484045122083; -2.0 -54.6794002802393; -1.5 -12.964160556289205; -1.0 1.8407637166784863; -0.5 3.355646463032528; 0.0 9.545716660618945; 0.5 84.9383032492288; 1.0 13.164261825108387; 1.5 92.18396621492062; 2.0 73.3991623764204; 2.5 139.85538843125917; 3.0 254.21216286950263; 3.5 405.10828742246156; 4.0 590.3404872555275; 4.5 844.7499590878796; 5.0 1164.271052083033]
npts :	21
nout :	4
model :	(x,t) -> t[1]*x[1]^3 + t[2]*x[1]^2 + t[3]*x[1] + t[4] 
dim :	4
cluster :	false
noise :	true
solution :	[9.3, 1.1, -5.6, -7.4]
description :	type: cubic model with noise and outliers
