name :	cubic
data :	[-5.0 -306.1487345268977; -4.666666666666667 -254.05657862010378; -4.333333333333333 -205.39179161433648; -4.0 -152.44068275780864; -3.6666666666666665 -130.99891465504055; -3.3333333333333335 -99.89993006538438; -3.0 -74.96742320263992; -2.6666666666666665 16.19836543069711; -2.3333333333333335 -33.154189951037495; -2.0 418.85950226295336; -1.6666666666666667 -14.338410294429497; -1.3333333333333333 -15.97545167248353; -1.0 -19.265222989904096; -0.6666666666666666 117.19204421656393; -0.3333333333333333 -15.58487068739689; 0.0 -8.988900639278942; 0.3333333333333333 -157.3998735813748; 0.6666666666666666 -11.093637646107517; 1.0 -3.347929221009201; 1.3333333333333333 3.0111556192540885; 1.6666666666666667 -79.2345473868937; 2.0 16.218960014461025; 2.3333333333333335 30.868876288597985; 2.6666666666666665 49.94980881523384; 3.0 82.96503139921259; 3.3333333333333335 -121.97612068703343; 3.6666666666666665 143.8235633257627; 4.0 184.78315869063806; 4.333333333333333 231.5319707776138; 4.666666666666667 298.43785411341764; 5.0 364.53462926865944]
npts :	31
nout :	6
model :	(x,t) -> t[1]*x[1]^3 + t[2]*x[1]^2 + t[3]*x[1] + t[4] 
dim :	4
cluster :	false
noise :	true
solution :	[2.6, 1.5, 1.5, 3.3]
description :	type: cubic model with noise and outliers
