name :	cubic
data :	[-5.0 165.50915366730928; -4.803921568627451 140.50089724004764; -4.607843137254902 -214.30813035674666; -4.411764705882353 102.83688583839793; -4.215686274509804 86.65503650033772; -4.019607843137255 68.92128403370964; -3.823529411764706 58.09033063803921; -3.627450980392157 56.4325992128704; -3.4313725490196076 40.89354120735451; -3.235294117647059 40.5349127690433; -3.0392156862745097 31.31072573578031; -2.843137254901961 28.120983090846032; -2.6470588235294117 14.869473887930628; -2.450980392156863 21.25389085880089; -2.2549019607843137 13.010205652310837; -2.0588235294117645 15.250428704258539; -1.8627450980392157 9.808257499267238; -1.6666666666666667 -237.2732530417045; -1.4705882352941178 14.593106145127198; -1.2745098039215685 9.05737676294104; -1.0784313725490196 5.450088554010527; -0.8823529411764706 142.1723060708891; -0.6862745098039216 8.379721619705712; -0.49019607843137253 19.483259709217517; -0.29411764705882354 187.88701862063687; -0.09803921568627451 21.283475128221074; 0.09803921568627451 9.893070407662346; 0.29411764705882354 13.98474288631909; 0.49019607843137253 22.859318830197516; 0.6862745098039216 22.876888856341488; 0.8823529411764706 10.124229542723379; 1.0784313725490196 -169.45089048932562; 1.2745098039215685 -131.72673269264544; 1.4705882352941178 15.864942891735904; 1.6666666666666667 10.231548303735458; 1.8627450980392157 4.489742990892324; 2.0588235294117645 -152.66023000383473; 2.2549019607843137 -44.06059495449449; 2.450980392156863 -18.15862693758953; 2.6470588235294117 -26.199856852554845; 2.843137254901961 -35.23585257182934; 3.0392156862745097 -42.82700155653311; 3.235294117647059 -58.91896203137628; 3.4313725490196076 -278.1895466783496; 3.627450980392157 -95.26356320448954; 3.823529411764706 175.81785056418596; 4.019607843137255 -130.3825018925325; 4.215686274509804 -157.85356629349954; 4.411764705882353 -180.4720917745895; 4.607843137254902 -207.86236174075268; 4.803921568627451 -236.78161044150107; 5.0 -261.8059986745555]
npts :	52
nout :	10
model :	(x,t) -> t[1]*x[1]^3 + t[2]*x[1]^2 + t[3]*x[1] + t[4] 
dim :	4
cluster :	false
noise :	true
solution :	[-1.9, -2.8, 4.9, 1.8]
description :	type: cubic model with noise and outliers
