name :	cubic
data :	[-5.0 -911.9240650371619; -4.72972972972973 -768.9010551958158; -4.45945945945946 -647.1628861421366; -4.1891891891891895 -538.0702993478844; -3.918918918918919 -440.9508824545937; -3.6486486486486487 -359.4936951926877; -3.3783783783783785 -290.42178246405456; -3.108108108108108 -235.46090488741686; -2.8378378378378377 -81.00414936768732; -2.5675675675675675 -132.92154357969287; -2.2972972972972974 -164.0943876072805; -2.027027027027027 -61.22909517594165; -1.7567567567567568 80.26108457055153; -1.4864864864864864 -30.56647699868258; -1.2162162162162162 -29.88915443454636; -0.9459459459459459 -18.395604930920527; -0.6756756756756757 -18.839347647203663; -0.40540540540540543 -22.312398719279074; -0.13513513513513514 -29.540486315988453; 0.13513513513513514 -16.06110762484888; 0.40540540540540543 -13.02344956091839; 0.6756756756756757 -11.825032236530419; 0.9459459459459459 -20.89961623789925; 1.2162162162162162 -18.281304237469204; 1.4864864864864864 -67.7529205289345; 1.7567567567567568 52.86338929653374; 2.027027027027027 29.09157890663468; 2.2972972972972974 47.19872064892874; 2.5675675675675675 75.29581220369414; 2.8378378378378377 123.5873928953549; 3.108108108108108 171.71589652818164; 3.3783783783783785 216.33318737843356; 3.6486486486486487 292.4314686446201; 3.918918918918919 457.3983372134482; 4.1891891891891895 451.65858538995576; 4.45945945945946 548.5741640012897; 4.72972972972973 671.6682155502031; 5.0 804.7767993344809]
npts :	38
nout :	8
model :	(x,t) -> t[1]*x[1]^3 + t[2]*x[1]^2 + t[3]*x[1] + t[4] 
dim :	4
cluster :	false
noise :	true
solution :	[7.0, -1.6, -3.9, -2.8]
description :	type: cubic model with noise and outliers
