name :	cubic
data :	[-5.0 -502.7571771833726; -4.666666666666667 -473.09817512102506; -4.333333333333333 -385.5797963031762; -4.0 -301.8951748244348; -3.6666666666666665 -440.3976202159063; -3.3333333333333335 -178.18346134674636; -3.0 -136.96415391100345; -2.6666666666666665 -101.36008314337103; -2.3333333333333335 -67.36342098798954; -2.0 -45.02863999771744; -1.6666666666666667 -23.460721490830416; -1.3333333333333333 -13.288912997857409; -1.0 -7.2037528781566085; -0.6666666666666666 -41.020125280982896; -0.3333333333333333 4.838960326158192; 0.0 8.679609056310216; 0.3333333333333333 7.874053098049854; 0.6666666666666666 6.007577161761923; 1.0 22.75253936553229; 1.3333333333333333 23.43769902650821; 1.6666666666666667 40.53835186080882; 2.0 50.852421847943084; 2.3333333333333335 71.37909900624881; 2.6666666666666665 137.58632512215473; 3.0 147.65250843863132; 3.3333333333333335 185.01159047601715; 3.6666666666666665 175.54182084456983; 4.0 309.96755602193815; 4.333333333333333 391.1559633954501; 4.666666666666667 603.6467760539506; 5.0 573.3566186687182]
npts :	31
nout :	6
model :	(x,t) -> t[1]*x[1]^3 + t[2]*x[1]^2 + t[3]*x[1] + t[4] 
dim :	4
cluster :	false
noise :	true
solution :	[4.4, -0.4, 6.5, -7.8]
description :	type: cubic model with noise and outliers
