name :	cubic
data :	[-5.0 621.6289590882142; -4.767441860465116 665.2329511793524; -4.534883720930233 570.944996096538; -4.3023255813953485 470.995350950872; -4.069767441860465 397.7805781564986; -3.8372093023255816 318.00622695961806; -3.604651162790698 257.99972087166026; -3.372093023255814 200.81502281889337; -3.13953488372093 696.1059737338499; -2.9069767441860463 111.34722906295912; -2.6744186046511627 -108.66235451031805; -2.441860465116279 46.90157622473792; -2.2093023255813953 -187.9159096644663; -1.9767441860465116 18.52435153665285; -1.744186046511628 5.701578451011693; -1.5116279069767442 -7.3716757317277555; -1.2790697674418605 -7.298815320410495; -1.0465116279069768 -7.11230181771276; -0.813953488372093 -18.78980952836667; -0.5813953488372093 -19.201145154798894; -0.3488372093023256 -4.978830932788204; -0.11627906976744186 225.10645385527863; 0.11627906976744186 -4.011851872840667; 0.3488372093023256 -4.7846590999403364; 0.5813953488372093 -2.125013489842594; 0.813953488372093 -12.862800451375417; 1.0465116279069768 -110.6007247797455; 1.2790697674418605 -25.283148511744823; 1.5116279069767442 -43.685505610201844; 1.744186046511628 -56.625577412548225; 1.9767441860465116 -72.90315565263683; 2.2093023255813953 -107.97048801605919; 2.441860465116279 -133.25576906114645; 2.6744186046511627 10.177439826845045; 2.9069767441860463 -224.83802462007785; 3.13953488372093 -273.2534340974232; 3.372093023255814 -342.3414967831076; 3.604651162790698 -420.165902186118; 3.8372093023255816 -718.9047529276411; 4.069767441860465 -594.6046867479799; 4.3023255813953485 -687.4280394735126; 4.534883720930233 -804.3850637558211; 4.767441860465116 -937.2199597344143; 5.0 -1315.982396083547]
npts :	44
nout :	9
model :	(x,t) -> t[1]*x[1]^3 + t[2]*x[1]^2 + t[3]*x[1] + t[4] 
dim :	4
cluster :	false
noise :	true
solution :	[-7.7, -5.5, 6.9, 5.2]
description :	type: cubic model with noise and outliers
