name :	cubic
data :	[-5.0 -1157.4967624394023; -4.583333333333333 -879.9099381111618; -4.166666666666667 -659.6766064054102; -3.75 -480.6419433469496; -3.3333333333333335 -346.690486087095; -2.9166666666666665 -227.428146651866; -2.5 -127.32207260806594; -2.0833333333333335 -271.1641704875233; -1.6666666666666667 -37.47526700538519; -1.25 -14.013118259383903; -0.8333333333333334 9.394821707246997; -0.4166666666666667 4.570276661472264; 0.0 13.447481963461566; 0.4166666666666667 4.707513269626386; 0.8333333333333334 1.9534643823036273; 1.25 3.9430172109001775; 1.6666666666666667 17.00481879397074; 2.0833333333333335 43.68903275567338; 2.5 287.2357354158026; 2.9166666666666665 148.20806976226706; 3.3333333333333335 238.03818584549964; 3.75 345.1587560819195; 4.166666666666667 492.50812183149367; 4.583333333333333 665.7921868009478; 5.0 976.3754734597899]
npts :	25
nout :	5
model :	(x,t) -> t[1]*x[1]^3 + t[2]*x[1]^2 + t[3]*x[1] + t[4] 
dim :	4
cluster :	false
noise :	true
solution :	[8.2, -5.3, -4.5, -6.7]
description :	type: cubic model with noise and outliers
