name :	line2d
data :	[-15.0 142.0; -13.125 126.43750000000001; -11.25 110.87500000000001; -9.375 95.3125; -7.5 79.75; -5.625 64.1875; -3.75 48.625; -1.875 95.76523745657526; 0.0 17.5; 1.875 -47.06932219682146; 3.75 -13.625000000000004; 5.625 -29.187500000000007; 7.5 -44.75000000000001; 9.375 -60.3125; 11.25 -75.87500000000001; 13.125 -91.43750000000001; 15.0 -249.76361532301644]
npts :	17
nout :	3
model :	(x,t) -> t[1]*x + t[2]
dim :	2
cluster :	false
noise :	false
solution :	[-8.3, 17.5]
description :	type2: line model
