name :	line2d
data :	[-15.0 23.98876110944292; -13.0 -169.20000000000002; -11.0 -143.60000000000002; -9.0 -118.0; -7.0 -92.4; -5.0 -79.15585452135058; -3.0 -41.2; -1.0 -15.600000000000001; 1.0 10.0; 3.0 35.60000000000001; 5.0 61.2; 7.0 86.80000000000001; 9.0 112.4; 11.0 138.0; 13.0 443.53475403026823; 15.0 189.2]
npts :	16
nout :	3
model :	(x,t) -> t[1]*x + t[2]
dim :	2
cluster :	false
noise :	false
solution :	[12.8, -2.8]
description :	type2: line model
