name :	line2d
data :	[-15.0 -44.5; -14.5 342.478858048798; -14.0 -18.1609693778639; -13.5 -39.85; -13.0 -38.300000000000004; -12.5 -162.3124466996353; -12.0 -35.2; -11.5 -33.65; -11.0 -32.1; -10.5 -30.550000000000004; -10.0 -29.0; -9.5 -27.45; -9.0 -25.900000000000002; -8.5 -24.35; -8.0 -22.8; -7.5 -21.25; -7.0 32.43025426835162; -6.5 124.08220398328436; -6.0 -16.6; -5.5 -347.0160314849698; -5.0 -13.5; -4.5 -11.950000000000001; -4.0 -10.4; -3.5 -8.85; -3.0 68.93164056601802; -2.5 -5.75; -2.0 -4.2; -1.5 -2.6500000000000004; -1.0 -1.1; -0.5 0.44999999999999996; 0.0 -56.12260612836787; 0.5 81.46432026904557; 1.0 5.1; 1.5 6.65; 2.0 8.2; 2.5 9.75; 3.0 11.3; 3.5 -261.12266755691815; 4.0 14.4; 4.5 15.950000000000001; 5.0 17.5; 5.5 19.05; 6.0 20.6; 6.5 22.150000000000002; 7.0 23.7; 7.5 25.25; 8.0 26.8; 8.5 28.35; 9.0 29.900000000000002; 9.5 31.45; 10.0 33.0; 10.5 34.550000000000004; 11.0 36.1; 11.5 260.2354625114505; 12.0 39.2; 12.5 40.75; 13.0 42.300000000000004; 13.5 43.85; 14.0 45.4; 14.5 46.95; 15.0 14.942529388968666]
npts :	61
nout :	12
model :	(x,t) -> t[1]*x + t[2]
dim :	2
cluster :	false
noise :	false
solution :	[3.1, 2.0]
description :	type2: line model
