name :	line2d
data :	[-15.0 -29.3; -13.421052631578947 -23.299999999999994; -11.842105263157896 -17.3; -10.263157894736842 -11.3; -8.68421052631579 -5.300000000000001; -7.105263157894737 0.6999999999999993; -5.526315789473684 6.699999999999999; -3.9473684210526314 12.700000000000001; -2.3684210526315788 48.564530619509725; -0.7894736842105263 24.7; 0.7894736842105263 30.7; 2.3684210526315788 36.699999999999996; 3.9473684210526314 11.491718802048638; 5.526315789473684 48.7; 7.105263157894737 23.455758058344017; 8.68421052631579 157.16630738905224; 10.263157894736842 66.7; 11.842105263157896 72.7; 13.421052631578947 78.69999999999999; 15.0 84.7]
npts :	20
nout :	4
model :	(x,t) -> t[1]*x + t[2]
dim :	2
cluster :	false
noise :	false
solution :	[3.8, 27.7]
description :	type2: line model
