name :	line2d
data :	[-15.0 187.2; -12.5 152.45; -10.0 41.90601172574634; -7.5 82.95; -5.0 48.2; -2.5 13.45; 0.0 -21.3; 2.5 -56.05; 5.0 -151.3572799494279; 7.5 -439.2413154529198; 10.0 -160.3; 12.5 -195.05; 15.0 -229.8]
npts :	13
nout :	3
model :	(x,t) -> t[1]*x + t[2]
dim :	2
cluster :	false
noise :	false
solution :	[-13.9, -21.3]
description :	type2: line model
