name :	line2d
data :	[-15.0 -66.7; -14.4 -62.860000000000014; -13.8 362.27619920472296; -13.2 -300.0612102169915; -12.6 -51.34; -12.0 -47.500000000000014; -11.4 -43.66000000000001; -10.8 -39.82000000000001; -10.2 322.8548278481179; -9.6 -32.14; -9.0 266.69617506041857; -8.4 -24.460000000000004; -7.8 -20.62; -7.2 -16.780000000000005; -6.6 -12.940000000000001; -6.0 114.86293204646707; -5.4 -5.260000000000002; -4.8 -1.4199999999999982; -4.2 2.419999999999998; -3.6 6.259999999999998; -3.0 10.099999999999998; -2.4 13.940000000000001; -1.8 44.94763209641681; -1.2 21.62; -0.6 -89.04406875680246; 0.0 29.3; 0.6 33.14; 1.2 36.980000000000004; 1.8 40.82; 2.4 44.66; 3.0 48.5; 3.6 52.34; 4.2 -34.66783465468447; 4.8 60.019999999999996; 5.4 237.13702660160942; 6.0 67.7; 6.6 71.54; 7.2 75.38000000000001; 7.8 10.780712424138457; 8.4 83.06; 9.0 86.9; 9.6 90.74; 10.2 94.58; 10.8 98.42; 11.4 102.26; 12.0 106.10000000000001; 12.6 109.94; 13.2 113.78; 13.8 117.62; 14.4 121.46000000000001; 15.0 125.3]
npts :	51
nout :	10
model :	(x,t) -> t[1]*x + t[2]
dim :	2
cluster :	false
noise :	false
solution :	[6.4, 29.3]
description :	type2: line model
