name :	line2d
data :	[-15.0 405.0; -14.433962264150944 389.49056603773585; -13.867924528301886 373.98113207547163; -13.30188679245283 406.6298944152601; -12.735849056603774 342.9622641509434; -12.169811320754716 327.45283018867923; -11.60377358490566 311.9433962264151; -11.037735849056604 296.4339622641509; -10.471698113207546 280.92452830188677; -9.90566037735849 265.4150943396226; -9.339622641509434 249.9056603773585; -8.773584905660377 76.6620968815289; -8.20754716981132 218.88679245283018; -7.6415094339622645 203.37735849056602; -7.0754716981132075 187.86792452830187; -6.509433962264151 172.35849056603772; -5.943396226415095 433.78473972357875; -5.377358490566038 141.33962264150944; -4.811320754716981 125.83018867924525; -4.245283018867925 110.32075471698113; -3.6792452830188678 100.60570718362764; -3.1132075471698113 79.30188679245282; -2.547169811320755 63.79245283018868; -1.9811320754716981 48.283018867924525; -1.4150943396226414 32.77358490566037; -0.8490566037735849 17.264150943396228; -0.2830188679245283 1.7547169811320753; 0.2830188679245283 -13.754716981132075; 0.8490566037735849 -76.16477881199229; 1.4150943396226414 -44.77358490566037; 1.9811320754716981 -60.283018867924525; 2.547169811320755 -142.14324701971685; 3.1132075471698113 -91.30188679245282; 3.6792452830188678 -106.81132075471697; 4.245283018867925 -27.589605909814622; 4.811320754716981 -137.83018867924525; 5.377358490566038 -207.57856420175665; 5.943396226415095 -168.8490566037736; 6.509433962264151 -184.35849056603772; 7.0754716981132075 -199.86792452830187; 7.6415094339622645 -569.5508335295093; 8.20754716981132 -230.88679245283018; 8.773584905660377 -246.3962264150943; 9.339622641509434 -261.90566037735846; 9.90566037735849 -277.4150943396226; 10.471698113207546 -292.92452830188677; 11.037735849056604 -308.4339622641509; 11.60377358490566 -323.9433962264151; 12.169811320754716 -339.45283018867923; 12.735849056603774 -354.9622641509434; 13.30188679245283 -370.47169811320754; 13.867924528301886 -436.1339548266087; 14.433962264150944 -401.49056603773585; 15.0 -619.7523345646127]
npts :	54
nout :	11
model :	(x,t) -> t[1]*x + t[2]
dim :	2
cluster :	false
noise :	false
solution :	[-27.4, -6.0]
description :	type2: line model
