name :	line2d
data :	[-15.0 476.96953987597834; -14.0 228.59999999999997; -13.0 211.2; -12.0 193.79999999999998; -11.0 176.39999999999998; -10.0 159.0; -9.0 141.6; -8.0 124.19999999999999; -7.0 106.79999999999998; -6.0 89.39999999999999; -5.0 72.0; -4.0 342.15299968367924; -3.0 37.199999999999996; -2.0 19.799999999999997; -1.0 2.3999999999999986; 0.0 -15.0; 1.0 -32.4; 2.0 -49.8; 3.0 122.13278500964441; 4.0 -84.6; 5.0 -102.0; 6.0 -119.39999999999999; 7.0 -136.79999999999998; 8.0 -154.2; 9.0 -272.84182539683815; 10.0 -189.0; 11.0 -137.08016477994772; 12.0 -223.79999999999998; 13.0 -241.2; 14.0 -580.7501632544074; 15.0 -276.0]
npts :	31
nout :	6
model :	(x,t) -> t[1]*x + t[2]
dim :	2
cluster :	false
noise :	false
solution :	[-17.4, -15.0]
description :	type2: line model
