name :	line2d
data :	[-15.0 -287.7685785747037; -13.8 -330.62; -12.6 -299.53999999999996; -11.4 -268.46; -10.2 -237.37999999999994; -9.0 -206.29999999999998; -7.8 -175.21999999999997; -6.6 -205.1910752691811; -5.4 -155.249860256066; -4.2 -81.98; -3.0 -50.89999999999999; -1.8 -19.819999999999997; -0.6 11.260000000000002; 0.6 42.34; 1.8 73.42; 3.0 104.49999999999999; 4.2 135.58; 5.4 166.66000000000003; 6.6 197.73999999999998; 7.8 97.76104160611922; 9.0 259.9; 10.2 290.97999999999996; 11.4 203.45327585477435; 12.6 353.14; 13.8 384.22; 15.0 415.3]
npts :	26
nout :	5
model :	(x,t) -> t[1]*x + t[2]
dim :	2
cluster :	false
noise :	false
solution :	[25.9, 26.8]
description :	type2: line model
