name :	line2d
data :	[-15.0 -79.2; -14.318181818181818 -75.38181818181818; -13.636363636363637 -71.56363636363636; -12.954545454545455 -67.74545454545455; -12.272727272727273 -63.92727272727272; -11.590909090909092 -60.10909090909091; -10.909090909090908 -56.29090909090908; -10.227272727272727 -52.47272727272727; -9.545454545454545 -48.65454545454545; -8.863636363636363 -44.836363636363636; -8.181818181818182 -41.018181818181816; -7.5 -37.2; -6.818181818181818 -33.38181818181818; -6.136363636363637 -29.56363636363636; -5.454545454545454 416.7337285899851; -4.7727272727272725 -21.927272727272722; -4.090909090909091 -18.109090909090906; -3.409090909090909 -14.29090909090909; -2.727272727272727 -267.1318920152339; -2.0454545454545454 -6.654545454545453; -1.3636363636363635 103.53614778575054; -0.6818181818181818 158.88881837695462; 0.0 4.8; 0.6818181818181818 -60.72443591108159; 1.3636363636363635 12.436363636363634; 2.0454545454545454 117.47367958374458; 2.727272727272727 20.07272727272727; 3.409090909090909 -252.9130322089759; 4.090909090909091 -133.76304775902372; 4.7727272727272725 31.527272727272724; 5.454545454545454 35.34545454545454; 6.136363636363637 39.16363636363636; 6.818181818181818 42.98181818181818; 7.5 46.8; 8.181818181818182 50.61818181818181; 8.863636363636363 54.43636363636363; 9.545454545454545 58.25454545454544; 10.227272727272727 62.07272727272726; 10.909090909090908 65.89090909090908; 11.590909090909092 69.7090909090909; 12.272727272727273 73.52727272727272; 12.954545454545455 77.34545454545454; 13.636363636363637 81.16363636363636; 14.318181818181818 441.0220841611466; 15.0 88.8]
npts :	45
nout :	9
model :	(x,t) -> t[1]*x + t[2]
dim :	2
cluster :	false
noise :	false
solution :	[5.6, 4.8]
description :	type2: line model
