name :	line2d
data :	[-15.0 -259.1; -14.6 -252.78; -14.2 -349.39467117189463; -13.8 129.1877180731842; -13.4 -233.82000000000002; -13.0 -228.3566036123296; -12.6 -221.18; -12.2 -214.85999999999999; -11.8 -208.54000000000002; -11.4 -202.22; -11.0 -195.9; -10.6 -313.024328865842; -10.2 -183.26; -9.8 -176.94000000000003; -9.4 -170.62; -9.0 -164.3; -8.6 -157.98; -8.2 -151.66; -7.8 -145.34; -7.4 -139.02; -7.0 -132.70000000000002; -6.6 -431.03729531504433; -6.2 -54.242308170914384; -5.8 -113.74000000000001; -5.4 2.5291703666781586; -5.0 -101.1; -4.6 -94.78; -4.2 -88.46000000000001; -3.8 -82.14; -3.4 -194.5806116369154; -3.0 -69.5; -2.6 -63.18000000000001; -2.2 -56.86000000000001; -1.8 -50.540000000000006; -1.4 -44.22; -1.0 -251.2974461830958; -0.6 -48.42854368328933; -0.2 -80.1580192620547; 0.2 -18.94; 0.6 -12.620000000000001; 1.0 -6.300000000000001; 1.4 0.019999999999999574; 1.8 6.34; 2.2 12.660000000000004; 2.6 18.980000000000004; 3.0 25.300000000000004; 3.4 31.619999999999997; 3.8 37.94; 4.2 180.4996907937322; 4.6 50.57999999999999; 5.0 56.9; 5.4 63.220000000000006; 5.8 69.53999999999999; 6.2 75.86000000000001; 6.6 -39.712792088654965; 7.0 88.5; 7.4 94.82000000000002; 7.8 101.14000000000001; 8.2 107.46000000000001; 8.6 113.78; 9.0 120.10000000000002; 9.4 126.42000000000002; 9.8 132.74000000000004; 10.2 139.06; 10.6 145.38; 11.0 151.70000000000002; 11.4 158.02; 11.8 164.34000000000003; 12.2 308.84773759650943; 12.6 278.3339280931085; 13.0 183.3; 13.4 189.62000000000003; 13.8 195.94000000000003; 14.2 202.26; 14.6 208.58; 15.0 214.9]
npts :	76
nout :	15
model :	(x,t) -> t[1]*x + t[2]
dim :	2
cluster :	false
noise :	false
solution :	[15.8, -22.1]
description :	type2: line model
