name :	line2d
data :	[-15.0 181.5; -14.444444444444445 175.66666666666666; -13.88888888888889 -8.762180880079768; -13.333333333333334 218.55099342560572; -12.777777777777779 158.16666666666669; -12.222222222222221 152.33333333333331; -11.666666666666666 146.5; -11.11111111111111 140.66666666666666; -10.555555555555555 134.83333333333331; -10.0 129.0; -9.444444444444445 123.16666666666667; -8.88888888888889 93.05204744333844; -8.333333333333334 111.5; -7.777777777777778 105.66666666666667; -7.222222222222222 99.83333333333333; -6.666666666666667 94.0; -6.111111111111111 88.16666666666666; -5.555555555555555 82.33333333333333; -5.0 76.5; -4.444444444444445 70.66666666666667; -3.888888888888889 64.83333333333334; -3.3333333333333335 59.0; -2.7777777777777777 53.166666666666664; -2.2222222222222223 47.333333333333336; -1.6666666666666667 53.07040630785115; -1.1111111111111112 35.66666666666667; -0.5555555555555556 29.833333333333336; 0.0 -299.4478976252877; 0.5555555555555556 18.166666666666664; 1.1111111111111112 12.333333333333332; 1.6666666666666667 -41.3342617213099; 2.2222222222222223 0.6666666666666643; 2.7777777777777777 -5.166666666666664; 3.3333333333333335 -90.02941778241086; 3.888888888888889 -16.833333333333336; 4.444444444444445 -22.66666666666667; 5.0 -28.5; 5.555555555555555 -34.33333333333333; 6.111111111111111 -40.16666666666666; 6.666666666666667 -46.0; 7.222222222222222 -51.83333333333333; 7.777777777777778 356.5326614919446; 8.333333333333334 -139.1675722464903; 8.88888888888889 -69.33333333333334; 9.444444444444445 -75.16666666666667; 10.0 -81.0; 10.555555555555555 -86.83333333333333; 11.11111111111111 -92.66666666666666; 11.666666666666666 -98.5; 12.222222222222221 -27.247218892980683; 12.777777777777779 -110.16666666666669; 13.333333333333334 -116.0; 13.88888888888889 -121.83333333333334; 14.444444444444445 92.25851586399497; 15.0 -133.5]
npts :	55
nout :	11
model :	(x,t) -> t[1]*x + t[2]
dim :	2
cluster :	false
noise :	false
solution :	[-10.5, 24.0]
description :	type2: line model
