name :	line2d
data :	[-15.0 72.89434183328088; -13.636363636363637 157.67165329736213; -12.272727272727273 -60.02468567062789; -10.909090909090908 50.490909090909085; -9.545454545454545 47.35454545454545; -8.181818181818182 44.21818181818182; -6.818181818181818 41.08181818181818; -5.454545454545454 37.94545454545454; -4.090909090909091 34.809090909090905; -2.727272727272727 31.672727272727272; -1.3636363636363635 28.536363636363635; 0.0 25.4; 1.3636363636363635 22.263636363636362; 2.727272727272727 19.127272727272725; 4.090909090909091 15.99090909090909; 5.454545454545454 12.854545454545455; 6.818181818181818 9.718181818181817; 8.181818181818182 6.581818181818182; 9.545454545454545 3.4454545454545453; 10.909090909090908 0.3090909090909122; 12.272727272727273 81.32401060337799; 13.636363636363637 129.00422395526695; 15.0 -9.100000000000001]
npts :	23
nout :	5
model :	(x,t) -> t[1]*x + t[2]
dim :	2
cluster :	false
noise :	false
solution :	[-2.3, 25.4]
description :	type2: line model
