name :	line2d
data :	[-15.0 -156.0; -13.75 -143.125; -12.5 -130.25; -11.25 -209.74522116182493; -10.0 100.15421390732638; -8.75 -91.625; -7.5 -78.75; -6.25 -65.875; -5.0 -53.0; -3.75 -40.125; -2.5 -27.25; -1.25 -14.375; 0.0 96.72334436520906; 1.25 11.375; 2.5 24.25; 3.75 90.48068860734489; 5.0 50.0; 6.25 62.875; 7.5 75.75; 8.75 88.625; 10.0 101.5; 11.25 114.37500000000001; 12.5 425.11101466503726; 13.75 140.125; 15.0 153.0]
npts :	25
nout :	5
model :	(x,t) -> t[1]*x + t[2]
dim :	2
cluster :	false
noise :	false
solution :	[10.3, -1.5]
description :	type2: line model
