name :	line2d
data :	[-15.0 375.3; -14.210526315789474 354.5368421052632; -13.421052631578947 225.77698768204684; -12.631578947368421 313.0105263157895; -11.842105263157896 292.24736842105267; -11.052631578947368 271.4842105263158; -10.263157894736842 419.0271282679305; -9.473684210526315 84.11229775256399; -8.68421052631579 209.19473684210527; -7.894736842105263 284.87766765709966; -7.105263157894737 171.55085042333263; -6.315789473684211 441.7374107851301; -5.526315789473684 126.14210526315789; -4.7368421052631575 105.37894736842104; -3.9473684210526314 84.6157894736842; -3.1578947368421053 63.85263157894737; -2.3684210526315788 48.76532792035681; -1.5789473684210527 22.326315789473686; -0.7894736842105263 1.5631578947368432; 0.0 -19.2; 0.7894736842105263 -39.96315789473684; 1.5789473684210527 -60.72631578947369; 2.3684210526315788 -81.48947368421052; 3.1578947368421053 -102.25263157894737; 3.9473684210526314 -123.01578947368421; 4.7368421052631575 -143.77894736842103; 5.526315789473684 -164.54210526315788; 6.315789473684211 -185.30526315789473; 7.105263157894737 -206.06842105263158; 7.894736842105263 -226.8315789473684; 8.68421052631579 -247.59473684210525; 9.473684210526315 -268.35789473684207; 10.263157894736842 -277.25253691202465; 11.052631578947368 -309.88421052631577; 11.842105263157896 -330.64736842105265; 12.631578947368421 -351.41052631578947; 13.421052631578947 -372.1736842105263; 14.210526315789474 -392.93684210526317; 15.0 -413.7]
npts :	39
nout :	8
model :	(x,t) -> t[1]*x + t[2]
dim :	2
cluster :	false
noise :	false
solution :	[-26.3, -19.2]
description :	type2: line model
