name :	line2d
data :	[-15.0 -241.11984284758267; -14.285714285714286 148.12857142857143; -13.571428571428571 142.05714285714285; -12.857142857142858 135.9857142857143; -12.142857142857142 129.9142857142857; -11.428571428571429 123.84285714285714; -10.714285714285714 117.77142857142857; -10.0 111.7; -9.285714285714286 412.6347771541151; -8.571428571428571 99.55714285714286; -7.857142857142857 93.48571428571428; -7.142857142857143 87.41428571428571; -6.428571428571429 81.34285714285714; -5.714285714285714 75.27142857142857; -5.0 69.2; -4.285714285714286 63.12857142857143; -3.5714285714285716 356.1187884305921; -2.857142857142857 50.98571428571428; -2.142857142857143 44.91428571428571; -1.4285714285714286 38.84285714285714; -0.7142857142857143 32.77142857142857; 0.0 26.7; 0.7142857142857143 20.628571428571426; 1.4285714285714286 14.557142857142857; 2.142857142857143 -389.5445072205231; 2.857142857142857 -92.43965224069491; 3.5714285714285716 -70.2403078987503; 4.285714285714286 -69.2416582935187; 5.0 -15.8; 5.714285714285714 -21.87142857142857; 6.428571428571429 -27.942857142857147; 7.142857142857143 -34.01428571428572; 7.857142857142857 -40.085714285714275; 8.571428571428571 -46.15714285714286; 9.285714285714286 -52.22857142857143; 10.0 -58.3; 10.714285714285714 -64.37142857142857; 11.428571428571429 -235.10925835984767; 12.142857142857142 -76.5142857142857; 12.857142857142858 -82.58571428571429; 13.571428571428571 44.60932396902409; 14.285714285714286 -94.72857142857143; 15.0 -100.8]
npts :	43
nout :	9
model :	(x,t) -> t[1]*x + t[2]
dim :	2
cluster :	false
noise :	false
solution :	[-8.5, 26.7]
description :	type2: line model
