name :	line2d
data :	[-15.0 -431.8412703517955; -14.090909090909092 -342.8545454545455; -13.181818181818182 -322.3090909090909; -12.272727272727273 -461.75823311582144; -11.363636363636363 -281.2181818181818; -10.454545454545455 -260.6727272727273; -9.545454545454545 -240.12727272727273; -8.636363636363637 -219.58181818181822; -7.7272727272727275 -199.03636363636366; -6.818181818181818 -178.4909090909091; -5.909090909090909 -157.94545454545457; -5.0 -137.4; -4.090909090909091 96.3813905011032; -3.1818181818181817 -96.30909090909091; -2.272727272727273 -263.8075402729147; -1.3636363636363635 -55.21818181818182; -0.45454545454545453 -34.67272727272727; 0.45454545454545453 -14.127272727272725; 1.3636363636363635 6.418181818181818; 2.272727272727273 26.963636363636375; 3.1818181818181817 -164.5193724828903; 4.090909090909091 68.05454545454546; 5.0 -51.70288919017969; 5.909090909090909 109.14545454545456; 6.818181818181818 129.6909090909091; 7.7272727272727275 150.23636363636365; 8.636363636363637 170.7818181818182; 9.545454545454545 191.3272727272727; 10.454545454545455 211.8727272727273; 11.363636363636363 232.4181818181818; 12.272727272727273 252.96363636363637; 13.181818181818182 146.9245093045294; 14.090909090909092 294.0545454545455; 15.0 314.6]
npts :	34
nout :	7
model :	(x,t) -> t[1]*x + t[2]
dim :	2
cluster :	false
noise :	false
solution :	[22.6, -24.4]
description :	type2: line model
