name :	line2d
data :	[-15.0 -362.9; -14.18918918918919 -344.57567567567565; -13.378378378378379 -326.2513513513514; -12.567567567567568 -139.64168159255942; -11.756756756756756 -171.05523499971042; -10.945945945945946 -47.888011594727374; -10.135135135135135 -434.2435721921847; -9.324324324324325 -234.62972972972975; -8.513513513513514 -216.30540540540542; -7.702702702702703 -197.9810810810811; -6.891891891891892 -148.0599609224881; -6.081081081081081 -161.33243243243243; -5.27027027027027 -143.0081081081081; -4.45945945945946 -124.68378378378378; -3.6486486486486487 -106.35945945945946; -2.8378378378378377 -88.03513513513514; -2.027027027027027 -69.71081081081081; -1.2162162162162162 -177.79675120933007; -0.40540540540540543 -33.06216216216216; 0.40540540540540543 -14.737837837837835; 1.2162162162162162 3.586486486486489; 2.027027027027027 641.0675664685555; 2.8378378378378377 -23.12555412953752; 3.6486486486486487 58.55945945945947; 4.45945945945946 76.8837837837838; 5.27027027027027 95.20810810810812; 6.081081081081081 113.53243243243242; 6.891891891891892 131.85675675675677; 7.702702702702703 150.1810810810811; 8.513513513513514 168.5054054054054; 9.324324324324325 186.82972972972973; 10.135135135135135 205.15405405405406; 10.945945945945946 223.47837837837838; 11.756756756756756 241.8027027027027; 12.567567567567568 260.1270270270271; 13.378378378378379 278.45135135135143; 14.18918918918919 296.7756756756757; 15.0 315.1]
npts :	38
nout :	8
model :	(x,t) -> t[1]*x + t[2]
dim :	2
cluster :	false
noise :	false
solution :	[22.6, -23.9]
description :	type2: line model
