name :	line2d
data :	[-15.0 -450.0; -14.090909090909092 -424.0909090909091; -13.181818181818182 -398.1818181818182; -12.272727272727273 -331.7094053940037; -11.363636363636363 -346.3636363636364; -10.454545454545455 -71.39824786915628; -9.545454545454545 -294.5454545454545; -8.636363636363637 -268.6363636363636; -7.7272727272727275 -242.72727272727275; -6.818181818181818 -216.8181818181818; -5.909090909090909 -190.9090909090909; -5.0 -74.7805978756899; -4.090909090909091 -139.0909090909091; -3.1818181818181817 -297.47488995274443; -2.272727272727273 -87.27272727272728; -1.3636363636363635 79.43986815892681; -0.45454545454545453 -285.155858024304; 0.45454545454545453 -9.545454545454547; 1.3636363636363635 16.36363636363636; 2.272727272727273 42.27272727272728; 3.1818181818181817 68.18181818181817; 4.090909090909091 94.0909090909091; 5.0 120.0; 5.909090909090909 145.9090909090909; 6.818181818181818 171.8181818181818; 7.7272727272727275 197.72727272727275; 8.636363636363637 250.49629237566157; 9.545454545454545 249.5454545454545; 10.454545454545455 275.4545454545455; 11.363636363636363 301.3636363636364; 12.272727272727273 327.2727272727273; 13.181818181818182 353.1818181818182; 14.090909090909092 379.0909090909091; 15.0 405.0]
npts :	34
nout :	7
model :	(x,t) -> t[1]*x + t[2]
dim :	2
cluster :	false
noise :	false
solution :	[28.5, -22.5]
description :	type2: line model
