name :	line2d
data :	[-15.0 -463.395759138793; -13.928571428571429 -343.172171849647; -12.857142857142858 -326.70000000000005; -11.785714285714286 -429.78264029650524; -10.714285714285714 -269.7; -9.642857142857142 -241.2; -8.571428571428571 -576.3175777933457; -7.5 -184.2; -6.428571428571429 -155.70000000000002; -5.357142857142857 -127.2; -4.285714285714286 -98.7; -3.2142857142857144 -70.20000000000002; -2.142857142857143 -41.7; -1.0714285714285714 -13.2; 0.0 -20.195076507342574; 1.0714285714285714 43.8; 2.142857142857143 72.3; 3.2142857142857144 100.80000000000001; 4.285714285714286 129.3; 5.357142857142857 157.8; 6.428571428571429 -35.68586483696069; 7.5 214.8; 8.571428571428571 243.3; 9.642857142857142 271.8; 10.714285714285714 300.3; 11.785714285714286 328.80000000000007; 12.857142857142858 357.30000000000007; 13.928571428571429 385.8; 15.0 414.3]
npts :	29
nout :	6
model :	(x,t) -> t[1]*x + t[2]
dim :	2
cluster :	false
noise :	false
solution :	[26.6, 15.3]
description :	type2: line model
