name :	line2d
data :	[-15.0 344.9; -14.5 333.35; -14.0 321.8; -13.5 310.25; -13.0 298.7; -12.5 287.15; -12.0 354.1451348571694; -11.5 264.05; -11.0 252.50000000000003; -10.5 240.95000000000002; -10.0 229.4; -9.5 302.9503402695507; -9.0 206.3; -8.5 194.75000000000003; -8.0 287.6348895143949; -7.5 171.65; -7.0 160.10000000000002; -6.5 148.55; -6.0 137.00000000000003; -5.5 125.45000000000002; -5.0 113.9; -4.5 102.35000000000001; -4.0 90.80000000000001; -3.5 79.25000000000001; -3.0 67.70000000000002; -2.5 56.15; -2.0 -3.353047345474671; -1.5 33.050000000000004; -1.0 21.5; -0.5 9.950000000000001; 0.0 -475.5376560829857; 0.5 -13.15; 1.0 -8.668875758161217; 1.5 -36.25000000000001; 2.0 -47.800000000000004; 2.5 -59.35; 3.0 -70.9; 3.5 -82.45; 4.0 -94.0; 4.5 -105.55; 5.0 -338.82633672786767; 5.5 -128.65; 6.0 -140.20000000000002; 6.5 120.18840204472355; 7.0 -163.3; 7.5 -456.79638011251916; 8.0 -186.4; 8.5 -197.95000000000002; 9.0 -209.5; 9.5 -221.05; 10.0 -145.13311978422593; 10.5 -244.15; 11.0 -255.70000000000002; 11.5 -233.90716591738087; 12.0 -278.80000000000007; 12.5 -290.35; 13.0 -301.90000000000003; 13.5 -313.45000000000005; 14.0 -294.8672997935094; 14.5 -336.55000000000007; 15.0 -348.1]
npts :	61
nout :	12
model :	(x,t) -> t[1]*x + t[2]
dim :	2
cluster :	false
noise :	false
solution :	[-23.1, -1.6]
description :	type2: line model
