name :	line2d
data :	[-15.0 251.6; -14.482758620689655 84.28734156686187; -13.96551724137931 232.66896551724136; -13.448275862068966 223.2034482758621; -12.931034482758621 213.73793103448276; -12.413793103448276 343.8498208705292; -11.89655172413793 259.42135629237464; -11.379310344827585 185.34137931034482; -10.862068965517242 75.45752048403519; -10.344827586206897 166.41034482758621; -9.827586206896552 156.94482758620688; -9.310344827586206 147.47931034482758; -8.793103448275861 138.01379310344825; -8.275862068965518 128.54827586206898; -7.758620689655173 351.38011847941505; -7.241379310344827 109.61724137931034; -6.724137931034483 100.15172413793104; -6.206896551724138 90.68620689655174; -5.689655172413793 81.22068965517241; -5.172413793103448 71.7551724137931; -4.655172413793103 421.4024348416536; -4.137931034482759 52.82413793103449; -3.6206896551724137 43.358620689655176; -3.103448275862069 158.99168429001247; -2.586206896551724 87.66112082445417; -2.0689655172413794 14.962068965517247; -1.5517241379310345 5.496551724137934; -1.0344827586206897 -3.968965517241376; -0.5172413793103449 -13.434482758620687; 0.0 220.37483001670455; 0.5172413793103449 -32.36551724137931; 1.0344827586206897 174.10334059711812; 1.5517241379310345 164.292050537144; 2.0689655172413794 -60.762068965517244; 2.586206896551724 -70.22758620689655; 3.103448275862069 -79.69310344827586; 3.6206896551724137 -89.15862068965518; 4.137931034482759 -98.62413793103448; 4.655172413793103 -108.08965517241379; 5.172413793103448 -117.55517241379312; 5.689655172413793 -127.02068965517242; 6.206896551724138 -136.48620689655172; 6.724137931034483 -145.95172413793105; 7.241379310344827 -155.41724137931035; 7.758620689655173 -164.88275862068966; 8.275862068965518 -174.348275862069; 8.793103448275861 -183.81379310344826; 9.310344827586206 -748.1639242460601; 9.827586206896552 -202.7448275862069; 10.344827586206897 -212.21034482758623; 10.862068965517242 -221.67586206896553; 11.379310344827585 -231.14137931034483; 11.89655172413793 -240.60689655172413; 12.413793103448276 -250.07241379310346; 12.931034482758621 -259.53793103448277; 13.448275862068966 -269.00344827586207; 13.96551724137931 -278.4689655172414; 14.482758620689655 -287.9344827586207; 15.0 -297.4]
npts :	59
nout :	12
model :	(x,t) -> t[1]*x + t[2]
dim :	2
cluster :	false
noise :	false
solution :	[-18.3, -22.9]
description :	type2: line model
