name :	line2d
data :	[-15.0 290.69156494454484; -13.88888888888889 366.81111111111113; -12.777777777777779 338.9222222222223; -11.666666666666666 311.0333333333333; -10.555555555555555 283.14444444444445; -9.444444444444445 255.25555555555556; -8.333333333333334 227.36666666666667; -7.222222222222222 83.21557158824537; -6.111111111111111 171.58888888888887; -5.0 143.7; -3.888888888888889 115.81111111111112; -2.7777777777777777 643.8178604511313; -1.6666666666666667 60.03333333333333; -0.5555555555555556 32.144444444444446; 0.5555555555555556 4.255555555555553; 1.6666666666666667 -23.633333333333336; 2.7777777777777777 81.5913686350447; 3.888888888888889 -79.41111111111111; 5.0 -107.3; 6.111111111111111 -245.0196851495453; 7.222222222222222 -163.0777777777778; 8.333333333333334 -190.9666666666667; 9.444444444444445 -218.85555555555558; 10.555555555555555 -246.74444444444447; 11.666666666666666 -274.6333333333333; 12.777777777777779 -302.5222222222223; 13.88888888888889 -330.41111111111115; 15.0 -350.5651960580832]
npts :	28
nout :	6
model :	(x,t) -> t[1]*x + t[2]
dim :	2
cluster :	false
noise :	false
solution :	[-25.1, 18.2]
description :	type2: line model
