name :	sphere3D
data :	[-39.8 4.5 69.3 0.0; -49.382241656929324 49.03308356760922 102.1398843347407 0.0; -11.162709136856499 -37.204863898941895 74.32200125061675 0.0; 6.17905516676559 10.583578608145844 20.23371719952228 0.0; -27.08452711740997 17.876669875344604 65.5072255838268 0.0; -27.78609965542466 23.774520266957342 63.41942163556644 0.0; -50.43467165174895 -3.0488662208956683 74.29172904850054 0.0; -35.18384047032282 34.63269791266222 58.00988014202262 0.0; -41.5180351254614 38.37676597738237 54.74365181274213 0.0; -49.07622523469048 40.326892783528706 51.146559983230624 0.0; -86.21093689087125 45.93770000902126 63.73551568330184 0.0; -65.51901159603 37.72622377175701 43.11044629289728 0.0; -73.09946581546897 33.08665373435201 38.75388583313759 0.0; -79.41315580263057 26.487095161225128 34.23053850970812 0.0; -83.93878501523315 18.34863314005574 29.586819987214188 0.0; -88.52012505708043 8.108600544432985 75.65038110165177 0.0; -86.30012505708044 -0.22860054443296463 20.129618898348248 0.0; -128.25878501523317 -0.9686331400557169 16.293180012785825 0.0; -52.63315580263057 -39.607095161225104 22.24946149029189 0.0; -89.71946581546898 25.593346265647998 -25.373885833137575 0.0; -65.51901159602998 -28.726223771757013 1.88955370710271 0.0; -46.71093689087124 15.622299990978753 14.22448431669816 0.0; -49.07622523469048 -31.326892783528706 -6.146559983230624 0.0; -41.5180351254614 -29.376765977382362 -9.74365181274213 0.0; -35.18384047032282 -25.632697912662227 -13.009880142022617 0.0; -30.514671651748955 -20.571133779104322 -15.911729048500526 0.0; -27.78609965542466 -14.774520266957342 -18.419421635566437 0.0; -27.08452711740997 -8.876669875344604 -20.507225583826788 0.0; -28.300944833234425 -3.503578608145837 -22.153717199522283 0.0; -31.142709136856503 0.7848638989418917 -23.34200125061674 0.0; -35.16224165692933 3.5469164323907947 -24.059884334740687 0.0; -39.79999999999999 4.5 -24.299999999999997 0.0]
npts :	32
nout :	10
model :	(x,t) -> (x[1]-t[1])^2 + (x[2]-t[2])^2 +(x[3]-t[3])^2 - t[4]^2
dim :	4
cluster :	false
noise :	false
solution :	[-39.8, 4.5, 22.5, 46.8]
description :	[[-39.8, 4.5, 22.5, 46.8], [-39.8, 4.5, 22.5, 46.8]]
