name :	sphere3D
data :	[-13.624999999999993 -8.424999999999994 72.47500000000001 0.0; 1.0583538599069064 4.1433453570575445 76.48700826887121 0.0; 3.9917048883695614 6.560256732508321 75.85091342326444 0.0; 5.753082852225626 10.225158777378056 74.80031755475612 0.0; 5.942135021784997 14.639755286839591 73.3494281701875 0.0; 4.355955705327083 19.1938918280079 71.5178660595075 0.0; 1.0159952570419155 23.240199979123904 69.33039995824781 0.0; -3.8322300022125213 26.173505775556457 66.81661159286512 0.0; -9.746623028512655 27.50540659669694 64.01049563863776 0.0; -16.139900109604902 26.925 60.95 0.0; -16.07372094074359 -3.986584907505211 23.85151263023345 0.0; -27.71223967153194 19.882350894323583 54.234301830399346 0.0; -31.650622219547184 13.909958798254156 50.66991759650831 0.0; -25.159075602714744 34.32573985359416 18.40656211068 0.0; -33.73407560271475 -0.35073985359414417 43.36843788932001 0.0; -31.650622219547188 -7.30995879825415 39.7300824034917 0.0; -30.83723967153194 15.59264910567644 37.14069816960067 0.0; -43.27372094074359 -30.16341509249477 1.8984873697665705 0.0; -27.164900109604915 -45.44999999999999 55.725000000000016 0.0; -9.74662302851267 -20.905406596696942 26.389504361362246 0.0; -3.8322300022125324 -19.57350577555646 23.583388407134898 0.0; 1.0159952570419075 -16.64019997912391 21.0696000417522 0.0; 4.355955705327078 -12.593891828007912 18.882133940492512 0.0; 13.417135021785004 23.93524471316041 -5.774428170187477 0.0; -17.87191714777437 -10.850158777378057 28.1746824452439 0.0; 3.991704888369566 0.03974326749167423 14.549086576735554 0.0; 1.05835385990691 2.456654642942453 13.912991731128798 0.0; -2.499999999999996 3.3 13.700000000000003 0.0]
npts :	28
nout :	8
model :	(x,t) -> (x[1]-t[1])^2 + (x[2]-t[2])^2 +(x[3]-t[3])^2 - t[4]^2
dim :	4
cluster :	false
noise :	false
solution :	[-2.5, 3.3, 45.2, 31.5]
description :	[[-2.5, 3.3, 45.2, 31.5], [-2.5, 3.3, 45.2, 31.5]]
