name :	sphere3D
data :	[-46.8 7.5 -10.299999999999999 0.0; -41.34395273502121 3.0326989550012193 -15.183469543298386 0.0; -47.6533300491431 14.335240789271323 -0.9134845062780137 0.0; -44.52471831593842 8.962234750412218 -10.688867453300825 0.0; -51.957746209467885 19.822174016068093 -4.427667843045703 0.0; -44.24834438326309 11.083298929831864 -11.367179692912734 0.0; -44.64393300275839 12.221128181301438 -11.82396608482066 0.0; -45.400929556157216 13.267046917174433 -12.353890290469238 0.0; -56.6247812982137 13.577254905841706 -16.892153234191326 0.0; -47.83252203311357 14.681348480527038 -13.613336954125263 0.0; -49.35764829700275 14.889839439291338 -14.331453668116495 0.0; -53.0969219381653 11.66 -11.839999999999998 0.0; -52.518549850540545 14.09955833575864 -15.91201587518189 0.0; -53.93107985361727 13.107943181513296 -16.76014755215275 0.0; -55.092293484853435 11.774974413382619 -17.636714219109496 0.0; -55.917376498730164 10.177103286120824 -18.53377755257646 0.0; -56.34570614910691 8.411504419665734 -19.443213608092073 0.0; -53.08570614910691 -0.8515044196657318 -23.696786391907924 0.0; -52.95737649873016 14.682896713879177 -12.106222447423534 0.0; -55.092293484853435 3.2250255866173827 -22.1632857808905 0.0; -53.93107985361728 1.892056818486707 -23.039852447847245 0.0; -52.51854985054055 0.9004416642413586 -23.887984124818107 0.0; -60.49692193816531 -6.939999999999999 -29.939999999999998 0.0; -49.35764829700275 0.1101605607086622 -25.4685463318835 0.0; -47.83252203311357 0.31865151947296333 -26.186663045874734 0.0; -46.4847812982137 0.8827450941582962 -26.847846765808672 0.0; -54.24092955615721 7.892953082825563 -26.686109709530754 0.0; -44.64393300275839 2.7788718186985593 -27.976033915179336 0.0; -44.24834438326309 3.9167010701681346 -28.432820307087262 0.0; -44.21774620946788 5.037825983931906 -28.812332156954295 0.0; -44.52471831593842 6.037765249587782 -29.111132546699174 0.0; -45.113330049143094 6.824759210728676 -29.32651549372198 0.0; -45.90395273502121 7.327301044998781 -29.45653045670161 0.0; -37.339999999999996 15.86 -18.54 0.0]
npts :	34
nout :	10
model :	(x,t) -> (x[1]-t[1])^2 + (x[2]-t[2])^2 +(x[3]-t[3])^2 - t[4]^2
dim :	4
cluster :	false
noise :	false
solution :	[-46.8, 7.5, -19.9, 9.6]
description :	[[-46.8, 7.5, -19.9, 9.6], [-46.8, 7.5, -19.9, 9.6]]
