name :	sphere3D
data :	[-0.9 16.5 54.5 0.0; 2.7368745980917377 17.24739672930038 54.31170416848255 0.0; -14.516056096637476 32.608365275829755 79.74374884396656 0.0; 8.11742146624565 22.77631057519128 52.816910709881796 0.0; 9.071321683569531 26.98982445352878 51.52575168646247 0.0; 1.116156894143482 32.109848158062704 23.98352081250617 0.0; 6.3814433842054115 36.160483113101044 47.922018292307044 0.0; 2.7199370670759038 40.12970114091247 45.64642310282543 0.0; -2.247262587701572 43.06575451645156 43.0850859300777 0.0; -8.17430483147737 44.59502062298084 40.26428955949923 0.0; -14.616183416559302 44.46234167374104 37.21297917899952 0.0; -21.068541144750025 42.55560710306587 33.962465362165176 0.0; -27.013042637344263 38.91731179595554 30.546102779404904 0.0; -31.964162776849204 33.74201693198637 26.998947933895046 0.0; -54.81810705254395 -4.845067601708422 -1.2476005655820366 0.0; -37.36484165800966 20.208111965399365 19.65882449638076 0.0; -37.36484165800966 12.791888034600644 15.941175503619247 0.0; -52.11810705254396 -15.364932398291565 4.93760056558204 0.0; -31.964162776849204 -0.7420169319863632 8.60105206610496 0.0; -3.5180426373442693 25.077688204044467 23.4488972205951 0.0; -20.473541144750016 -10.660607103065864 7.432534637834818 0.0; -14.616183416559299 -11.462341673741037 -1.6129791789995238 0.0; -8.174304831477372 -11.595020622980844 -4.664289559499231 0.0; -2.2472625877015724 -10.065754516451559 -7.485085930077702 0.0; 2.719937067075903 -7.129701140912477 -10.046423102825429 0.0; 6.3814433842054115 -3.1604831131010442 -12.322018292307042 0.0; 29.416156894143484 41.98015184193729 26.30647918749383 0.0; 9.071321683569531 6.010175546471219 -15.925751686462466 0.0; 30.612421466245657 50.91868942480871 9.57808929011821 0.0; 34.88394390336253 42.98163472417024 -37.35374884396654 0.0; 22.13187459809174 54.747603270699614 -11.316704168482552 0.0; -0.8999999999999956 16.5 -18.900000000000002 0.0]
npts :	32
nout :	10
model :	(x,t) -> (x[1]-t[1])^2 + (x[2]-t[2])^2 +(x[3]-t[3])^2 - t[4]^2
dim :	4
cluster :	false
noise :	false
solution :	[-0.9, 16.5, 17.8, 36.7]
description :	[[-0.9, 16.5, 17.8, 36.7], [-0.9, 16.5, 17.8, 36.7]]
