name :	sphere3D
data :	[23.3 -37.1 38.400000000000006 0.0; 26.911220950275855 -36.305110159886375 38.1995181346791 0.0; 31.642484552204877 -52.14297992092402 0.5704230052849653 0.0; 31.993425703157573 -30.491429590470815 36.60973845445185 0.0; 18.36660123539819 -8.98519491247631 0.5090793527467383 0.0; 31.558950419127147 -21.521966950723584 33.504515424931554 0.0; 28.837022829053748 -17.157446120120955 31.426382847133016 0.0; 24.57331039628905 -13.615171618345212 29.029045823771074 0.0; 19.082999815044488 -11.37743681776497 26.340610939538507 0.0; 12.822512659125685 -10.803489679660778 23.39259763539348 0.0; 6.343108824923604 -12.09045659669404 20.219568671932823 0.0; -23.29560554554766 -24.181097867314097 16.92872491262507 0.0; -4.936365618472255 -20.110742499264788 13.349469177699351 0.0; -8.682789495487086 -26.323743522981303 9.732944282104558 0.0; -10.649654912314315 -33.40775252213708 6.051550673621282 0.0; -10.649654912314315 -40.792247477862915 2.348449326378722 0.0; 16.98721050451291 -54.806256477018685 -9.262944282104554 0.0; -4.936365618472259 -54.08925750073521 -4.9494691776993465 0.0; 0.23439445445233176 -58.9489021326859 -8.458724912625069 0.0; 9.4131088249236 -28.33954340330596 -44.94956867193282 0.0; 43.39251265912568 -98.82651032033922 -45.72259763539348 0.0; -5.047000184955511 -45.05256318223503 -7.5706109395385095 0.0; 24.57331039628905 -60.58482838165479 -20.629045823771076 0.0; 28.83702282905375 -57.042553879879044 -23.026382847133018 0.0; 31.55895041912715 -52.678033049276415 -25.104515424931556 0.0; 19.966601235398187 -21.174805087523705 -59.069079352746726 0.0; 31.993425703157577 -43.708570409529194 -28.20973845445184 0.0; 3.2424845522048784 -32.01702007907598 5.369576994715036 0.0; 26.911220950275858 -37.894889840113635 -29.7995181346791 0.0; 23.300000000000004 -37.1 -30.000000000000004 0.0]
npts :	30
nout :	9
model :	(x,t) -> (x[1]-t[1])^2 + (x[2]-t[2])^2 +(x[3]-t[3])^2 - t[4]^2
dim :	4
cluster :	false
noise :	false
solution :	[23.3, -37.1, 4.2, 34.2]
description :	[[23.3, -37.1, 4.2, 34.2], [23.3, -37.1, 4.2, 34.2]]
