name :	sphere3D
data :	[-9.204999999999998 13.594999999999999 33.19499999999999 0.0; 23.37231660965024 -4.95131893974641 52.95710636511144 0.0; 26.476621328676877 -1.2025258897143 51.93608513763452 0.0; 27.30502805653648 4.114175786072708 50.25974424460426 0.0; 25.318180560714396 9.798461521979949 47.965530371501046 0.0; 20.56046173110065 14.52291469111939 45.104692465175674 0.0; 13.659002139570262 17.10044058083369 41.74113691706312 0.0; 5.706510051908873 16.724999999999998 37.95 0.0; -32.65402743714305 7.732856846326293 33.51096944804833 0.0; -7.966256707875246 6.68626479476099 29.431392672458855 0.0; -11.272221738722106 -1.7371967272189526 24.89421387310323 0.0; -11.272221738722106 -10.86280327278104 20.305786126896777 0.0; -7.9662567078752495 -19.28626479476098 15.768607327541151 0.0; -1.9490274371430623 -25.73785684632629 11.384030551951678 0.0; -9.798489948091147 -19.629999999999995 29.445000000000007 0.0; 13.659002139570255 -29.700440580833696 3.458863082936883 0.0; 20.56046173110065 -27.12291469111939 0.09530753482433241 0.0; 29.713180560714388 6.096538478020044 -1.9705303715010363 0.0; 54.700028056536475 -45.21917578607271 -27.26474424460426 0.0; 56.67162132867688 23.597525889714298 -15.841085137634522 0.0; 23.372316609650248 -7.648681060253594 -7.757106365111444 0.0; 20.995000000000005 -11.805 11.395000000000003 0.0]
npts :	22
nout :	7
model :	(x,t) -> (x[1]-t[1])^2 + (x[2]-t[2])^2 +(x[3]-t[3])^2 - t[4]^2
dim :	4
cluster :	false
noise :	false
solution :	[19.0, -6.3, 22.6, 30.7]
description :	[[19.0, -6.3, 22.6, 30.7], [19.0, -6.3, 22.6, 30.7]]
