name :	sphere3D
data :	[15.8 48.6 -8.100000000000001 0.0; 18.354280654466752 49.18299789114304 -8.247134288498124 0.0; 20.491335754458305 50.859228227651386 -8.686686854945329 0.0; 21.84240810609547 53.418659669378464 -9.413130070784199 0.0; 22.130216824851907 56.537840827169425 -10.417328491083392 0.0; -4.208342439478493 60.406657501379634 6.803346261941858 0.0; 45.236505072711125 84.81386809255139 10.184856689751904 0.0; 15.800000000000002 65.14629867976521 -14.953701320234789 0.0; 11.729011402799483 66.43616643620548 -16.910338636505635 0.0; -3.106688760562214 87.44120815098039 -2.3604494095411184 0.0; 9.14516931825282 43.773096320202775 -9.657120504649136 0.0; -1.4682102598373312 62.37093815584638 -23.771469950249088 0.0; -4.754084917403283 58.498325609036065 -26.293010145422244 0.0; -6.869867820358838 53.77424939528416 -28.880031259182594 0.0; -7.599999999999998 48.6 -31.5 0.0; -6.869867820358838 43.425750604715844 -34.1199687408174 0.0; -4.754084917403286 38.701674390963944 -36.706989854577756 0.0; -26.678210259837336 33.41906184415363 -19.038530049750904 0.0; 12.245169318252819 45.70690367979724 -59.16287949535086 0.0; 12.093311239437778 44.63879184901963 -60.05955059045887 0.0; 11.729011402799479 30.763833563794513 -46.089661363494365 0.0; 23.090000000000003 12.343701320234796 -40.456298679765204 0.0; 19.04650507271112 34.376131907448624 -49.794856689751896 0.0; 21.2016575605215 37.38334249862037 -51.313346261941845 0.0; 22.130216824851907 40.66215917283057 -52.582671508916604 0.0; 21.84240810609547 43.78134033062153 -53.5868699292158 0.0; 20.491335754458305 46.34077177234861 -54.31331314505467 0.0; 26.94428065446676 25.907002108856968 -46.96286571150187 0.0; 15.800000000000004 48.6 -54.9 0.0]
npts :	29
nout :	9
model :	(x,t) -> (x[1]-t[1])^2 + (x[2]-t[2])^2 +(x[3]-t[3])^2 - t[4]^2
dim :	4
cluster :	false
noise :	false
solution :	[15.8, 48.6, -31.5, 23.4]
description :	[[15.8, 48.6, -31.5, 23.4], [15.8, 48.6, -31.5, 23.4]]
