name :	sphere3D
data :	[21.6 7.3 6.700000000000003 0.0; 25.496915357455688 8.189445500590018 6.475525893188767 0.0; 5.402294292058183 47.59177127039122 20.0499264648911 0.0; 47.66354570032514 20.7965448802056 12.941634892008723 0.0; 31.25763848919714 19.41029562093797 3.164588584116366 0.0; 29.840990380795624 24.41259285466892 1.2280539124497487 0.0; 26.55300132887979 29.000516705302744 -1.0886160758913341 0.0; -3.754999999999999 -3.5112879116402524 -21.51128791164025 0.0; 15.389132781194084 34.51158725523658 -6.7414140736432095 0.0; -6.870461057780824 46.37953551239314 24.63854513159752 0.0; 0.6907070368216073 21.392287975693968 -50.76535051350317 0.0; -4.745090011803114 28.30950821212461 -17.20903748820053 0.0; -9.758155194499878 22.401291634298612 -21.056002657759574 0.0; -12.986080392598744 15.194047154343782 -25.00286820311191 0.0; -14.100000000000001 7.300000000000004 -28.999999999999996 0.0; -12.986080392598744 -0.594047154343774 -32.99713179688809 0.0; -35.71315519449988 -7.456291634298603 2.1010026577595795 0.0; -4.745090011803121 -13.7095082121246 -40.790962511799464 0.0; -26.2092929631784 12.897712024306038 -22.044649486496823 0.0; 8.484538942219167 -19.934535512393136 -47.993545131597514 0.0; 35.23413278119408 -26.26658725523658 -23.213585926356785 0.0; 21.599999999999998 -17.94371208835975 -54.24371208835974 0.0; 65.49800132887978 9.144483294697256 -34.266383924108666 0.0; 29.840990380795624 -9.812592854668928 -59.228053912449745 0.0; 31.25763848919714 -4.810295620937976 -61.16458858411636 0.0; 30.818545700325146 -0.051544880205608656 -62.696634892008724 0.0; 28.757294292058184 3.853228729608777 -63.8049264648911 0.0; 25.49691535745569 6.410554499409979 -64.47552589318877 0.0; 21.600000000000005 7.3 -64.7 0.0]
npts :	29
nout :	9
model :	(x,t) -> (x[1]-t[1])^2 + (x[2]-t[2])^2 +(x[3]-t[3])^2 - t[4]^2
dim :	4
cluster :	false
noise :	false
solution :	[21.6, 7.3, -29.0, 35.7]
description :	[[21.6, 7.3, -29.0, 35.7], [21.6, 7.3, -29.0, 35.7]]
