name :	sphere3D
data :	[-34.149999999999984 47.95 55.850000000000016 0.0; -37.39106685881887 21.67689406226096 68.89738718013078 0.0; -32.84078306871467 27.17186758836666 67.40077626037633 0.0; -46.17650610605401 42.015078513787365 39.39359905560887 0.0; 1.4111767176595507 70.84709343612698 30.43074484421978 0.0; -41.51267824431501 50.22218765799259 57.387334232342184 0.0; -51.62882422538561 54.00032006962593 52.457041083643006 0.0; -63.28557158514985 53.45 46.900000000000006 0.0; -74.50704347463966 48.191972576048315 40.84034609648778 0.0; -83.3270863796217 38.735241555838584 34.41344202803415 0.0; -88.17296346066757 26.38814811971163 27.762854211389097 0.0; -88.17296346066757 13.01185188028838 21.037145788610907 0.0; -83.3270863796217 0.6647584441614249 14.386557971965853 0.0; -74.50704347463966 -8.791972576048313 7.95965390351223 0.0; -63.28557158514988 -14.05 1.9000000000000092 0.0; -51.628824225385614 -14.60032006962594 -3.6570410836430085 0.0; -41.51267824431501 -10.822187657992593 -8.587334232342187 0.0; -27.988823282340462 22.952906563873047 -0.8307448442197511 0.0; -31.626506106054023 4.434921486212639 -16.14359905560886 0.0; 15.509216931285344 -16.12186758836665 13.949223739623683 0.0; -7.541066858818837 -29.42689406226096 -46.74738718013078 0.0; -45.44999999999998 56.85000000000001 -18.249999999999993 0.0]
npts :	22
nout :	7
model :	(x,t) -> (x[1]-t[1])^2 + (x[2]-t[2])^2 +(x[3]-t[3])^2 - t[4]^2
dim :	4
cluster :	false
noise :	false
solution :	[-43.8, 19.7, 24.4, 45.0]
description :	[[-43.8, 19.7, 24.4, 45.0], [-43.8, 19.7, 24.4, 45.0]]
