name :	sphere3D
data :	[-20.1 23.2 -8.5 0.0; -16.810185941230547 23.797013231033542 -8.650158833977585 0.0; -13.864514564374426 25.54021682668964 -9.099426345271112 0.0; -11.58146295943764 28.289588948372636 -9.844185296044671 0.0; -34.925033799988874 17.928129782309675 -37.0734393251378 0.0; -10.00952617235145 35.853053968094855 -12.193861227239765 0.0; -11.034350832624634 40.0467990867119 -13.779859998650394 0.0; -23.419990926350003 37.25633389018554 -12.518666109814454 0.0; -16.805766056873345 47.519011545049054 -17.71043431806531 0.0; -60.7045669716052 87.83810124457239 -47.01836319278994 0.0; -26.589225413486297 51.631154191045496 -22.543830390669235 0.0; -54.12970509390772 10.429515531446157 -26.54654259183657 0.0; -71.6898797801772 17.817571138132635 -52.81969888975715 0.0; -43.80233342720159 47.990697177776774 -31.140166319308648 0.0; -48.79939898415923 44.051333890185546 -34.27366610981446 0.0; -52.86356271021976 38.978100222950644 -37.49996916342947 0.0; -43.92540601505653 57.138367247844954 0.9119008149985675 0.0; -57.212433747967495 26.54017949353638 -44.12654182792579 0.0; -57.2124337479675 19.859820506463628 -47.4734581720742 0.0; -63.625406015056534 -24.42836724784494 -27.90190081499854 0.0; -52.86356271021977 7.4218997770493615 -54.100030836570525 0.0; -48.79939898415924 2.3486661098144666 -57.32633389018553 0.0; -79.1973334272016 26.11430282222324 -61.05483368069134 0.0; -7.289879780177202 -41.70757113813262 -42.07030111024284 0.0; -32.33470509390773 -5.424515531446151 -66.34845740816341 0.0; -26.589225413486304 -5.231154191045498 -69.05616960933075 0.0; -21.309566971605218 -3.7331012445723672 -71.57663680721004 0.0; -16.805766056873352 -1.1190115450490588 -73.88956568193468 0.0; -13.324990926350015 2.348666109814456 -75.97633389018553 0.0; -11.034350832624636 6.3532009132880916 -77.8201400013496 0.0; 5.695473827648556 -30.24805396809485 -64.80113877276021 0.0; -10.23003379998888 14.576870217690322 -80.72156067486219 0.0; -11.581462959437639 18.11041105162736 -81.75581470395532 0.0; -13.864514564374423 20.859783173310355 -82.50057365472888 0.0; -16.810185941230543 22.602986768966453 -82.94984116602241 0.0; -31.59499999999999 45.20500000000001 -71.89499999999998 0.0]
npts :	36
nout :	11
model :	(x,t) -> (x[1]-t[1])^2 + (x[2]-t[2])^2 +(x[3]-t[3])^2 - t[4]^2
dim :	4
cluster :	false
noise :	false
solution :	[-20.1, 23.2, -45.8, 37.3]
description :	[[-20.1, 23.2, -45.8, 37.3], [-20.1, 23.2, -45.8, 37.3]]
