name :	sphere3D
data :	[30.3 -41.8 16.1 0.0; 32.19151891274247 -41.39794524357364 15.998655064313054 0.0; 33.8138304436411 -40.23554189118056 15.695730613575405 0.0; 34.925 -38.439740807975205 15.194545551460338 0.0; 35.33495882727902 -36.208111714774205 14.500590966388115 0.0; 14.549999999999997 -13.064265014993943 -4.5535300299878845 0.0; 33.660259192024796 -31.458185604063473 12.566814395936527 0.0; 31.593949089148825 -29.488896780628725 11.348179271331793 0.0; 28.862923948039484 -28.127134693212298 9.978916217638877 0.0; 25.675 -27.565713640564447 8.474027167410753 0.0; 22.289265014993944 -27.924999999999997 6.850000000000001 0.0; 18.991297318837677 -29.240413275818675 5.124627896902304 0.0; 7.390713640564453 -24.233185604063465 15.541814395936527 0.0; 13.768727495244036 -34.43980327623034 1.44636628012855 0.0; 12.303399692113302 -37.97470451680594 -0.4662234295484109 0.0; 11.8 -41.8 -2.3999999999999986 0.0; 0.028399692113298514 -52.40029548319405 14.091223429548414 0.0; 20.393727495244036 -31.235196723769644 10.078633719871451 0.0; 16.065713640564454 -52.14181439593652 -8.116814395936526 0.0; 18.991297318837674 -54.35958672418132 -9.924627896902301 0.0; 30.214265014993938 -61.55 4.575000000000005 0.0; 25.674999999999997 -56.03428635943554 -13.274027167410752 0.0; 11.087923948039482 -76.1478653067877 -22.853916217638876 0.0; 26.718949089148822 -63.48610321937127 -22.92317927133179 0.0; 33.660259192024796 -52.14181439593653 -17.366814395936526 0.0; 15.749999999999996 -57.68573498500605 -33.19646997001212 0.0; 35.33495882727902 -47.3918882852258 -19.300590966388114 0.0; 34.925000000000004 -45.160259192024796 -19.994545551460337 0.0; 33.8138304436411 -43.364458108819434 -20.495730613575404 0.0; 32.191518912742474 -42.20205475642636 -20.798655064313053 0.0; 17.825000000000003 -59.875 -16.174999999999997 0.0]
npts :	31
nout :	9
model :	(x,t) -> (x[1]-t[1])^2 + (x[2]-t[2])^2 +(x[3]-t[3])^2 - t[4]^2
dim :	4
cluster :	false
noise :	false
solution :	[30.3, -41.8, -2.4, 18.5]
description :	[[30.3, -41.8, -2.4, 18.5], [30.3, -41.8, -2.4, 18.5]]
