name :	cubic
data :	[-5.0 625.2; -4.696969696969697 567.6977718062473; -4.393939393939394 423.6596933522552; -4.090909090909091 377.75609635953913; -3.787878787878788 269.76276261234943; -3.484848484848485 208.7187967832596; -3.1818181818181817 157.23155522163785; -2.878787878787879 114.5163313576537; -2.5757575757575757 79.78841862147647; -2.272727272727273 52.26311044327575; -1.9696969696969697 31.15570025322091; -1.6666666666666667 15.681481481481487; -1.3636363636363635 5.055747558226893; -1.0606060606060606 -1.506208086373375; -0.7575757575757576 -4.789092022149874; -0.45454545454545453 210.61080303899664; -0.15151515151515152 -4.656471046553691; 0.15151515151515152 122.64042228212836; 0.45454545454545453 -0.8240420736288501; 0.7575757575757576 0.5178339872554751; 1.0606060606060606 0.430542337980353; 1.3636363636363635 -1.8706235912847466; 1.6666666666666667 -7.170370370370375; 1.9696969696969697 167.250439168728; 2.272727272727273 -29.904432757325335; 2.5757575757575757 -356.2956353283148; 2.878787878787879 -74.0492973815288; 3.1818181818181817 -106.11254695717504; 3.484848484848485 -145.88261680162512; 3.787878787878788 -194.14421348470938; 4.090909090909091 -251.68204357625848; 4.393939393939394 -319.28081364610284; 4.696969696969697 -397.72523026407333; 5.0 -292.74146916330585]
npts :	34
nout :	7
model :	(x,t) -> t[1]*x[1]^3 + t[2]*x[1]^2 + t[3]*x[1] + t[4] 
dim :	4
cluster :	false
noise :	true
solution :	[-4.7, 2.9, 6.2, -3.8]
description :	type: cubic model with noise and outliers
