name :	cubic
data :	[-5.0 120.8; -4.545454545454546 82.29098422238923; -4.090909090909091 -32.75237062135483; -3.6363636363636362 30.370623591284737; -3.1818181818181817 14.818031555221635; -2.727272727272727 4.776333583771595; -2.272727272727273 -0.8250939143501095; -1.8181818181818181 18.39611350684024; -1.3636363636363635 -2.9896318557475583; -0.9090909090909091 -1.693989481592787; -0.45454545454545453 -0.24057099924868514; 0.0 0.3; 0.45454545454545453 -1.1429000751314797; 0.9090909090909091 -5.639894815927872; 1.3636363636363635 -146.92541858133785; 1.8181818181818181 12.038709945309112; 2.272727272727273 -48.161682945154034; 2.727272727272727 -75.58129226145755; 3.1818181818181817 -111.40811419984972; 3.6363636363636362 -243.77686265889866; 4.090909090909091 -212.5658903080391; 4.545454545454546 -280.03809166040577; 5.0 -360.2]
npts :	23
nout :	5
model :	(x,t) -> t[1]*x[1]^3 + t[2]*x[1]^2 + t[3]*x[1] + t[4] 
dim :	4
cluster :	false
noise :	true
solution :	[-1.9, -4.8, -0.6, 0.3]
description :	type: cubic model with noise and outliers
