name :	cubic
data :	[-5.0 1007.5867825708044; -4.72972972972973 870.8033186583223; -4.45945945945946 746.4444455412316; -4.1891891891891895 634.7363532268573; -3.918918918918919 534.9920142933291; -3.6486486486486487 446.52440131877677; -3.3783783783783785 368.6464868813299; -3.108108108108108 300.67124355911784; -2.8378378378378377 -169.76807753776666; -2.5675675675675675 191.68066057291767; -2.2972972972972974 149.29126606518864; -2.027027027027027 114.05643298521314; -1.7567567567567568 85.28913391112077; -1.4864864864864864 62.30234142104119; -1.2162162162162162 44.409028093104055; -0.9459459459459459 30.922166505438966; -0.6756756756756757 21.154729236175548; -0.40540540540540543 -206.8782079905556; -0.13513513513513514 26.669304405411914; 0.13513513513513514 7.298689120091604; 0.40540540540540543 273.230835337072; 0.6756756756756757 4.062947900420509; 0.9459459459459459 2.1844806822893004; 1.2162162162162162 -0.7837541705328412; 1.4864864864864864 161.00808753645202; 1.7567567567567568 -12.73763646773143; 2.027027027027027 -23.097338755848632; 2.2972972972972974 -37.29491836613824; 2.5675675675675675 -56.01740272047064; 2.8378378378378377 -79.95181924071625; 3.108108108108108 -109.78519534874535; 3.3783783783783785 -62.678100572492255; 3.6486486486486487 -189.89693601563582; 3.918918918918919 -241.5493554182378; 4.1891891891891895 -301.8488440961049; 4.45945945945946 -371.48242947110737; 4.72972972972973 -451.1371389651156; 5.0 -112.2127318343052]
npts :	38
nout :	8
model :	(x,t) -> t[1]*x[1]^3 + t[2]*x[1]^2 + t[3]*x[1] + t[4] 
dim :	4
cluster :	false
noise :	true
solution :	[-5.8, 9.0, -10.0, 8.5]
description :	type: cubic model with noise and outliers
