name :	cubic
data :	[-5.0 89.7323291794557; -4.811320754716981 87.65954596105014; -4.622641509433962 81.56767532929868; -4.433962264150943 75.46123175507297; -4.245283018867925 69.56126735493059; -4.056603773584905 63.867782128871475; -3.8679245283018866 58.38077607689569; -3.6792452830188678 53.100249199003194; -3.490566037735849 -235.26188433558292; -3.30188679245283 43.158632965468136; -3.1132075471698113 38.49754360982556; -2.9245283018867925 34.04293342826628; -2.7358490566037736 29.79480242079031; -2.547169811320755 25.75315058739765; -2.358490566037736 21.91797792808829; -2.169811320754717 18.289284442862233; -1.9811320754716981 14.867070131719474; -1.7924528301886793 11.65133499466002; -1.6037735849056605 8.642079031683876; -1.4150943396226414 5.839302242791026; -1.2264150943396226 3.2430046279814864; -1.0377358490566038 0.8531861872552522; -0.8490566037735849 -1.3301530793876815; -0.660377358490566 -3.307013171947312; -0.4716981132075472 290.24217456305627; -0.2830188679245283 160.93975524051555; -0.09433962264150944 -7.998718405126379; 0.09433962264150944 -139.04712147376398; 0.2830188679245283 -10.094126023495905; 0.4716981132075472 -10.832111071555714; 0.660377358490566 -11.363616945532218; 0.8490566037735849 -11.688643645425417; 1.0377358490566038 50.239818282799774; 1.2264150943396226 -11.719259522961906; 1.4150943396226414 -11.424848700605198; 1.6037735849056605 -10.923958704165184; 1.7924528301886793 -10.216589533641864; 1.9811320754716981 -9.302741189035242; 2.169811320754717 -8.182413670345316; 2.358490566037736 -91.21620699060759; 2.547169811320755 -156.96588100777225; 2.7358490566037736 -3.5825560697757215; 2.9245283018867925 -1.6363118547525826; 3.1132075471698113 -6.259504010727755; 3.30188679245283 2.8756140975436093; 3.490566037735849 5.441295834816662; 3.6792452830188678 8.213456746173014; 3.8679245283018866 -124.47080422965146; 4.056603773584905 14.377216091135631; 4.245283018867925 17.768814524741906; 4.433962264150943 21.366892132431467; 4.622641509433962 25.17144891420434; 4.811320754716981 29.182484870060513; 5.0 33.4]
npts :	54
nout :	11
model :	(x,t) -> t[1]*x[1]^3 + t[2]*x[1]^2 + t[3]*x[1] + t[4] 
dim :	4
cluster :	false
noise :	true
solution :	[0.0, 2.9, -6.1, -8.6]
description :	type: cubic model with noise and outliers
