name :	cubic
data :	[-5.0 970.2; -4.761904761904762 989.465020534627; -4.523809523809524 510.4728168028953; -4.285714285714286 583.2670553935858; -4.0476190476190474 481.62122880898386; -3.8095238095238093 392.33205917287535; -3.5714285714285716 314.61399416909626; -3.3333333333333335 247.6814814814815; -3.0952380952380953 190.7489687938668; -2.857142857142857 143.03090379008742; -2.619047619047619 445.3544528787365; -2.380952380952381 72.09590756937696; -2.142857142857143 47.307871720116594; -1.9047619047619047 -135.20395648424537; -1.6666666666666667 15.162962962962961; -1.4285714285714286 -18.181360098070563; -1.1904761904761905 69.22282292327208; -0.9523809523809523 -1.259777561818379; -0.7142857142857143 -1.3976676384839655; -0.47619047619047616 -0.17663319295972357; -0.23809523809523808 23.02779425343804; 0.0 3.2; 0.23809523809523808 3.78449411510636; 0.47619047619047616 2.5857034877443046; 0.7142857142857143 -1.1819241982507291; 0.9523809523809523 -8.303941259043299; 1.1904761904761905 -259.4351250612358; 1.4285714285714286 -273.31482101798053; 1.6666666666666667 -57.65185185185186; 1.9047619047619047 -86.04694957348018; 2.142857142857143 -121.72419825072882; 2.380952380952381 -165.46915019976245; 2.619047619047619 -218.06735773674546; 2.857142857142857 -280.3043731778426; 3.0952380952380953 -352.96574883921835; 3.3333333333333335 -436.8370370370371; 3.5714285714285716 -532.7037900874636; 3.8095238095238093 -641.3515603066621; 4.0476190476190474 -763.5659000107978; 4.285714285714286 -900.1323615160346; 4.523809523809524 -1051.8364971385379; 4.761904761904762 -1219.4638591944715; 5.0 -1403.8]
npts :	43
nout :	9
model :	(x,t) -> t[1]*x[1]^3 + t[2]*x[1]^2 + t[3]*x[1] + t[4] 
dim :	4
cluster :	false
noise :	true
solution :	[-9.7, -8.8, 5.1, 3.2]
description :	type: cubic model with noise and outliers
