name :	cubic
data :	[-5.0 778.6; -4.875 725.2513671875001; -4.75 674.3671875000001; -4.625 625.8900390625001; -4.5 401.1006174253629; -4.375 535.9271484375; -4.25 409.89184428245085; -4.125 454.90332031250006; -4.0 417.6; -3.875 382.3591796875001; -3.75 349.1234375; -3.625 317.8353515625; -3.5 288.43750000000006; -3.375 260.8724609375; -3.25 235.0828125; -3.125 -234.23110934178257; -3.0 188.60000000000002; -2.875 167.79199218750003; -2.75 148.5296875; -2.625 130.7556640625; -2.5 209.9684872972901; -2.375 99.44277343750002; -2.25 85.7890625; -2.125 73.39394531250001; -2.0 62.2; -1.875 52.1498046875; -1.75 43.1859375; -1.625 35.2509765625; -1.5 28.287499999999998; -1.375 -69.6132041422085; -1.25 -142.08425828865555; -1.125 12.651757812500001; -1.0 9.000000000000002; -0.875 6.0326171875; -0.75 3.6921874999999997; -0.625 1.9212890625; -0.5 67.89110018238297; -0.375 -0.1416015625000001; -0.25 -0.5484375; -0.125 -0.6154296875; 0.0 -0.4; 0.125 0.04042968749999998; 0.25 169.73187562737476; 0.375 1.3666015625; 0.5 34.43123250386429; 0.625 2.9037109375; 0.75 3.6078125; 0.875 4.1923828125; 1.0 4.6; 1.125 4.773242187499999; 1.25 4.6546875; 1.375 4.1869140625; 1.5 404.9010173124362; 1.625 1.9740234374999974; 1.75 0.11406250000000051; 1.875 -2.3248046875; 2.0 -5.400000000000002; 2.125 -9.168945312499998; 2.25 -215.52941279807152; 2.375 -19.017773437500004; 2.5 -25.2125; 2.625 -32.3306640625; 2.75 131.25777561823145; 2.875 -49.5669921875; 3.0 -59.80000000000001; 3.125 66.60575081879321; 3.25 -83.78281250000002; 3.375 -97.64746093750003; 3.5 -112.8375; 3.625 -201.06043339359726; 3.75 -250.53087894961914; 3.875 -166.93417968750003; 4.0 -188.00000000000003; 4.125 -210.67832031250006; 4.25 -235.0265625; 4.375 -494.8602634180261; 4.5 -288.96250000000003; 4.625 -318.66503906249994; 4.75 -350.26718750000003; 4.875 -97.33618244150432; 5.0 -419.4]
npts :	81
nout :	17
model :	(x,t) -> t[1]*x[1]^3 + t[2]*x[1]^2 + t[3]*x[1] + t[4] 
dim :	4
cluster :	false
noise :	true
solution :	[-4.9, 7.2, 2.7, -0.4]
description :	type: cubic model with noise and outliers
