name :	cubic
data :	[-5.0 -919.9; -4.666666666666667 -758.2222222222225; -4.333333333333333 -528.8022246993146; -4.0 -500.5309967764601; -3.6666666666666665 -386.9222222222222; -3.3333333333333335 -296.8444444444445; -3.0 -221.50000000000003; -2.6666666666666665 -159.62222222222223; -2.3333333333333335 -109.94444444444449; -2.0 -71.20000000000002; -1.6666666666666667 -42.122222222222234; -1.3333333333333333 -21.444444444444443; -1.0 -7.9; -0.6666666666666666 -15.110748222330997; -0.3333333333333333 2.8555555555555556; 0.0 2.6; 0.3333333333333333 -216.97357163219337; 0.6666666666666666 -2.8444444444444446; 1.0 -5.500000000000002; 1.3333333333333333 242.44512662405586; 1.6666666666666667 -4.344444444444443; 2.0 -339.67168513539934; 2.3333333333333335 13.877777777777792; 2.6666666666666665 32.55555555555555; 3.0 59.300000000000004; 3.3333333333333335 95.37777777777781; 3.6666666666666665 142.05555555555554; 4.0 200.6; 4.333333333333333 206.01977151723776; 4.666666666666667 358.3555555555557; 5.0 460.1]
npts :	31
nout :	7
model :	(x,t) -> t[1]*x[1]^3 + t[2]*x[1]^2 + t[3]*x[1] + t[4] 
dim :	4
cluster :	false
noise :	true
solution :	[5.7, -9.3, -4.5, 2.6]
description :	type: cubic model with noise and outliers
