name :	cubic
data :	[-5.0 484.3; -4.8076923076923075 440.44400318616294; -4.615384615384615 399.2478834774692; -4.423076923076923 360.6348315885299; -4.230769230769231 324.5280382339554; -4.038461538461538 503.53394877466803; -3.8461538461538463 159.00322818582097; -3.6538461538461537 59.41242547154852; -3.4615384615384617 203.62726445152484; -3.269230769230769 178.89962448793807; -3.076923076923077 156.21738734638146; -2.8846153846153846 135.50374374146563; -2.6923076923076925 116.68188438780156; -2.5 99.675; -2.3076923076923075 -102.0164256129275; -2.1153846153846154 70.79891898042786; -1.9230769230769231 58.77610377787893; -1.7307692307692308 48.26102639963587; -1.5384615384615385 -51.48970900965313; -1.3461538461538463 31.446847974510696; -1.1538461538461537 24.99412835685025; -0.9615384615384616 19.74190942193901; -0.7692307692307693 -149.7594411395214; -0.5769230769230769 12.531736458807465; -0.38461538461538464 10.42016385980883; -0.19230769230769232 -180.19370920310473; 0.0 8.8; 0.19230769230769232 9.13779016841147; 0.38461538461538464 10.138416021847975; 0.5769230769230769 11.725068274920346; 0.7692307692307693 175.90200385790678; 0.9615384615384616 16.349214838416025; 1.1538461538461537 -184.78214915710873; 1.3461538461538463 22.395755575785163; 1.5384615384615385 25.760400546199364; 1.7307692307692308 29.25021620391443; 1.9230769230769231 -41.23915023693168; 2.1153846153846154 36.29812243969049; 2.3076923076923075 39.70259444697314; 2.5 42.925; 2.6923076923076925 45.88852981338189; 2.8846153846153846 48.51637460172964; 3.076923076923077 50.73172507965407; 3.269230769230769 52.45777196176604; 3.4615384615384617 53.61770596267638; 3.6538461538461537 54.1347177969959; 3.8461538461538463 53.93199817933545; 4.038461538461538 -21.671423720032024; 4.230769230769231 51.06012744651795; 4.423076923076923 48.2373577605826; 4.615384615384615 44.387619481110605; 4.8076923076923075 39.43410332271277; 5.0 33.3]
npts :	53
nout :	11
model :	(x,t) -> t[1]*x[1]^3 + t[2]*x[1]^2 + t[3]*x[1] + t[4] 
dim :	4
cluster :	false
noise :	true
solution :	[-1.8, 10.0, -0.1, 8.8]
description :	type: cubic model with noise and outliers
