name :	cubic
data :	[-5.0 1106.0; -4.8076923076923075 927.0179537663812; -4.615384615384615 876.5987710514337; -4.423076923076923 774.9698167956305; -4.230769230769231 681.5830678197542; -4.038461538461538 596.0843479745107; -3.8461538461538463 555.2941024720902; -3.6538461538461537 368.07517486897314; -3.4615384615384617 383.3746017296314; -3.269230769230769 325.88623691397356; -3.076923076923077 274.5150204824762; -2.8846153846153846 228.90677628584433; -2.6923076923076925 188.70732817478384; -2.5 163.6919926378188; -2.3076923076923075 123.11811561219844; -2.1153846153846154 97.01999886208468; -1.9230769230769231 74.91397360036413; -1.7307692307692308 56.44586367774238; -1.5384615384615385 41.2614929449249; -1.3461538461538463 -241.32260994097913; -1.1538461538461537 19.327264451524805; -0.9615384615384616 11.86905439235321; -0.7692307692307693 6.277878925807922; -0.5769230769230769 2.1995619025944464; -0.38461538461538464 -0.7200728265817022; -0.19230769230769232 -2.8352014110150208; 0.0 -4.5; 0.19230769230769232 -6.068644742831133; 0.38461538461538464 -7.895311788802913; 0.5769230769230769 -10.334177287209831; 0.7692307692307693 324.4948062110423; 0.9615384615384616 -18.465208238507056; 1.1538461538461537 -448.58663838326964; 1.3461538461538463 -334.024263570858; 1.5384615384615385 99.2463838503398; 1.7307692307692308 -57.65740213928085; 1.9230769230769231 -74.29858898497952; 2.1153846153846154 -94.38538347746929; 2.3076923076923075 -532.9552678990862; 2.5 -146.3125; 2.6923076923076925 -178.86117432862997; 2.8846153846153846 -216.27216090122897; 3.076923076923077 -258.89963586709155; 3.269230769230769 -307.097775375512; 3.4615384615384617 -361.22075557578523; 3.6538461538461537 -421.62275261720526; 3.8461538461538463 -488.6579426490669; 4.038461538461538 -487.4397286552063; 4.230769230769231 -644.0446062812928; 4.423076923076923 -733.104432180246; 4.615384615384615 -830.2141556668182; 4.8076923076923075 -935.727952890305; 5.0 -1050.0]
npts :	53
nout :	11
model :	(x,t) -> t[1]*x[1]^3 + t[2]*x[1]^2 + t[3]*x[1] + t[4] 
dim :	4
cluster :	false
noise :	true
solution :	[-8.3, 1.3, -8.1, -4.5]
description :	type: cubic model with noise and outliers
