name :	cubic
data :	[-5.0 958.9; -4.565217391304348 527.2711854871336; -4.130434782608695 533.7578943042654; -3.6956521739130435 218.98597418018835; -3.260869565217391 257.2867839237281; -2.8260869565217392 164.6935399030164; -2.391304347826087 97.13687022273362; -1.9565217391304348 50.57305005342319; -1.5217391304347827 20.95835456562834; -1.0869565217391304 4.24905892989233; -0.6521739130434783 -3.598561683241555; -0.21739130434782608 -6.628232103230048; 0.21739130434782608 -8.883677159529876; 0.6521739130434783 -14.408621681597763; 1.0869565217391304 -27.24679049889044; 1.5217391304347827 -51.441908440864644; 1.9565217391304348 89.06330005256902; 2.391304347826087 -150.07789101668445; 2.8260869565217392 -232.6062053094436; 3.260869565217391 -342.66636804471113; 3.6956521739130435 -278.03401161793175; 4.130434782608695 -881.1381993731314; 4.565217391304348 -878.4751952001313; 5.0 -1139.1]
npts :	24
nout :	5
model :	(x,t) -> t[1]*x[1]^3 + t[2]*x[1]^2 + t[3]*x[1] + t[4] 
dim :	4
cluster :	false
noise :	true
solution :	[-8.2, -3.3, -4.8, -7.6]
description :	type: cubic model with noise and outliers
