name :	cubic
data :	[-5.0 506.3; -4.777777777777778 436.2349794238683; -4.555555555555555 546.0885384452858; -4.333333333333333 315.4333333333332; -4.111111111111111 264.0646090534978; -3.888888888888889 218.29588477366255; -3.6666666666666665 177.81111111111107; -3.4444444444444446 142.29423868312762; -3.2222222222222223 111.42921810699589; -3.0 84.89999999999999; -2.7777777777777777 62.39053497942385; -2.5555555555555554 322.5709181491922; -2.3333333333333335 28.166666666666682; -2.111111111111111 15.820164609053503; -1.8888888888888888 6.229218106995884; -1.6666666666666667 -0.9222222222222207; -1.4444444444444444 -5.950205761316871; -1.2222222222222223 -9.170781893004113; -1.0 -10.899999999999999; -0.7777777777777778 -11.453909465020576; -0.5555555555555556 -11.148559670781893; -0.3333333333333333 -174.9614165058422; -0.1111111111111111 76.165430056159; 0.1111111111111111 -8.237448559670781; 0.3333333333333333 -7.655555555555555; 0.5555555555555556 -7.794650205761316; 0.7777777777777778 -8.970781893004116; 1.0 -11.5; 1.2222222222222223 -15.698353909465022; 1.4444444444444444 -21.881893004115224; 1.6666666666666667 -222.91618738589935; 1.8888888888888888 19.674314195132176; 2.111111111111111 35.1215951823241; 2.3333333333333335 -72.7888888888889; 2.5555555555555554 -93.63909465020573; 2.7777777777777777 160.93593927540695; 3.0 -147.29999999999998; 3.2222222222222223 -180.74279835390945; 3.4444444444444446 -225.65498785584; 3.6666666666666665 -262.4333333333333; 3.888888888888889 -468.0702913238639; 4.111111111111111 -365.9707818930039; 4.333333333333333 -426.7222222222221; 4.555555555555555 -493.8835390946502; 4.777777777777778 -567.7707818930041; 5.0 -648.7]
npts :	46
nout :	10
model :	(x,t) -> t[1]*x[1]^3 + t[2]*x[1]^2 + t[3]*x[1] + t[4] 
dim :	4
cluster :	false
noise :	true
solution :	[-4.8, -2.5, 4.5, -8.7]
description :	type: cubic model with noise and outliers
