name :	cubic
data :	[-5.0 -164.84280572865987; -4.824561403508772 -667.5831540641107; -4.649122807017544 -485.4126975641628; -4.473684210526316 -703.5233659171012; -4.298245614035087 -370.476495871874; -4.12280701754386 -374.402823786772; -3.9473684210526314 -274.43258492491617; -3.7719298245614037 -232.976860356493; -3.5964912280701755 -202.97118201847732; -3.4210526315789473 -162.16111678087182; -3.245614035087719 -132.38639527411945; -3.0701754385964914 -106.09063895503614; -2.8947368421052633 -83.06649657384462; -2.719298245614035 -63.10661688076767; -2.543859649122807 -46.00364862602798; -2.3684210526315788 -31.55024055984837; -2.192982456140351 -19.53904143245156; -2.017543859649123 -9.76269999406025; -1.8421052631578947 -2.013864994897217; -1.6666666666666667 3.914814814814811; -1.4912280701754386 -361.69067629607076; -1.3157894736842106 11.141113864994896; -1.1403508771929824 12.853435605017468; -0.9649122807017544 13.57500715469807; -0.7894736842105263 13.513179763813966; -0.6140350877192983 -20.801273961416314; -0.43859649122807015 11.868733159460671; -0.2631578947368421 10.700816445545998; -0.08771929824561403 9.578905790175654; 0.08771929824561403 349.7058076062298; 0.2631578947368421 8.302507654176994; 0.43859649122807015 8.562722673103195; 0.6140350877192983 9.698348749682763; 0.7894736842105263 142.62404642584002; 0.9649122807017544 15.425239074911037; 1.1403508771929824 20.431205823114265; 1.3157894736842106 27.1419886280799; 1.4912280701754386 35.76493873958519; 1.6666666666666667 46.50740740740741; 1.8421052631578947 59.5767458813238; 2.017543859649123 75.18030541111165; 2.192982456140351 512.7017918252698; 2.3684210526315788 114.81949263741069; 2.543859649122807 139.2698228334764; 2.719298245614035 167.08377908452266; 2.8947368421052633 138.6462136703885; 3.0701754385964914 233.63197475066556; 3.245614035087719 272.7809166653168; 3.4210526315789473 316.1228896340574; 3.5964912280701755 363.8652449066649; 3.7719298245614037 416.2153337329166; 3.9473684210526314 473.3805073625893; 4.12280701754386 678.7155257605295; 4.298245614035087 602.9855140313076; 4.473684210526316 675.8400495699082; 4.649122807017544 754.3390749110389; 4.824561403508772 838.6899413044772; 5.0 929.1]
npts :	58
nout :	12
model :	(x,t) -> t[1]*x[1]^3 + t[2]*x[1]^2 + t[3]*x[1] + t[4] 
dim :	4
cluster :	false
noise :	true
solution :	[6.4, 5.8, -5.0, 9.1]
description :	type: cubic model with noise and outliers
