name :	cubic
data :	[-5.0 416.0; -4.583333333333333 334.8006365740741; -4.166666666666667 264.46064814814815; -3.75 204.2421875; -3.3333333333333335 153.40740740740742; -2.9166666666666665 111.21846064814812; -2.5 76.9375; -2.0833333333333335 49.82667824074075; -1.6666666666666667 -236.36833545959985; -1.25 14.1640625; -0.8333333333333334 -75.31114782157135; -0.4166666666666667 -1.6721643518518516; 0.0 -4.0; 0.4166666666666667 -64.4442348278513; 0.8333333333333334 -1.164351851851852; 1.25 2.5234375; 1.6666666666666667 6.7407407407407405; 2.0833333333333335 10.749710648148149; 2.5 155.70822818263494; 2.9166666666666665 15.191261574074073; 3.3333333333333335 14.148148148148142; 3.75 9.9453125; 4.166666666666667 1.8449074074074137; 4.583333333333333 -10.890914351851828; 5.0 6.8198085761396285]
npts :	25
nout :	5
model :	(x,t) -> t[1]*x[1]^3 + t[2]*x[1]^2 + t[3]*x[1] + t[4] 
dim :	4
cluster :	false
noise :	true
solution :	[-1.7, 7.9, -2.0, -4.0]
description :	type: cubic model with noise and outliers
