name :	cubic
data :	[-5.0 -1175.3; -4.787234042553192 -1038.0560752434433; -4.574468085106383 -911.7297698968437; -4.361702127659575 -795.8760958554464; -4.148936170212766 -690.0500650144958; -3.9361702127659575 -593.806689269237; -3.723404255319149 -672.5704025210246; -3.5106382978723403 -428.28795064677377; -3.297872340425532 -358.12261156005906; -3.0851063829787235 -295.75997515001495; -2.872340425531915 -240.75505331188663; -2.6595744680851063 -192.6628579409187; -2.4468085106382977 -431.92611140875215; -2.234042553191489 -115.4366941814434; -2.021276595744681 -85.41274958342565; -1.8085106382978724 -198.07096022320212; -1.5957446808510638 -210.52112974810257; -1.3829787234042554 123.0421098468934; -1.1702127659574468 -12.194830625198659; -0.9574468085106383 -3.384875220326907; -0.7446808510638298 2.5172466601812706; -0.5319148936170213 5.956523121081071; -0.3191489361702128 7.3779422671277075; -0.10638297872340426 7.22649220307639; 0.10638297872340426 5.947161033682325; 0.3191489361702128 3.9849368637007214; 0.5319148936170213 73.40793975022589; 0.7446808510638298 -7.280851511623129; 0.9574468085106383 -1.5492126022172341; 1.1702127659574468 -1.7931277269969064; 1.3829787234042554 -0.49499532858807793; 1.5957446808510638 -248.576578231034; 1.8085106382978724 8.507364456815932; 2.021276595744681 17.10156805332153; 2.234042553191489 29.017771592036436; 2.4468085106382977 44.700963177715934; 2.6595744680851063 64.59613091511515; 2.872340425531915 89.14826290898935; 3.0851063829787235 118.8023472640937; 3.297872340425532 154.00337208518343; 3.5106382978723403 2.0895801285101356; 3.723404255319149 242.82619554433987; 3.9361702127659575 297.33797039191705; 4.148936170212766 282.6793469249063; 4.361702127659575 428.7871868468452; 4.574468085106383 506.6146046637065; 4.787234042553192 593.1038796798399; 5.0 688.7]
npts :	48
nout :	10
model :	(x,t) -> t[1]*x[1]^3 + t[2]*x[1]^2 + t[3]*x[1] + t[4] 
dim :	4
cluster :	false
noise :	true
solution :	[7.7, -10.0, -6.1, 6.7]
description :	type: cubic model with noise and outliers
