name :	cubic
data :	[-5.0 126.6; -4.7560975609756095 112.20090538442562; -4.512195121951219 80.37183509452584; -4.2682926829268295 86.22420742589341; -4.024390243902439 74.61178160502604; -3.7804878048780486 63.89342290448483; -3.5365853658536586 54.05172008531506; -3.292682926829268 45.06926190856197; -3.048780487804878 36.92863713527082; -2.8048780487804876 29.612434526486837; -2.5609756097560976 23.103242843255323; -2.317073170731707 17.383650846621492; -2.073170731707317 12.436247297630617; -1.829268292682927 8.243620957327956; -1.5853658536585367 4.788360586758753; -1.3414634146341464 2.053054946968268; -1.0975609756097562 310.3150831466225; -0.8536585365853658 -1.3273370960955302; -0.6097560975609756 -2.007245977278333; -0.36585365853658536 -2.0368450835014; -0.12195121951219512 -4.154128445041604; 0.12195121951219512 -0.2147589268873058; 0.36585365853658536 1.602103858040365; 0.6097560975609756 404.21986876679074; 0.8536585365853658 346.99038235124823; 1.0975609756097562 10.46703617184893; 1.3414634146341464 90.31548125813153; 1.5853658536585367 19.048165290695145; 1.829268292682927 151.44600526289858; 2.073170731707317 29.603728907009472; 2.317073170731707 35.578395554330314; 2.5609756097560976 41.99443710915396; 2.8048780487804876 48.83444233252564; 3.048780487804878 56.080999985490635; 3.292682926829268 63.71669882909416; 3.5365853658536586 71.72412762438152; 3.7804878048780486 80.08587513239794; 4.024390243902439 -216.86701231136695; 4.2682926829268295 11.585809081716874; 4.512195121951219 107.12291754327416; 4.7560975609756095 116.72782751265939; 5.0 126.59999999999998]
npts :	42
nout :	9
model :	(x,t) -> t[1]*x[1]^3 + t[2]*x[1]^2 + t[3]*x[1] + t[4] 
dim :	4
cluster :	false
noise :	true
solution :	[-0.2, 5.1, 5.0, -0.9]
description :	type: cubic model with noise and outliers
