name :	cubic
data :	[-5.0 324.53905899471033; -4.803921568627451 362.97668845315894; -4.607843137254902 328.5986287325387; -4.411764705882353 247.2258395278941; -4.215686274509804 266.57069075996407; -4.019607843137255 238.76702550301167; -3.823529411764706 213.00103806228373; -3.627450980392157 189.19583493528128; -3.4313725490196076 167.27452261950526; -3.235294117647059 423.88863845044324; -3.0392156862745097 117.52081495404406; -2.843137254901961 112.0449955145457; -2.6470588235294117 96.89031141868513; -2.450980392156863 83.23505062155584; -2.2549019607843137 71.00231962065872; -2.0588235294117645 60.11522491349481; -1.8627450980392157 50.49687299756504; -1.6666666666666667 42.07037037037038; -1.4705882352941178 34.75882352941177; -1.2745098039215685 239.21266596084666; -1.0784313725490196 23.17302319620659; -0.8823529411764706 250.38647813244935; -0.6862745098039216 15.124323977957197; -0.49019607843137253 12.234153530693323; -0.29411764705882354 9.997577854671281; -0.09803921568627451 8.337703447392029; 0.09803921568627451 7.17763680635653; 0.29411764705882354 6.440484429065744; 0.49019607843137253 6.049352813020633; 0.6862745098039216 5.927348455722159; 0.8823529411764706 5.997577854671279; 1.0784313725490196 -136.95425060245586; 1.2745098039215685 6.40716391131616; 1.4705882352941178 77.17138026984345; 1.6666666666666667 6.662962962962962; 1.8627450980392157 6.540958605664488; 2.0588235294117645 6.1498269896193785; 2.2549019607843137 5.412674612328591; 2.450980392156863 -153.30702213354357; 2.6470588235294117 21.399758533700243; 2.843137254901961 0.3561578879917997; 3.0392156862745097 -2.53401255927207; 3.235294117647059 -6.154671280276815; 3.4313725490196076 -10.582711777521467; 3.627450980392157 -15.895027553505045; 3.823529411764706 -22.168512110726656; 4.019607843137255 -29.480058951685255; 4.215686274509804 -258.78021738752875; 4.411764705882353 -47.524913494809695; 4.607843137254902 -58.41200820197356; 4.803921568627451 -70.64473920287067; 5.0 -84.3]
npts :	52
nout :	11
model :	(x,t) -> t[1]*x[1]^3 + t[2]*x[1]^2 + t[3]*x[1] + t[4] 
dim :	4
cluster :	false
noise :	true
solution :	[-1.7, 6.0, -5.9, 7.7]
description :	type: cubic model with noise and outliers
