name :	cubic
data :	[-5.0 187.5; -4.655172413793103 145.02626183935377; -4.310344827586207 172.12664127305828; -3.9655172413793105 79.27268440690476; -3.6206896551724137 54.95959243921442; -3.2758620689655173 35.66679650662184; -2.9310344827586206 20.87767026118332; -2.586206896551724 -42.23645891883885; -2.2413793103448274 2.743921439993441; -1.896551724137931 -1.6339538316454139; -1.5517241379310345 -3.5746648079052026; -1.206896551724138 76.18669823270722; -0.8620689655172413 -2.2110992660625683; -0.5172413793103449 57.39080666196722; -0.1724137931034483 2.7016072819713806; 0.1724137931034483 5.197322563450736; 0.5172413793103449 7.0304440526466845; 0.8620689655172413 7.684345401615482; 1.206896551724138 -191.07133005133443; 1.5517241379310345 3.3879822870966407; 1.896551724137931 -2.5955348722784883; 2.2413793103448274 -11.824777563655744; 2.586206896551724 -24.816372134978877; 2.9310344827586206 -42.08694493419163; 3.2758620689655173 -64.15312230923777; 3.6206896551724137 -91.53153060806102; 3.9655172413793105 -124.73879617860513; 4.310344827586207 -164.2915453688139; 4.655172413793103 -621.4321200452526; 5.0 -264.5]
npts :	30
nout :	6
model :	(x,t) -> t[1]*x[1]^3 + t[2]*x[1]^2 + t[3]*x[1] + t[4] 
dim :	4
cluster :	false
noise :	true
solution :	[-2.1, -1.7, 7.3, 4.0]
description :	type: cubic model with noise and outliers
