name :	cubic
data :	[-5.0 -1135.0; -4.72972972972973 -957.3061615304129; -4.45945945945946 -799.3426450555744; -4.1891891891891895 -659.948611138531; -3.918918918918919 -537.9632203423292; -3.6486486486486487 -432.22563323001606; -3.3783783783783785 -341.57501036463793; -3.108108108108108 -264.85051230924125; -2.8378378378378377 -200.891299626873; -2.5675675675675675 -148.53653288057964; -2.2972972972972974 -52.7236081200553; -2.027027027027027 -73.99697944840386; -1.7567567567567568 -49.4905138886147; -1.4864864864864864 -31.945136517086844; -1.2162162162162162 -20.200007896866914; -0.9459459459459459 -13.094288591001519; -0.6756756756756757 -9.467139162537263; -0.40540540540540543 -132.37626853273426; -0.13513513513513514 -8.005192189998619; 0.13513513513513514 -7.848715772017452; 0.40540540540540543 -6.527451483623872; 0.6756756756756757 -2.8805598878644894; 0.9459459459459459 4.252798452214085; 1.2162162162162162 16.03346297356524; 1.4864864864864864 33.622273113142356; 1.7567567567567568 499.3479465977074; 2.027027027027027 90.8676879947881; 2.2972972972972974 132.84597161076343; 2.5675675675675675 444.44543764633534; 2.8378378378378377 -18.08786881127827; 3.108108108108108 326.13320040274016; 3.3783783783783785 438.94611465261664; 3.6486486486486487 522.726728920301; 3.918918918918919 644.8266242868143; 4.1891891891891895 784.3430596410875; 4.45945945945946 932.6761846796163; 4.72972972972973 1358.0102765375605; 5.0 1319.0]
npts :	38
nout :	8
model :	(x,t) -> t[1]*x[1]^3 + t[2]*x[1]^2 + t[3]*x[1] + t[4] 
dim :	4
cluster :	false
noise :	true
solution :	[9.8, 4.0, 0.4, -8.0]
description :	type: cubic model with noise and outliers
